url,information,date_time
https://www.metrocuadrado.com/inmueble/arriendo-apartamento-bogota-cabrera-2-habitaciones-3-banos-2-garajes/617-M7001055?src_url=%2Finmuebles%2Farriendo%2Fbogota,"{'title': 'Apartamento En Arriendo, Cabrera', 'location': 'Cabrera, Bogotá D.C.', 'price': '$ 12.500.000', 'area': None, 'estrato': None, 'main_specs': '2 hab. | 3 bañ. | 2 par.', 'characteristics': [{'Baño Auxiliar': 'true'}, {'Baño de Servicio': 'true'}, {'Con chimenea': 'true'}, {'Citófonos': 'true'}, {'Cocina Tipo Americano': 'true'}, {'Cocina integral': 'true'}, {'Estudio o biblioteca': 'true'}, {'Zona de lavanderia': 'true'}, {'Monoambiente': 'true'}, {'Número de piso 8': 'true'}, {'Puerta eléctrica': 'true'}, {'Shut de basura': 'true'}, {'Depósito 1': 'true'}, {'Walking closet': 'true'}, {'Ascensor': 'true'}, {'Circuito cerrado de TV': 'true'}, {'Con Terraza': 'true'}, {'Vigilancia': 'true'}, {'Vista panorámica': 'true'}, {'Recepción Lobby': 'true'}, {'Terraza Rooftop': 'true'}, {'Cerca Transporte Público': 'true'}, {'Cerca Transporte Público': 'true'}]}",2026-09-16 03:35:50.298063+00:00
https://www.metrocuadrado.com/inmueble/arriendo-oficina-bogota-quinta-camacho-1-banos-2-garajes/5268-M6611862?src_url=%2Finmuebles%2Farriendo%2Fbogota,"{'title': 'Oficina En Arriendo, LA PORCIUNCULA', 'location': 'LA PORCIUNCULA, Bogotá D.C.', 'price': '$ 2.750.000', 'area': None, 'estrato': None, 'main_specs': '1 bañ. | 2 par.', 'characteristics': [{'Citófonos': 'true'}, {'Puertas de seguridad': 'true'}, {'Número de piso 10': 'true'}, {'Tipo de oficina edificio': 'true'}, {'Vista exterior': 'true'}, {'Cerca a gimnasio': 'true'}, {'Ascensor': 'true'}, {'Acceso para discapacitados': 'true'}, {'Circuito cerrado de TV': 'true'}, {'Parqueadero cubierto': 'true'}, {'Vista panorámica': 'true'}, {'Número de Ascensores 2': 'true'}, {'Recepción Lobby': 'true'}, {'Vigilancia 24hrs': 'true'}, {'Cerca Centros Comerciales': 'true'}, {'Cerca Colegios / Universidades': 'true'}, {'Cerca Parques': 'true'}, {'Cerca Supermercados': 'true'}, {'Cerca Transporte Público': 'true'}, {'Sobre vía principal': 'true'}, {'Sobre vía secundaria': 'true'}, {'Ubicación zona centros negocios': 'true'}, {'Cerca Centros Comerciales': 'true'}, {'Cerca Colegios / Universidades': 'true'}, {'Cerca Parques': 'true'}, {'Cerca Supermercados': 'true'}, {'Cerca Transporte Público': 'true'}, {'Sobre vía principal': 'true'}, {'Sobre vía secundaria': 'true'}, {'Ubicación zona centros negocios': 'true'}]}",2026-09-16 03:35:55.060557+00:00
https://www.metrocuadrado.com/inmueble/arriendo-local-comercial-bogota-ciudad-salitre-nororiental/13436-M6647740?src_url=%2Finmuebles%2Farriendo%2Fbogota,"{'title': 'Local Comercial En Arriendo, SALITRE ORIENTAL', 'location': 'SALITRE ORIENTAL, Bogotá D.C.', 'price': '$ 10.500.000', 'area': None, 'estrato': None, 'main_specs': None, 'characteristics': [{'Depósito Bodega': 'true'}, {'Número local 217': 'true'}, {'Número de piso 2': 'true'}, {'Tipo local en centro comercial': 'true'}, {'Tipo de acabado piso porcelanato': 'true'}, {'Ventilación Natural': 'true'}, {'Vista interior': 'true'}, {'Cerca a hospitales': 'true'}, {'Ubicado en centro comercial': 'true'}, {'Acceso para discapacitados': 'true'}, {'Sistema contra incendio': 'true'}, {'Vigilancia 24hrs': 'true'}, {'Cerca Colegios / Universidades': 'true'}, {'Cerca Parques': 'true'}, {'Cerca Supermercados': 'true'}, {'Cerca Transporte Público': 'true'}, {'Sobre vía secundaria': 'true'}, {'Cerca Colegios / Universidades': 'true'}, {'Cerca Parques': 'true'}, {'Cerca Supermercados': 'true'}, {'Cerca Transporte Público': 'true'}, {'Sobre vía secundaria': 'true'}]}",2026-09-16 03:35:59.863481+00:00
https://www.metrocuadrado.com/inmueble/arriendo-apartamento-bogota-bosque-calderon-1-habitaciones-1-banos-1-garajes/MC7050045?src_url=%2Finmuebles%2Farriendo%2Fbogota,"{'title': 'Apartamento En Arriendo, CHAPINERO ALTO Zona Urbana', 'location': 'CHAPINERO ALTO Zona Urbana, Bogotá D.C.', 'price': '$ 2.300.000', 'area': None, 'estrato': None, 'main_specs': '1 hab. | 1 bañ. | 1 par.', 'characteristics': [{'Zona de lavanderia': 'true'}, {'Número de piso 5': 'true'}, {'Cerca a restaurantes': 'true'}, {'Características del Parqueadero cubierto': 'true'}, {'Parqueadero visitantes': 'true'}, {'Con Terraza': 'true'}, {'Vigilancia': 'true'}, {'Tipo de parqueadero propio': 'true'}, {'Cerca Supermercados': 'true'}, {'Cerca Transporte Público': 'true'}, {'Cerca Supermercados': 'true'}, {'Cerca Transporte Público': 'true'}]}",2026-09-16 03:36:04.713112+00:00
https://www.metrocuadrado.com/inmueble/arriendo-apartamento-bogota-la-portada-3-habitaciones-3-banos-2-garajes/MC7042104?src_url=%2Finmuebles%2Farriendo%2Fbogota,"{'title': 'Apartamento En Arriendo, CHAPINERO ALTO Zona Urbana', 'location': 'CHAPINERO ALTO Zona Urbana, Bogotá D.C.', 'price': '$ 7.500.000', 'area': None, 'estrato': None, 'main_specs': '3 hab. | 3 bañ. | 2 par.', 'characteristics': [{'Baño Auxiliar': 'true'}, {'Citófonos': 'true'}, {'Cocina integral': 'true'}, {'Zona de lavanderia': 'true'}, {'Extractor': 'true'}, {'Horno': 'true'}, {'Luz en la mañana': 'true'}, {'Luz en la tarde': 'true'}, {'Número de piso 16': 'true'}, {'Shut de basura': 'true'}, {'Walking closet': 'true'}, {'Cerca a gimnasio': 'true'}, {'Cerca a hospitales': 'true'}, {'Cerca a Jardines y Colegios': 'true'}, {'Cerca a restaurantes': 'true'}, {'Cerca a tiendas de barrio': 'true'}, {'Salón comunal': 'true'}, {'Zona para niños': 'true'}, {'Zonas verdes': 'true'}, {'Ascensor': 'true'}, {'Características del Parqueadero cubierto': 'true'}, {'Parqueadero visitantes': 'true'}, {'Vigilancia': 'true'}, {'Conjunto cerrado': 'true'}, {'Recepción Lobby': 'true'}, {'Roof garden': 'true'}, {'Terraza Rooftop': 'true'}, {'Tipo de parqueadero independiente': 'true'}, {'Cerca Centros Comerciales': 'true'}, {'Cerca Colegios / Universidades': 'true'}, {'Cerca Parques': 'true'}, {'Cerca Supermercados': 'true'}, {'Cerca Transporte Público': 'true'}, {'Área Urbana': 'true'}, {'Cerca Centros Comerciales': 'true'}, {'Cerca Colegios / Universidades': 'true'}, {'Cerca Parques': 'true'}, {'Cerca Supermercados': 'true'}, {'Cerca Transporte Público': 'true'}, {'Área Urbana': 'true'}]}",2026-09-16 03:36:10.578277+00:00
https://www.metrocuadrado.com/inmueble/arriendo-apartamento-bogota-los-rosales-2-habitaciones-2-banos-1-garajes/MC6947098?src_url=%2Finmuebles%2Farriendo%2Fbogota,"{'title': 'Apartamento En Arriendo, LOS ROSALES Zona Urbana', 'location': 'LOS ROSALES Zona Urbana, Bogotá D.C.', 'price': '$ 7.400.000', 'area': None, 'estrato': None, 'main_specs': '2 hab. | 2 bañ. | 1 par.', 'characteristics': [{'Baño Auxiliar': 'true'}, {'Citófonos': 'true'}, {'Cocina Tipo Americano': 'true'}, {'Cocina integral': 'true'}, {'Jacuzzi': 'true'}, {'Equipado / Amoblado': 'true'}, {'Piso en madera': 'true'}, {'Zona de lavanderia': 'true'}, {'Despensa': 'true'}, {'Extractor': 'true'}, {'Horno': 'true'}, {'Lavaplatos': 'true'}, {'Luz en la mañana': 'true'}, {'Luz en la tarde': 'true'}, {'Número de piso 21': 'true'}, {'Shut de basura': 'true'}, {'Ubicado en edificio': 'true'}, {'Ascensor': 'true'}, {'Bahias de parqueo': 'true'}, {'Características del Parqueadero cubierto': 'true'}, {'Parqueadero visitantes': 'true'}, {'Vigilancia': 'true'}, {'Conjunto cerrado': 'true'}, {'Recepción Lobby': 'true'}, {'Tipo de parqueadero propio': 'true'}, {'Cerca Centros Comerciales': 'true'}, {'Cerca Colegios / Universidades': 'true'}, {'Cerca Parques': 'true'}, {'Cerca Supermercados': 'true'}, {'Cerca Transporte Público': 'true'}, {'Ubicación zona centros negocios': 'true'}, {'Área Urbana': 'true'}, {'Cerca Centros Comerciales': 'true'}, {'Cerca Colegios / Universidades': 'true'}, {'Cerca Parques': 'true'}, {'Cerca Supermercados': 'true'}, {'Cerca Transporte Público': 'true'}, {'Ubicación zona centros negocios': 'true'}, {'Área Urbana': 'true'}]}",2026-09-16 03:36:15.929885+00:00
https://www.metrocuadrado.com/inmueble/arriendo-apartamento-bogota-los-rosales-2-habitaciones-2-banos-1-garajes/MC7048105?src_url=%2Finmuebles%2Farriendo%2Fbogota,"{'title': 'Apartamento En Arriendo, LOS ROSALES Zona Urbana', 'location': 'LOS ROSALES Zona Urbana, Bogotá D.C.', 'price': '$ 4.300.000', 'area': None, 'estrato': None, 'main_specs': '2 hab. | 2 bañ. | 1 par.', 'characteristics': [{'Citófonos': 'true'}, {'Cocina Tipo Americano': 'true'}, {'Cocina integral': 'true'}, {'Piso en madera': 'true'}, {'Zona de lavanderia': 'true'}, {'Despensa': 'true'}, {'Extractor': 'true'}, {'Horno': 'true'}, {'Luz en la mañana': 'true'}, {'Luz en la tarde': 'true'}, {'Número de piso 2': 'true'}, {'Shut de basura': 'true'}, {'Cerca a gimnasio': 'true'}, {'Cerca a hospitales': 'true'}, {'Cerca a Jardines y Colegios': 'true'}, {'Cerca a restaurantes': 'true'}, {'Cerca a tiendas de barrio': 'true'}, {'Zonas verdes': 'true'}, {'Ubicado en edificio': 'true'}, {'Ascensor': 'true'}, {'Características del Parqueadero exterior': 'true'}, {'Parqueadero visitantes': 'true'}, {'Vigilancia': 'true'}, {'Conjunto cerrado': 'true'}, {'Tipo de parqueadero propio': 'true'}, {'Cerca Centros Comerciales': 'true'}, {'Cerca Colegios / Universidades': 'true'}, {'Cerca Supermercados': 'true'}, {'Cerca Transporte Público': 'true'}, {'Área Urbana': 'true'}]}",2026-09-16 03:36:20.755388+00:00
https://www.metrocuadrado.com/inmueble/arriendo-apartamento-bogota-san-patricio-1-habitaciones-2-banos-2-garajes/17527-M7044817?src_url=%2Finmuebles%2Farriendo%2Fbogota,"{'title': 'Apartamento En Arriendo, SAN PATRICIO', 'location': 'SAN PATRICIO, Bogotá D.C.', 'price': '$ 4.600.000', 'area': None, 'estrato': None, 'main_specs': '1 hab. | 2 bañ. | 2 par.', 'characteristics': [{'Citófonos': 'true'}, {'Tipo de Cortinas persianas': 'true'}, {'Equipado / Amoblado': 'true'}, {'Zona de lavanderia': 'true'}, {'Extractor': 'true'}, {'Horno': 'true'}, {'Tipo instalación de gas natural': 'true'}, {'Luz en la mañana': 'true'}, {'Número de Closets 1': 'true'}, {'Número de piso 2': 'true'}, {'Se Permiten Mascotas': 'true'}, {'Shut de basura': 'true'}, {'Tipo de calentador gas': 'true'}, {'Tipo de Cocina abierta': 'true'}, {'Tipo comedor sala comedor': 'true'}, {'Depósito 1': 'true'}, {'Tipo de estufa gas': 'true'}, {'Tipo de acabado piso laminado': 'true'}, {'Tipo de piso en alcobas laminado': 'true'}, {'Tipo de piso en comedor laminado': 'true'}, {'Tipo de piso en estudio laminado': 'true'}, {'Tipo de piso en sala laminado': 'true'}, {'Vista exterior': 'true'}, {'Cerca a gimnasio': 'true'}, {'Cerca a Jardines y Colegios': 'true'}, {'Cerca a restaurantes': 'true'}, {'Salón comunal': 'true'}, {'Zona de BBQ': 'true'}, {'Área Terraza/Balcón 30': 'true'}, {'Ascensor': 'true'}, {'Acceso para discapacitados': 'true'}, {'Circuito cerrado de TV': 'true'}, {'Parqueadero cubierto': 'true'}, {'Número de Ascensores 1': 'true'}, {'Terraza/Balcón terraza': 'true'}, {'Tipo de parqueadero propio': 'true'}, {'Cerca Centros Comerciales': 'true'}, {'Cerca Colegios / Universidades': 'true'}, {'Cerca Parques': 'true'}, {'Cerca Supermercados': 'true'}, {'Cerca Transporte Público': 'true'}, {'Sobre vía secundaria': 'true'}, {'Cerca Centros Comerciales': 'true'}, {'Cerca Colegios / Universidades': 'true'}, {'Cerca Parques': 'true'}, {'Cerca Supermercados': 'true'}, {'Cerca Transporte Público': 'true'}, {'Sobre vía secundaria': 'true'}]}",2026-09-16 03:36:26.313474+00:00
https://www.metrocuadrado.com/inmueble/arriendo-apartamento-bogota-la-cabrera-3-habitaciones-4-banos-3-garajes/MC5765848?src_url=%2Finmuebles%2Farriendo%2Fbogota,"{'title': 'Apartamento En Arriendo, CABRERA RESERVADO Chicó', 'location': 'CABRERA RESERVADO Chicó, Bogotá D.C.', 'price': '$ 21.000.000', 'area': None, 'estrato': None, 'main_specs': '3 hab. | 4 bañ. | 3 par.', 'characteristics': [{'Baño Auxiliar': 'true'}, {'Baño de Servicio': 'true'}, {'Con chimenea': 'true'}, {'Citófonos': 'true'}, {'Cocina integral': 'true'}, {'Cuarto de servicio': 'true'}, {'Depósito o cuarto útil': 'true'}, {'Estudio o biblioteca': 'true'}, {'Equipado / Amoblado': 'true'}, {'Piso en madera': 'true'}, {'Zona de lavanderia': 'true'}, {'Control de ruido': 'true'}, {'Despensa': 'true'}, {'Extractor': 'true'}, {'Horno': 'true'}, {'Lavaplatos': 'true'}, {'Luz en la mañana': 'true'}, {'Número de piso 6': 'true'}, {'Shut de basura': 'true'}, {'Walking closet': 'true'}, {'Cerca a gimnasio': 'true'}, {'Cerca a hospitales': 'true'}, {'Cerca a Jardines y Colegios': 'true'}, {'Cerca a restaurantes': 'true'}, {'Cerca a tiendas de barrio': 'true'}, {'Salón comunal': 'true'}, {'Zona para niños': 'true'}, {'Zonas verdes': 'true'}, {'Ubicado en edificio': 'true'}, {'Ascensor': 'true'}, {'Características del Parqueadero cubierto': 'true'}, {'Cuarto de escoltas': 'true'}, {'Parqueadero visitantes': 'true'}, {'Vigilancia': 'true'}, {'Tipo de parqueadero propio': 'true'}, {'Cerca Centros Comerciales': 'true'}, {'Cerca Colegios / Universidades': 'true'}, {'Cerca Parques': 'true'}, {'Cerca Supermercados': 'true'}, {'Cerca Transporte Público': 'true'}, {'Área Urbana': 'true'}, {'Cerca Centros Comerciales': 'true'}, {'Cerca Colegios / Universidades': 'true'}, {'Cerca Parques': 'true'}, {'Cerca Supermercados': 'true'}, {'Cerca Transporte Público': 'true'}, {'Área Urbana': 'true'}]}",2026-09-16 03:36:32.267498+00:00
https://www.metrocuadrado.com/inmueble/arriendo-apartamento-bogota-iberia-3-habitaciones-2-banos-2-garajes/MC7038270?src_url=%2Finmuebles%2Farriendo%2Fbogota,"{'title': 'Apartamento En Arriendo, IBERIA Cerros De Suba', 'location': 'IBERIA Cerros De Suba, Bogotá D.C.', 'price': '$ 4.150.000', 'area': None, 'estrato': None, 'main_specs': '3 hab. | 2 bañ. | 2 par.', 'characteristics': [{'Con chimenea': 'true'}, {'Citófonos': 'true'}, {'Cocina integral': 'true'}, {'Depósito o cuarto útil': 'true'}, {'Piso en porcelanato': 'true'}, {'Extractor': 'true'}, {'Horno': 'true'}, {'Número de piso 3': 'true'}, {'Cerca a hospitales': 'true'}, {'Cerca a restaurantes': 'true'}, {'Salón comunal': 'true'}, {'Ubicado en edificio': 'true'}, {'Ascensor': 'true'}, {'Características del Parqueadero cubierto': 'true'}, {'Parqueadero visitantes': 'true'}, {'Vigilancia': 'true'}, {'Conjunto cerrado': 'true'}, {'Tipo de parqueadero propio': 'true'}, {'Cerca Centros Comerciales': 'true'}, {'Cerca Colegios / Universidades': 'true'}, {'Cerca Supermercados': 'true'}, {'Área Urbana': 'true'}, {'Cerca Centros Comerciales': 'true'}, {'Cerca Colegios / Universidades': 'true'}, {'Cerca Supermercados': 'true'}, {'Área Urbana': 'true'}]}",2026-09-16 03:36:37.562491+00:00
https://www.metrocuadrado.com/sistema-alarma-seguridad?cd_origin=result_result-grid_detail-card,"{'title': None, 'location': None, 'price': None, 'area': None, 'estrato': None, 'main_specs': None, 'characteristics': [{'key_0': 'true'}]}",2026-09-16 03:37:42.242414+00:00
https://www.metrocuadrado.com/inmueble/arriendo-apartamento-bogota-santa-barbara-central-2-habitaciones-3-banos-1-garajes/MC7029323?src_url=%2Finmuebles%2Farriendo%2Fbogota,"{'title': 'Apartamento En Arriendo, SANTA BARBARA CENTRAL Zona Urbana', 'location': 'SANTA BARBARA CENTRAL Zona Urbana, Bogotá D.C.', 'price': '$ 4.300.000', 'area': None, 'estrato': None, 'main_specs': '2 hab. | 3 bañ. | 1 par.', 'characteristics': [{'Baño Auxiliar': 'true'}, {'Baño de Servicio': 'true'}, {'Con chimenea': 'true'}, {'Cocina Tipo Americano': 'true'}, {'Cocina integral': 'true'}, {'Depósito o cuarto útil': 'true'}, {'Piso en madera': 'true'}, {'Extractor': 'true'}, {'Horno': 'true'}, {'Luz en la mañana': 'true'}, {'Luz en la tarde': 'true'}, {'Número de piso 3': 'true'}, {'Cerca a hospitales': 'true'}, {'Cerca a Jardines y Colegios': 'true'}, {'Cerca a restaurantes': 'true'}, {'Cerca a tiendas de barrio': 'true'}, {'Ubicado en edificio': 'true'}, {'Ascensor': 'true'}, {'Características del Parqueadero descubierto': 'true'}, {'Vigilancia': 'true'}, {'Tipo de parqueadero independiente': 'true'}, {'Cerca Centros Comerciales': 'true'}, {'Cerca Parques': 'true'}, {'Cerca Supermercados': 'true'}, {'Cerca Transporte Público': 'true'}, {'Cerca Centros Comerciales': 'true'}, {'Cerca Parques': 'true'}, {'Cerca Supermercados': 'true'}, {'Cerca Transporte Público': 'true'}]}",2026-09-16 03:37:47.620788+00:00
https://www.metrocuadrado.com/inmueble/arriendo-apartamento-bogota-cjr-arezzo-120-1-habitaciones-1-banos-1-garajes/MC6183071?src_url=%2Finmuebles%2Farriendo%2Fbogota,"{'title': 'Apartamento En Arriendo, SANTA BARBARA CENTRAL USAQUEN Santa Bárbara', 'location': 'SANTA BARBARA CENTRAL USAQUEN Santa Bárbara, Bogotá D.C.', 'price': '$ 2.500.000', 'area': None, 'estrato': None, 'main_specs': '1 hab. | 1 bañ. | 1 par.', 'characteristics': [{'Cocina Tipo Americano': 'true'}, {'Cocina integral': 'true'}, {'Estudio o biblioteca': 'true'}, {'Equipado / Amoblado': 'true'}, {'Piso en madera': 'true'}, {'Zona de lavanderia': 'true'}, {'Detección de humo': 'true'}, {'Extractor': 'true'}, {'Horno': 'true'}, {'Luz en la mañana': 'true'}, {'Número de piso 4': 'true'}, {'Puerta eléctrica': 'true'}, {'Shut de basura': 'true'}, {'Walking closet': 'true'}, {'Cerca a gimnasio': 'true'}, {'Cerca a hospitales': 'true'}, {'Cerca a restaurantes': 'true'}, {'Cerca a tiendas de barrio': 'true'}, {'Salón comunal': 'true'}, {'Zona para niños': 'true'}, {'Zonas verdes': 'true'}, {'Ubicado en edificio': 'true'}, {'Acceso con tarjetas o dispositivos': 'true'}, {'Ascensor': 'true'}, {'Características del Parqueadero cubierto': 'true'}, {'Parqueadero visitantes': 'true'}, {'Con Terraza': 'true'}, {'Vigilancia': 'true'}, {'Recepción Lobby': 'true'}, {'Roof garden': 'true'}, {'Terraza Rooftop': 'true'}, {'Tipo de parqueadero comunal': 'true'}, {'Cerca Centros Comerciales': 'true'}, {'Cerca Colegios / Universidades': 'true'}, {'Cerca Parques': 'true'}, {'Cerca Supermercados': 'true'}, {'Cerca Transporte Público': 'true'}, {'Área Urbana': 'true'}, {'Cerca Centros Comerciales': 'true'}, {'Cerca Colegios / Universidades': 'true'}, {'Cerca Parques': 'true'}, {'Cerca Supermercados': 'true'}, {'Cerca Transporte Público': 'true'}, {'Área Urbana': 'true'}]}",2026-09-16 03:37:53.548047+00:00
https://www.metrocuadrado.com/inmueble/arriendo-local-comercial-bogota-ciudad-salitre-nororiental/23796-M7041550?src_url=%2Finmuebles%2Farriendo%2Fbogota,"{'title': 'Local Comercial En Arriendo, SALITRE GRECO', 'location': 'SALITRE GRECO, Bogotá D.C.', 'price': '$ 12.000.000', 'area': None, 'estrato': None, 'main_specs': None, 'characteristics': [{'Número local 2': 'true'}, {'Número de piso 2': 'true'}, {'Tipo local en centro comercial': 'true'}, {'Vista exterior': 'true'}, {'Ubicado en centro comercial': 'true'}, {'Ascensor': 'true'}, {'Número de Ascensores 4': 'true'}, {'Vigilancia 24hrs': 'true'}, {'Cerca Centros Comerciales': 'true'}, {'Cerca Parques': 'true'}, {'Cerca Supermercados': 'true'}, {'Cerca Transporte Público': 'true'}, {'Sobre vía principal': 'true'}, {'Cerca Centros Comerciales': 'true'}, {'Cerca Parques': 'true'}, {'Cerca Supermercados': 'true'}, {'Cerca Transporte Público': 'true'}, {'Sobre vía principal': 'true'}]}",2026-09-16 03:37:58.380633+00:00
https://www.metrocuadrado.com/inmueble/arriendo-apartamento-bogota-santa-bibiana-1-habitaciones-1-banos/5483-M6098077?src_url=%2Finmuebles%2Farriendo%2Fbogota,"{'title': 'Apartamento En Arriendo, CHICO NAVARRA', 'location': 'CHICO NAVARRA, Bogotá D.C.', 'price': '$ 3.000.000', 'area': None, 'estrato': None, 'main_specs': '1 hab. | 1 bañ.', 'characteristics': [{'Con chimenea': 'true'}, {'Citófonos': 'true'}, {'Tipo de Cortinas persianas': 'true'}, {'Estudio o biblioteca': 'true'}, {'Zona de lavanderia': 'true'}, {'Despensa': 'true'}, {'Extractor': 'true'}, {'Horno': 'true'}, {'Tipo instalación de gas natural': 'true'}, {'Luz en la mañana': 'true'}, {'Luz en la tarde': 'true'}, {'Número de Closets 1': 'true'}, {'Número de piso 5': 'true'}, {'Shut de basura': 'true'}, {'Tipo de calentador electrico': 'true'}, {'Tipo de Cocina lineal': 'true'}, {'Tipo comedor sala comedor': 'true'}, {'Depósito 0': 'true'}, {'Tipo de estufa gas': 'true'}, {'Tipo de acabado piso laminado': 'true'}, {'Tipo de piso en alcobas laminado': 'true'}, {'Tipo de piso en comedor laminado': 'true'}, {'Tipo de piso en estudio laminado': 'true'}, {'Tipo de piso en sala laminado': 'true'}, {'Vista interior': 'true'}, {'Cerca a gimnasio': 'true'}, {'Cerca a hospitales': 'true'}, {'Cerca a Jardines y Colegios': 'true'}, {'Cerca a restaurantes': 'true'}, {'Ascensor': 'true'}, {'Bahias de parqueo': 'true'}, {'Acceso para discapacitados': 'true'}, {'Circuito cerrado de TV': 'true'}, {'Parqueadero cubierto': 'true'}, {'Conjunto cerrado': 'true'}, {'Número de Ascensores 1': 'true'}, {'Recepción Lobby': 'true'}, {'Tipo de parqueadero propio': 'true'}, {'Vigilancia 24hrs': 'true'}, {'Cerca Centros Comerciales': 'true'}, {'Cerca Colegios / Universidades': 'true'}, {'Cerca Parques': 'true'}, {'Cerca Supermercados': 'true'}, {'Cerca Transporte Público': 'true'}, {'Sobre vía secundaria': 'true'}, {'Cerca Centros Comerciales': 'true'}, {'Cerca Colegios / Universidades': 'true'}, {'Cerca Parques': 'true'}, {'Cerca Supermercados': 'true'}, {'Cerca Transporte Público': 'true'}, {'Sobre vía secundaria': 'true'}]}",2026-09-16 03:38:03.742305+00:00
https://www.metrocuadrado.com/inmueble/arriendo-local-comercial-bogota-san-diego/5483-M6894394?src_url=%2Finmuebles%2Farriendo%2Fbogota,"{'title': 'Local Comercial En Arriendo, CENTRO INTERNACIONAL', 'location': 'CENTRO INTERNACIONAL, Bogotá D.C.', 'price': '$ 4.000.000', 'area': None, 'estrato': None, 'main_specs': None, 'characteristics': [{'Número de líneas teléfonicas 0': 'true'}, {'Número local 110': 'true'}, {'Número de piso 1': 'true'}, {'Tipo local otro': 'true'}, {'Tipo de acabado piso laminado': 'true'}, {'Ventilación Natural': 'true'}, {'Vista exterior': 'true'}, {'Ubicado en edificio': 'true'}, {'Acceso para discapacitados': 'true'}, {'Vista panorámica': 'true'}, {'En oficinas': 'true'}, {'Número de Ascensores 0': 'true'}, {'Pasaje comercial': 'true'}, {'Vigilancia 24hrs': 'true'}, {'Cerca Centros Comerciales': 'true'}, {'Cerca Colegios / Universidades': 'true'}, {'Cerca Parques': 'true'}, {'Cerca Supermercados': 'true'}, {'Cerca Transporte Público': 'true'}, {'Sobre vía secundaria': 'true'}, {'Cerca Centros Comerciales': 'true'}, {'Cerca Colegios / Universidades': 'true'}, {'Cerca Parques': 'true'}, {'Cerca Supermercados': 'true'}, {'Cerca Transporte Público': 'true'}, {'Sobre vía secundaria': 'true'}]}",2026-09-16 03:38:08.581141+00:00
https://www.metrocuadrado.com/inmueble/arriendo-apartamento-bogota-mochuelo-norte-3-habitaciones-2-banos-1-garajes/MC6142288?src_url=%2Finmuebles%2Farriendo%2Fbogota,"{'title': 'Apartamento En Arriendo, SANTA BARBARA Zona Urbana', 'location': 'SANTA BARBARA Zona Urbana, Bogotá D.C.', 'price': '$ 4.200.000', 'area': None, 'estrato': None, 'main_specs': '3 hab. | 2 bañ. | 1 par.', 'characteristics': [{'Baño Auxiliar': 'true'}, {'Con chimenea': 'true'}, {'Citófonos': 'true'}, {'Cocina Tipo Americano': 'true'}, {'Cocina integral': 'true'}, {'Zona de lavanderia': 'true'}, {'Extractor': 'true'}, {'Horno': 'true'}, {'Luz en la tarde': 'true'}, {'Número de piso 4': 'true'}, {'Shut de basura': 'true'}, {'Cerca a gimnasio': 'true'}, {'Cerca a hospitales': 'true'}, {'Cerca a restaurantes': 'true'}, {'Cerca a tiendas de barrio': 'true'}, {'Salón comunal': 'true'}, {'Ubicado en edificio': 'true'}, {'Acceso con tarjetas o dispositivos': 'true'}, {'Ascensor': 'true'}, {'Características del Parqueadero cubierto': 'true'}, {'Parqueadero inteligente': 'true'}, {'Recepción Lobby': 'true'}, {'Tipo de parqueadero propio': 'true'}, {'Cerca Centros Comerciales': 'true'}, {'Cerca Parques': 'true'}, {'Cerca Supermercados': 'true'}, {'Cerca Transporte Público': 'true'}, {'Ubicación zona centros negocios': 'true'}, {'Área Urbana': 'true'}, {'Cerca Centros Comerciales': 'true'}, {'Cerca Parques': 'true'}, {'Cerca Supermercados': 'true'}, {'Cerca Transporte Público': 'true'}, {'Ubicación zona centros negocios': 'true'}, {'Área Urbana': 'true'}]}",2026-09-16 03:38:13.962789+00:00
https://www.metrocuadrado.com/inmueble/arriendo-apartamento-bogota-bella-suiza-3-habitaciones-3-banos-2-garajes/MC7056947?src_url=%2Finmuebles%2Farriendo%2Fbogota,"{'title': 'Apartamento En Arriendo, BELLA SUIZA Zona Urbana', 'location': 'BELLA SUIZA Zona Urbana, Bogotá D.C.', 'price': '$ 6.100.000', 'area': None, 'estrato': None, 'main_specs': '3 hab. | 3 bañ. | 2 par.', 'characteristics': [{'Baño Auxiliar': 'true'}, {'Con chimenea': 'true'}, {'Citófonos': 'true'}, {'Cocina Tipo Americano': 'true'}, {'Cocina integral': 'true'}, {'Depósito o cuarto útil': 'true'}, {'Jacuzzi': 'true'}, {'Piso en porcelanato': 'true'}, {'Zona de lavanderia': 'true'}, {'Extractor': 'true'}, {'Horno': 'true'}, {'Número de piso 2': 'true'}, {'Puerta eléctrica': 'true'}, {'Shut de basura': 'true'}, {'Walking closet': 'true'}, {'Cerca a Jardines y Colegios': 'true'}, {'Cerca a restaurantes': 'true'}, {'Cerca a tiendas de barrio': 'true'}, {'Ubicado en edificio': 'true'}, {'Acceso con tarjetas o dispositivos': 'true'}, {'Ascensor': 'true'}, {'Características del Parqueadero cubierto': 'true'}, {'Parqueadero visitantes': 'true'}, {'Parqueadero inteligente': 'true'}, {'Recepción Lobby': 'true'}, {'Tipo de parqueadero propio': 'true'}, {'Cerca Centros Comerciales': 'true'}, {'Cerca Colegios / Universidades': 'true'}, {'Cerca Parques': 'true'}, {'Cerca Supermercados': 'true'}, {'Cerca Transporte Público': 'true'}, {'Ubicación zona centros negocios': 'true'}, {'Área Urbana': 'true'}, {'Cerca Centros Comerciales': 'true'}, {'Cerca Colegios / Universidades': 'true'}, {'Cerca Parques': 'true'}, {'Cerca Supermercados': 'true'}, {'Cerca Transporte Público': 'true'}, {'Ubicación zona centros negocios': 'true'}, {'Área Urbana': 'true'}]}",2026-09-16 03:38:19.400899+00:00
https://www.metrocuadrado.com/inmueble/arriendo-apartamento-bogota-narino-sur-2-habitaciones-1-banos/20449-M6941197?src_url=%2Finmuebles%2Farriendo%2Fbogota,"{'title': 'Apartamento En Arriendo, CIUDAD JARDIN SUR', 'location': 'CIUDAD JARDIN SUR, Bogotá D.C.', 'price': '$ 1.300.000', 'area': None, 'estrato': None, 'main_specs': '2 hab. | 1 bañ.', 'characteristics': [{'Equipado / Amoblado': 'true'}, {'Zona de lavanderia': 'true'}, {'Número de Closets 1': 'true'}, {'Número de piso 2': 'true'}, {'Depósito 0': 'true'}, {'Vista interior': 'true'}, {'Ascensor': 'true'}, {'Conjunto cerrado': 'true'}, {'Número de Ascensores 1': 'true'}]}",2026-09-16 03:38:24.260833+00:00
https://www.metrocuadrado.com/inmueble/arriendo-casa-bogota-suba-naranjos-4-habitaciones-5-banos-4-garajes/21530-M6908657?src_url=%2Finmuebles%2Farriendo%2Fbogota,"{'title': 'Casa En Arriendo, COLINA DE LOS VIENTOS', 'location': 'COLINA DE LOS VIENTOS, Bogotá D.C.', 'price': '$ 25.000.000', 'area': None, 'estrato': None, 'main_specs': '4 hab. | 5 bañ. | 4 par.', 'characteristics': [{'Apto para niños': 'true'}, {'Con chimenea': 'true'}, {'Comedor auxiliar': 'true'}, {'Tipo de Cortinas persianas': 'true'}, {'Cuarto de servicio': 'true'}, {'Estudio o biblioteca': 'true'}, {'Hall de Alcobas': 'true'}, {'Jacuzzi': 'true'}, {'Zona de lavanderia': 'true'}, {'Despensa': 'true'}, {'Extractor': 'true'}, {'Horno': 'true'}, {'Tipo instalación de gas natural': 'true'}, {'Lavaplatos': 'true'}, {'Luz en la mañana': 'true'}, {'Luz en la tarde': 'true'}, {'Número de Closets 4': 'true'}, {'Número de líneas teléfonicas 0': 'true'}, {'Se Permite Fumar': 'true'}, {'Se Permiten Mascotas': 'true'}, {'Tipo de calentador gas': 'true'}, {'Tipo de Casa condominio': 'true'}, {'Tipo de Cocina abierta': 'true'}, {'Tipo comedor comedor independiente': 'true'}, {'Depósito 1': 'true'}, {'Tipo de estufa gas': 'true'}, {'Tipo de acabado piso madera': 'true'}, {'Tipo de piso en alcobas madera': 'true'}, {'Tipo de piso en comedor madera': 'true'}, {'Tipo de piso en estudio madera': 'true'}, {'Tipo de piso en sala madera': 'true'}, {'Vista exterior': 'true'}, {'Walking-closet': 'true'}, {'Cerca a hospitales': 'true'}, {'Cerca a Jardines y Colegios': 'true'}, {'Gimnasio': 'true'}, {'Jardín interior': 'true'}, {'Zona de BBQ': 'true'}, {'Zonas verdes': 'true'}, {'Área Terraza/Balcón 3': 'true'}, {'Parqueadero cubierto': 'true'}, {'Conjunto cerrado': 'true'}, {'Número de Ascensores 0': 'true'}, {'Número de niveles 4': 'true'}, {'Terraza/Balcón balcón': 'true'}, {'Tipo de parqueadero propio': 'true'}, {'Vigilancia 24hrs': 'true'}, {'Cerca Parques': 'true'}, {'Sobre vía secundaria': 'true'}, {'Cerca Parques': 'true'}, {'Sobre vía secundaria': 'true'}]}",2026-09-16 03:38:29.766842+00:00
https://www.metrocuadrado.com/inmueble/arriendo-apartamento-bogota-chico-norte-et-iii-3-habitaciones-5-banos-3-garajes/10999-M6127689?src_url=%2Finmuebles%2Farriendo%2Fbogota,"{'title': 'Apartamento En Arriendo, CHICO NORTE II SECTOR', 'location': 'CHICO NORTE II SECTOR, Bogotá D.C.', 'price': '$ 29.000.000', 'area': None, 'estrato': None, 'main_specs': '3 hab. | 5 bañ. | 3 par.', 'characteristics': [{'Altillo': 'true'}, {'Apto para niños': 'true'}, {'Alarma': 'true'}, {'Con calefacción': 'true'}, {'Con chimenea': 'true'}, {'Citófonos': 'true'}, {'Comedor auxiliar': 'true'}, {'Tipo de Cortinas pesadas': 'true'}, {'Cuarto de servicio': 'true'}, {'Estudio o biblioteca': 'true'}, {'Hall de Alcobas': 'true'}, {'Jacuzzi': 'true'}, {'Equipado / Amoblado': 'true'}, {'Puertas de seguridad': 'true'}, {'Zona de lavanderia': 'true'}, {'Control de ruido': 'true'}, {'Control térmico': 'true'}, {'Despensa': 'true'}, {'Detección de humo': 'true'}, {'Dúplex': 'true'}, {'Extractor': 'true'}, {'Horno': 'true'}, {'Tipo instalación de gas natural': 'true'}, {'Lavaplatos': 'true'}, {'Luz en la mañana': 'true'}, {'Luz en la tarde': 'true'}, {'Monoambiente': 'true'}, {'Número de Closets 4': 'true'}, {'Número de piso 610': 'true'}, {'Se Permite Fumar': 'true'}, {'Shut de basura': 'true'}, {'Tipo de calentador caldera': 'true'}, {'Tipo de Cocina en u': 'true'}, {'Tipo comedor comedor independiente': 'true'}, {'Tipo de estufa electrica': 'true'}, {'Tipo de acabado piso madera': 'true'}, {'Tipo de piso en alcobas madera': 'true'}, {'Tipo de piso en comedor madera': 'true'}, {'Tipo de piso en estudio madera': 'true'}, {'Tipo de piso en sala madera': 'true'}, {'Vista exterior': 'true'}, {'Walking closet': 'true'}, {'Cerca a hospitales': 'true'}, {'Cerca a restaurantes': 'true'}, {'Cancha(s) de squash': 'true'}, {'Gimnasio': 'true'}, {'Salón comunal': 'true'}, {'Sauna y/o turco': 'true'}, {'Zona de BBQ': 'true'}, {'Zona para niños': 'true'}, {'Zonas verdes': 'true'}, {'Acceso con tarjetas o dispositivos': 'true'}, {'Área Terraza/Balcón 20': 'true'}, {'Ascensor': 'true'}, {'Bahias de parqueo': 'true'}, {'Acceso para discapacitados': 'true'}, {'Circuito cerrado de TV': 'true'}, {'Cuarto de escoltas': 'true'}, {'Parqueadero cubierto': 'true'}, {'Piscina': 'true'}, {'Vista panorámica': 'true'}, {'Conjunto cerrado': 'true'}, {'Número de Ascensores 4': 'true'}, {'Parqueadero inteligente': 'true'}, {'Recepción Lobby': 'true'}, {'Terraza/Balcón terraza': 'true'}, {'Terraza Rooftop': 'true'}, {'Tipo de parqueadero propio': 'true'}, {'Vigilancia 24hrs': 'true'}, {'Cerca Parques': 'true'}, {'Cerca Supermercados': 'true'}, {'Cerca Transporte Público': 'true'}, {'Sobre vía secundaria': 'true'}, {'Cerca Parques': 'true'}, {'Cerca Supermercados': 'true'}, {'Cerca Transporte Público': 'true'}, {'Sobre vía secundaria': 'true'}]}",2026-09-16 03:38:35.301733+00:00
https://www.metrocuadrado.com/inmueble/arriendo-apartamento-bogota-lago-gaitan-2-habitaciones-2-banos-1-garajes/23602-M6922438?src_url=%2Finmuebles%2Farriendo%2Fbogota,"{'title': 'Apartamento En Arriendo, LAGO GAITAN', 'location': 'LAGO GAITAN, Bogotá D.C.', 'price': '$ 7.900.000', 'area': None, 'estrato': None, 'main_specs': '2 hab. | 2 bañ. | 1 par.', 'characteristics': [{'Apto para niños': 'true'}, {'Con chimenea': 'true'}, {'Citófonos': 'true'}, {'Tipo de Cortinas persianas': 'true'}, {'Hall de Alcobas': 'true'}, {'Equipado / Amoblado': 'true'}, {'Zona de lavanderia': 'true'}, {'Control de ruido': 'true'}, {'Detección de humo': 'true'}, {'Dúplex': 'true'}, {'Extractor': 'true'}, {'Horno': 'true'}, {'Tipo instalación de gas natural': 'true'}, {'Luz en la mañana': 'true'}, {'Luz en la tarde': 'true'}, {'Número de Closets 2': 'true'}, {'Número de piso 2': 'true'}, {'Tipo de calentador gas': 'true'}, {'Tipo de Cocina isla': 'true'}, {'Tipo comedor comedor independiente': 'true'}, {'Depósito 1': 'true'}, {'Tipo de estufa gas': 'true'}, {'Tipo de acabado piso otro': 'true'}, {'Tipo de piso en alcobas laminado': 'true'}, {'Tipo de piso en comedor otro': 'true'}, {'Tipo de piso en sala otro': 'true'}, {'Vista interior': 'true'}, {'Walking closet': 'true'}, {'Cerca a gimnasio': 'true'}, {'Cerca a hospitales': 'true'}, {'Cerca a Jardines y Colegios': 'true'}, {'Cerca a restaurantes': 'true'}, {'Cerca a tiendas de barrio': 'true'}, {'Área Terraza/Balcón 10': 'true'}, {'Ascensor': 'true'}, {'Parqueadero cubierto': 'true'}, {'Número de Ascensores 1': 'true'}, {'Terraza/Balcón terraza': 'true'}, {'Tipo de parqueadero servidumbre': 'true'}, {'Vigilancia 0': 'true'}, {'Cerca Centros Comerciales': 'true'}, {'Cerca Colegios / Universidades': 'true'}, {'Cerca Supermercados': 'true'}, {'Cerca Transporte Público': 'true'}, {'Sobre vía secundaria': 'true'}, {'Cerca Centros Comerciales': 'true'}, {'Cerca Colegios / Universidades': 'true'}, {'Cerca Supermercados': 'true'}, {'Cerca Transporte Público': 'true'}, {'Sobre vía secundaria': 'true'}]}",2026-09-16 03:38:40.742492+00:00
https://www.metrocuadrado.com/inmueble/arriendo-apartamento-bogota-las-acacias-1-habitaciones-2-banos-2-garajes/22288-M6868256?src_url=%2Finmuebles%2Farriendo%2Fbogota,"{'title': 'Apartamento En Arriendo, LOS ROSALES', 'location': 'LOS ROSALES, Bogotá D.C.', 'price': '$ 6.000.000', 'area': None, 'estrato': None, 'main_specs': '1 hab. | 2 bañ. | 2 par.', 'characteristics': [{'Con calefacción': 'true'}, {'Con chimenea': 'true'}, {'Citófonos': 'true'}, {'Tipo de Cortinas persianas': 'true'}, {'Estudio o biblioteca': 'true'}, {'Puertas de seguridad': 'true'}, {'Zona de lavanderia': 'true'}, {'Control de ruido': 'true'}, {'Despensa': 'true'}, {'Extractor': 'true'}, {'Horno': 'true'}, {'Tipo instalación de gas natural': 'true'}, {'Lavaplatos': 'true'}, {'Luz en la mañana': 'true'}, {'Luz en la tarde': 'true'}, {'Número de Closets 2': 'true'}, {'Número de piso 4': 'true'}, {'Puerta eléctrica': 'true'}, {'Shut de basura': 'true'}, {'Tipo de calentador caldera': 'true'}, {'Tipo de Cocina abierta': 'true'}, {'Tipo comedor sala comedor': 'true'}, {'Depósito 1': 'true'}, {'Tipo de estufa mixta': 'true'}, {'Tipo de acabado piso madera': 'true'}, {'Tipo de piso en alcobas madera': 'true'}, {'Tipo de piso en comedor madera': 'true'}, {'Tipo de piso en estudio madera': 'true'}, {'Tipo de piso en sala madera': 'true'}, {'Vista exterior': 'true'}, {'Walking closet': 'true'}, {'Zona de BBQ': 'true'}, {'Área Terraza/Balcón 20': 'true'}, {'Ascensor': 'true'}, {'Circuito cerrado de TV': 'true'}, {'Parqueadero cubierto': 'true'}, {'Vista panorámica': 'true'}, {'Número de Ascensores 1': 'true'}, {'Recepción Lobby': 'true'}, {'Terraza/Balcón terraza': 'true'}, {'Tipo de parqueadero servidumbre': 'true'}, {'Vigilancia 24hrs': 'true'}, {'Cerca Parques': 'true'}, {'Sobre vía secundaria': 'true'}, {'Cerca Parques': 'true'}, {'Sobre vía secundaria': 'true'}]}",2026-09-16 03:38:46.192244+00:00
https://www.metrocuadrado.com/inmueble/arriendo-casa-bogota-casa-blanca-5-habitaciones-5-banos-4-garajes/20885-M7056491?src_url=%2Finmuebles%2Farriendo%2Fbogota,"{'title': 'Casa En Arriendo, HACIENDA SAN SIMON', 'location': 'HACIENDA SAN SIMON, Bogotá D.C.', 'price': '$ 22.000.000', 'area': None, 'estrato': None, 'main_specs': '5 hab. | 5 bañ. | 4 par.', 'characteristics': [{'Casa campestre': 'true'}, {'Alarma': 'true'}, {'Con calefacción': 'true'}, {'Con chimenea': 'true'}, {'Citófonos': 'true'}, {'Comedor auxiliar': 'true'}, {'Cuarto de servicio': 'true'}, {'Estudio o biblioteca': 'true'}, {'Hall de Alcobas': 'true'}, {'Jacuzzi': 'true'}, {'Equipado / Amoblado': 'true'}, {'Puertas de seguridad': 'true'}, {'Zona de lavanderia': 'true'}, {'Despensa': 'true'}, {'Extractor': 'true'}, {'Horno': 'true'}, {'Tipo instalación de gas natural': 'true'}, {'Lavaplatos': 'true'}, {'Luz en la mañana': 'true'}, {'Luz en la tarde': 'true'}, {'Número de Closets 4': 'true'}, {'Número de líneas teléfonicas 0': 'true'}, {'Se Permiten Mascotas': 'true'}, {'Tipo de calentador gas': 'true'}, {'Tipo de Casa condominio': 'true'}, {'Tipo de Cocina isla': 'true'}, {'Tipo comedor comedor independiente': 'true'}, {'Depósito 2': 'true'}, {'Tipo de estufa gas': 'true'}, {'Tipo de acabado piso madera': 'true'}, {'Tipo de piso en alcobas madera': 'true'}, {'Tipo de piso en comedor madera': 'true'}, {'Tipo de piso en estudio madera': 'true'}, {'Tipo de piso en sala madera': 'true'}, {'Vista exterior': 'true'}, {'Walking-closet': 'true'}, {'Cerca a Jardines y Colegios': 'true'}, {'Cerca a restaurantes': 'true'}, {'Gimnasio': 'true'}, {'Jardín interior': 'true'}, {'Salón comunal': 'true'}, {'Sauna y/o turco': 'true'}, {'Sendero peatonal': 'true'}, {'Zona de BBQ': 'true'}, {'Zona para niños': 'true'}, {'Zonas verdes': 'true'}, {'&Aacute;rea del lote 2000': 'true'}, {'Área Terraza/Balcón 27': 'true'}, {'Acceso para discapacitados': 'true'}, {'Circuito cerrado de TV': 'true'}, {'Parqueadero cubierto': 'true'}, {'Jardín': 'true'}, {'Vista panorámica': 'true'}, {'Conjunto cerrado': 'true'}, {'Número de Ascensores 0': 'true'}, {'Número de niveles 2': 'true'}, {'Tanques de Agua': 'true'}, {'Terraza/Balcón terraza': 'true'}, {'Tipo de parqueadero propio': 'true'}, {'Vigilancia 24hrs': 'true'}, {'Cerca Colegios / Universidades': 'true'}, {'Cerca Parques': 'true'}, {'Cerca Transporte Público': 'true'}, {'Sobre vía secundaria': 'true'}, {'Área Rural': 'true'}, {'Cerca Colegios / Universidades': 'true'}, {'Cerca Parques': 'true'}, {'Cerca Transporte Público': 'true'}, {'Sobre vía secundaria': 'true'}, {'Área Rural': 'true'}]}",2026-09-16 03:38:51.789931+00:00
https://www.metrocuadrado.com/inmueble/arriendo-apartaestudio-bogota-chico-norte-et-ii-1-habitaciones-1-banos/22377-M6628937?src_url=%2Finmuebles%2Farriendo%2Fbogota,"{'title': 'Apartaestudio En Arriendo, CHICO NORTE', 'location': 'CHICO NORTE, Bogotá D.C.', 'price': '$ 3.000.000', 'area': None, 'estrato': None, 'main_specs': '1 hab. | 1 bañ.', 'characteristics': [{'Alarma': 'true'}, {'Tipo de Cortinas pesadas': 'true'}, {'Jacuzzi': 'true'}, {'Equipado / Amoblado': 'true'}, {'Puertas de seguridad': 'true'}, {'Zona de lavanderia': 'true'}, {'Control de ruido': 'true'}, {'Despensa': 'true'}, {'Detección de humo': 'true'}, {'Extractor': 'true'}, {'Horno': 'true'}, {'Tipo instalación de gas ninguno': 'true'}, {'Lavaplatos': 'true'}, {'Luz en la mañana': 'true'}, {'Luz en la tarde': 'true'}, {'Monoambiente': 'true'}, {'Número de Closets 3': 'true'}, {'Número de piso 4': 'true'}, {'Puerta eléctrica': 'true'}, {'Shut de basura': 'true'}, {'Tipo de calentador caldera': 'true'}, {'Tipo de Cocina lineal': 'true'}, {'Tipo comedor sala comedor': 'true'}, {'Depósito 0': 'true'}, {'Tipo de estufa electrica': 'true'}, {'Tipo de acabado piso madera': 'true'}, {'Tipo de piso en alcobas madera': 'true'}, {'Tipo de piso en comedor madera': 'true'}, {'Tipo de piso en estudio madera': 'true'}, {'Tipo de piso en sala madera': 'true'}, {'Vista interior': 'true'}, {'Cerca a gimnasio': 'true'}, {'Cerca a hospitales': 'true'}, {'Cerca a restaurantes': 'true'}, {'Cerca a tiendas de barrio': 'true'}, {'Gimnasio': 'true'}, {'Salón comunal': 'true'}, {'Sauna y/o turco': 'true'}, {'Zona de BBQ': 'true'}, {'Zonas verdes': 'true'}, {'Acceso con tarjetas o dispositivos': 'true'}, {'Área Terraza/Balcón 2': 'true'}, {'Ascensor': 'true'}, {'Número de Ascensores 3': 'true'}, {'Recepción Lobby': 'true'}, {'Roof garden': 'true'}, {'Senderos ecológicos': 'true'}, {'Terraza/Balcón balcón': 'true'}, {'Terraza Rooftop': 'true'}, {'Vigilancia 24hrs': 'true'}, {'Cerca Centros Comerciales': 'true'}, {'Cerca Parques': 'true'}, {'Cerca Supermercados': 'true'}, {'Cerca Transporte Público': 'true'}, {'Sobre vía secundaria': 'true'}, {'Cerca Centros Comerciales': 'true'}, {'Cerca Parques': 'true'}, {'Cerca Supermercados': 'true'}, {'Cerca Transporte Público': 'true'}, {'Sobre vía secundaria': 'true'}]}",2026-09-16 03:38:57.200266+00:00
https://www.metrocuadrado.com/inmueble/arriendo-apartamento-bogota-santa-ana-oriental-3-habitaciones-5-banos-3-garajes/2993-M6700484?src_url=%2Finmuebles%2Farriendo%2Fbogota,"{'title': 'Apartamento En Arriendo, SANTA ANA ORIENTAL', 'location': 'SANTA ANA ORIENTAL, Bogotá D.C.', 'price': '$ 13.080.000', 'area': None, 'estrato': None, 'main_specs': '3 hab. | 5 bañ. | 3 par.', 'characteristics': [{'Apto para niños': 'true'}, {'Con chimenea': 'true'}, {'Citófonos': 'true'}, {'Comedor auxiliar': 'true'}, {'Cuarto de servicio': 'true'}, {'Estudio o biblioteca': 'true'}, {'Hall de Alcobas': 'true'}, {'Zona de lavanderia': 'true'}, {'Despensa': 'true'}, {'Extractor': 'true'}, {'Horno': 'true'}, {'Tipo instalación de gas natural': 'true'}, {'Lavaplatos': 'true'}, {'Luz en la mañana': 'true'}, {'Luz en la tarde': 'true'}, {'Número de Closets 4': 'true'}, {'Número de piso 2': 'true'}, {'Tipo de calentador caldera': 'true'}, {'Tipo de Cocina paralela': 'true'}, {'Tipo comedor comedor independiente': 'true'}, {'Depósito 1': 'true'}, {'Tipo de estufa gas': 'true'}, {'Tipo de acabado piso madera': 'true'}, {'Tipo de piso en alcobas madera': 'true'}, {'Tipo de piso en comedor madera': 'true'}, {'Tipo de piso en estudio madera': 'true'}, {'Tipo de piso en sala madera': 'true'}, {'Vista exterior': 'true'}, {'Walking closet': 'true'}, {'Cerca a gimnasio': 'true'}, {'Cerca a hospitales': 'true'}, {'Cerca a Jardines y Colegios': 'true'}, {'Cerca a restaurantes': 'true'}, {'Salón comunal': 'true'}, {'Zona de BBQ': 'true'}, {'Área Terraza/Balcón 4': 'true'}, {'Ascensor': 'true'}, {'Bahias de parqueo': 'true'}, {'Circuito cerrado de TV': 'true'}, {'Parqueadero cubierto': 'true'}, {'Vista panorámica': 'true'}, {'Número de Ascensores 1': 'true'}, {'Recepción Lobby': 'true'}, {'Terraza/Balcón balcón': 'true'}, {'Tipo de parqueadero independiente': 'true'}, {'Vigilancia 24hrs': 'true'}, {'Cerca Centros Comerciales': 'true'}, {'Cerca Colegios / Universidades': 'true'}, {'Cerca Parques': 'true'}, {'Cerca Supermercados': 'true'}, {'Cerca Transporte Público': 'true'}, {'Sobre vía secundaria': 'true'}, {'Cerca Centros Comerciales': 'true'}, {'Cerca Colegios / Universidades': 'true'}, {'Cerca Parques': 'true'}, {'Cerca Supermercados': 'true'}, {'Cerca Transporte Público': 'true'}, {'Sobre vía secundaria': 'true'}]}",2026-09-16 03:39:02.557421+00:00
https://www.metrocuadrado.com/inmueble/arriendo-casa-bogota-molinos-norte-4-habitaciones-4-banos-4-garajes/3553-M6068718?src_url=%2Finmuebles%2Farriendo%2Fbogota,"{'title': 'Casa En Arriendo, SANTA PAULA', 'location': 'SANTA PAULA, Bogotá D.C.', 'price': '$ 16.000.000', 'area': None, 'estrato': None, 'main_specs': '4 hab. | 4 bañ. | 4 par.', 'characteristics': [{'Ancho 13 m': 'true'}, {'Con chimenea': 'true'}, {'Comedor auxiliar': 'true'}, {'Tipo de Cortinas pesadas': 'true'}, {'Cuarto de servicio': 'true'}, {'Estudio o biblioteca': 'true'}, {'Hall de Alcobas': 'true'}, {'Zona de lavanderia': 'true'}, {'Despensa': 'true'}, {'Extractor': 'true'}, {'Fondo 25 m': 'true'}, {'Horno': 'true'}, {'Tipo instalación de gas natural': 'true'}, {'Lavaplatos': 'true'}, {'Luz en la mañana': 'true'}, {'Luz en la tarde': 'true'}, {'Número de Closets 4': 'true'}, {'Número de líneas teléfonicas 0': 'true'}, {'Tipo de calentador gas': 'true'}, {'Tipo de Casa tradicional': 'true'}, {'Tipo de Cocina isla': 'true'}, {'Tipo comedor comedor independiente': 'true'}, {'Depósito 1': 'true'}, {'Tipo de estufa gas': 'true'}, {'Tipo de acabado piso madera': 'true'}, {'Vista exterior': 'true'}, {'Walking-closet': 'true'}, {'Cerca a gimnasio': 'true'}, {'Cerca a hospitales': 'true'}, {'Cerca a Jardines y Colegios': 'true'}, {'Cerca a restaurantes': 'true'}, {'Jardín interior': 'true'}, {'Zona para niños': 'true'}, {'Zonas verdes': 'true'}, {'&Aacute;rea del lote 325': 'true'}, {'Circuito cerrado de TV': 'true'}, {'Parqueadero cubierto': 'true'}, {'Jardín': 'true'}, {'Vista panorámica': 'true'}, {'Número de Ascensores 0': 'true'}, {'Número de niveles 2': 'true'}, {'Terraza/Balcón ninguno': 'true'}, {'Tipo de parqueadero independiente': 'true'}, {'Vigilancia 24hrs': 'true'}, {'Cerca Centros Comerciales': 'true'}, {'Cerca Colegios / Universidades': 'true'}, {'Cerca Parques': 'true'}, {'Cerca Supermercados': 'true'}, {'Cerca Transporte Público': 'true'}, {'Sobre vía secundaria': 'true'}, {'Cerca Centros Comerciales': 'true'}, {'Cerca Colegios / Universidades': 'true'}, {'Cerca Parques': 'true'}, {'Cerca Supermercados': 'true'}, {'Cerca Transporte Público': 'true'}, {'Sobre vía secundaria': 'true'}]}",2026-09-16 03:39:08.047149+00:00
https://www.metrocuadrado.com/inmueble/arriendo-apartamento-bogota-santa-barbara-central-1-habitaciones-1-banos-1-garajes/689-M6915989?src_url=%2Finmuebles%2Farriendo%2Fbogota,"{'title': 'Apartamento En Arriendo, BUGANVILLA MULTICENTRO', 'location': 'BUGANVILLA MULTICENTRO, Bogotá D.C.', 'price': '$ 2.745.000', 'area': None, 'estrato': None, 'main_specs': '1 hab. | 1 bañ. | 1 par.', 'characteristics': [{'Apto para niños': 'true'}, {'Citófonos': 'true'}, {'Tipo de Cortinas persianas': 'true'}, {'Estudio o biblioteca': 'true'}, {'Zona de lavanderia': 'true'}, {'Extractor': 'true'}, {'Tipo instalación de gas natural': 'true'}, {'Luz en la mañana': 'true'}, {'Número de Closets 2': 'true'}, {'Número de piso 1': 'true'}, {'Se Permite Fumar': 'true'}, {'Tipo de calentador gas': 'true'}, {'Tipo de Cocina lineal': 'true'}, {'Tipo comedor sala comedor': 'true'}, {'Depósito 1': 'true'}, {'Tipo de estufa gas': 'true'}, {'Tipo de acabado piso laminado': 'true'}, {'Tipo de piso en alcobas laminado': 'true'}, {'Tipo de piso en comedor laminado': 'true'}, {'Tipo de piso en estudio laminado': 'true'}, {'Tipo de piso en sala laminado': 'true'}, {'Vista exterior': 'true'}, {'Cerca a gimnasio': 'true'}, {'Cerca a hospitales': 'true'}, {'Cerca a Jardines y Colegios': 'true'}, {'Cerca a restaurantes': 'true'}, {'Cerca a tiendas de barrio': 'true'}, {'Zona para niños': 'true'}, {'Zonas verdes': 'true'}, {'Circuito cerrado de TV': 'true'}, {'Parqueadero cubierto': 'true'}, {'Vista panorámica': 'true'}, {'Conjunto cerrado': 'true'}, {'Recepción Lobby': 'true'}, {'Terraza/Balcón ninguno': 'true'}, {'Tipo de parqueadero independiente': 'true'}, {'Vigilancia 24hrs': 'true'}, {'Cerca Centros Comerciales': 'true'}, {'Cerca Colegios / Universidades': 'true'}, {'Cerca Parques': 'true'}, {'Cerca Supermercados': 'true'}, {'Cerca Transporte Público': 'true'}, {'Sobre vía secundaria': 'true'}, {'Cerca Centros Comerciales': 'true'}, {'Cerca Colegios / Universidades': 'true'}, {'Cerca Parques': 'true'}, {'Cerca Supermercados': 'true'}, {'Cerca Transporte Público': 'true'}, {'Sobre vía secundaria': 'true'}]}",2026-09-16 03:39:13.358331+00:00
https://www.metrocuadrado.com/inmueble/arriendo-apartamento-bogota-2-habitaciones-2-banos-2-garajes/5545-M7055769?src_url=%2Finmuebles%2Farriendo%2Fbogota,"{'title': 'Apartamento En Arriendo, SANTA PAULA', 'location': 'SANTA PAULA, Bogotá D.C.', 'price': '$ 7.500.000', 'area': None, 'estrato': None, 'main_specs': '2 hab. | 2 bañ. | 2 par.', 'characteristics': [{'Apto para niños': 'true'}, {'Con chimenea': 'true'}, {'Citófonos': 'true'}, {'Tipo de Cortinas con velos': 'true'}, {'Estudio o biblioteca': 'true'}, {'Equipado / Amoblado': 'true'}, {'Zona de lavanderia': 'true'}, {'Tipo instalación de gas natural': 'true'}, {'Luz en la mañana': 'true'}, {'Número de Closets 4': 'true'}, {'Número de piso 2': 'true'}, {'Tipo de calentador gas': 'true'}, {'Tipo de Cocina abierta': 'true'}, {'Tipo comedor sala comedor': 'true'}, {'Depósito 0': 'true'}, {'Tipo de estufa gas': 'true'}, {'Tipo de acabado piso madera': 'true'}, {'Tipo de piso en alcobas madera': 'true'}, {'Tipo de piso en comedor madera': 'true'}, {'Tipo de piso en estudio madera': 'true'}, {'Tipo de piso en sala madera': 'true'}, {'Vista exterior': 'true'}, {'Cerca a gimnasio': 'true'}, {'Cerca a hospitales': 'true'}, {'Cerca a Jardines y Colegios': 'true'}, {'Cerca a restaurantes': 'true'}, {'Cerca a tiendas de barrio': 'true'}, {'Gimnasio': 'true'}, {'Salón comunal': 'true'}, {'Zona para niños': 'true'}, {'Zonas verdes': 'true'}, {'Área Terraza/Balcón 18': 'true'}, {'Ascensor': 'true'}, {'Circuito cerrado de TV': 'true'}, {'Parqueadero cubierto': 'true'}, {'Vista panorámica': 'true'}, {'Conjunto cerrado': 'true'}, {'Número de Ascensores 1': 'true'}, {'Recepción Lobby': 'true'}, {'Terraza/Balcón terraza': 'true'}, {'Tipo de parqueadero propio': 'true'}, {'Vigilancia 24hrs': 'true'}, {'Cerca Centros Comerciales': 'true'}, {'Cerca Colegios / Universidades': 'true'}, {'Cerca Parques': 'true'}, {'Cerca Supermercados': 'true'}, {'Cerca Transporte Público': 'true'}, {'Sobre vía secundaria': 'true'}]}",2026-09-16 03:39:18.254744+00:00
https://www.metrocuadrado.com/inmueble/arriendo-apartamento-bogota-centro-internacional-de-bogota-1-habitaciones-1-banos/22208-M6761259?src_url=%2Finmuebles%2Farriendo%2Fbogota,"{'title': 'Apartamento En Arriendo, Centro Internacional De Bogota', 'location': 'Centro Internacional De Bogota, Bogotá D.C.', 'price': '$ 1.800.000', 'area': None, 'estrato': None, 'main_specs': '1 hab. | 1 bañ.', 'characteristics': [{'Con calefacción': 'true'}, {'Citófonos': 'true'}, {'Cocina integral': 'true'}, {'Depósito o cuarto útil': 'true'}, {'Estudio o biblioteca': 'true'}, {'Zona de lavanderia': 'true'}, {'Control de ruido': 'true'}, {'Control térmico': 'true'}, {'Despensa': 'true'}, {'Detección de humo': 'true'}, {'Extractor': 'true'}, {'Horno': 'true'}, {'Lavaplatos': 'true'}, {'Luz en la mañana': 'true'}, {'Luz en la tarde': 'true'}, {'Monoambiente': 'true'}, {'Número de piso 23': 'true'}, {'Puerta eléctrica': 'true'}, {'Shut de basura': 'true'}, {'Walking closet': 'true'}, {'Cerca a hospitales': 'true'}, {'Cerca a Jardines y Colegios': 'true'}, {'Cerca a restaurantes': 'true'}, {'Cerca a tiendas de barrio': 'true'}, {'Gimnasio': 'true'}, {'Salón comunal': 'true'}, {'Sauna y/o turco': 'true'}, {'Zona de BBQ': 'true'}, {'Zona para niños': 'true'}, {'Zonas verdes': 'true'}, {'Acceso con tarjetas o dispositivos': 'true'}, {'Ascensor': 'true'}, {'Bahias de parqueo': 'true'}, {'Circuito cerrado de TV': 'true'}, {'Parqueadero visitantes': 'true'}, {'Piscina': 'true'}, {'Con Terraza': 'true'}, {'Vigilancia': 'true'}, {'Vista panorámica': 'true'}, {'Conjunto cerrado': 'true'}, {'Parqueadero inteligente': 'true'}, {'Recepción Lobby': 'true'}, {'Terraza Rooftop': 'true'}, {'Vivienda Bifamiliar': 'true'}, {'Cerca Colegios / Universidades': 'true'}, {'Cerca Parques': 'true'}, {'Cerca Transporte Público': 'true'}, {'Sobre vía principal': 'true'}, {'Ubicación zona centros negocios': 'true'}, {'Área Urbana': 'true'}, {'Cerca Colegios / Universidades': 'true'}, {'Cerca Parques': 'true'}, {'Cerca Transporte Público': 'true'}, {'Sobre vía principal': 'true'}, {'Ubicación zona centros negocios': 'true'}, {'Área Urbana': 'true'}]}",2026-09-16 03:39:23.709744+00:00
https://www.metrocuadrado.com/inmueble/arriendo-apartaestudio-bogota-chico-norte-et-ii-1-habitaciones-1-banos/22377-M6556614?src_url=%2Finmuebles%2Farriendo%2Fbogota,"{'title': 'Apartaestudio En Arriendo, CHICO NORTE', 'location': 'CHICO NORTE, Bogotá D.C.', 'price': '$ 2.950.000', 'area': None, 'estrato': None, 'main_specs': '1 hab. | 1 bañ.', 'characteristics': [{'Alarma': 'true'}, {'Tipo de Cortinas pesadas': 'true'}, {'Jacuzzi': 'true'}, {'Equipado / Amoblado': 'true'}, {'Puertas de seguridad': 'true'}, {'Zona de lavanderia': 'true'}, {'Control de ruido': 'true'}, {'Detección de humo': 'true'}, {'Extractor': 'true'}, {'Horno': 'true'}, {'Tipo instalación de gas ninguno': 'true'}, {'Luz en la mañana': 'true'}, {'Luz en la tarde': 'true'}, {'Monoambiente': 'true'}, {'Número de Closets 3': 'true'}, {'Número de piso 4': 'true'}, {'Puerta eléctrica': 'true'}, {'Shut de basura': 'true'}, {'Tipo de calentador caldera': 'true'}, {'Tipo de Cocina lineal': 'true'}, {'Tipo comedor sala comedor': 'true'}, {'Depósito 1': 'true'}, {'Tipo de estufa electrica': 'true'}, {'Tipo de acabado piso madera': 'true'}, {'Tipo de piso en alcobas madera': 'true'}, {'Tipo de piso en comedor madera': 'true'}, {'Tipo de piso en estudio madera': 'true'}, {'Tipo de piso en sala madera': 'true'}, {'Vista interior': 'true'}, {'Cerca a gimnasio': 'true'}, {'Cerca a hospitales': 'true'}, {'Cerca a restaurantes': 'true'}, {'Cerca a tiendas de barrio': 'true'}, {'Gimnasio': 'true'}, {'Salón comunal': 'true'}, {'Sauna y/o turco': 'true'}, {'Zona de BBQ': 'true'}, {'Acceso con tarjetas o dispositivos': 'true'}, {'Área Terraza/Balcón 2': 'true'}, {'Ascensor': 'true'}, {'Conjunto cerrado': 'true'}, {'Número de Ascensores 3': 'true'}, {'Recepción Lobby': 'true'}, {'Roof garden': 'true'}, {'Terraza/Balcón balcón': 'true'}, {'Terraza Rooftop': 'true'}, {'Vigilancia 24hrs': 'true'}, {'Cerca Centros Comerciales': 'true'}, {'Cerca Parques': 'true'}, {'Cerca Supermercados': 'true'}, {'Cerca Transporte Público': 'true'}, {'Sobre vía secundaria': 'true'}, {'Cerca Centros Comerciales': 'true'}, {'Cerca Parques': 'true'}, {'Cerca Supermercados': 'true'}, {'Cerca Transporte Público': 'true'}, {'Sobre vía secundaria': 'true'}]}",2026-09-16 03:39:29.065482+00:00
https://www.metrocuadrado.com/inmueble/arriendo-casa-bogota-san-jose-de-bavaria-4-habitaciones-4-banos-2-garajes/3604-M7053963?src_url=%2Finmuebles%2Farriendo%2Fbogota,"{'title': 'Casa En Arriendo', 'location': 'Bogotá D.C.', 'price': '$ 13.000.000', 'area': None, 'estrato': None, 'main_specs': '4 hab. | 4 bañ. | 2 par.', 'characteristics': [{'Apto para niños': 'true'}, {'Citófonos': 'true'}, {'Comedor auxiliar': 'true'}, {'Cuarto de servicio': 'true'}, {'Estudio o biblioteca': 'true'}, {'Hall de Alcobas': 'true'}, {'Zona de lavanderia': 'true'}, {'Tipo instalación de gas natural': 'true'}, {'Lavaplatos': 'true'}, {'Luz en la mañana': 'true'}, {'Luz en la tarde': 'true'}, {'Número de Closets 4': 'true'}, {'Se Permite Fumar': 'true'}, {'Se Permiten Mascotas': 'true'}, {'Tipo de calentador gas': 'true'}, {'Tipo de Casa condominio': 'true'}, {'Tipo de Cocina en u': 'true'}, {'Tipo comedor comedor independiente': 'true'}, {'Tipo de estufa gas': 'true'}, {'Vista interior': 'true'}, {'Cerca a gimnasio': 'true'}, {'Cerca a hospitales': 'true'}, {'Cerca a Jardines y Colegios': 'true'}, {'Cerca a parque industrial': 'true'}, {'Cerca a restaurantes': 'true'}, {'Cerca a tiendas de barrio': 'true'}, {'Jardín interior': 'true'}, {'Salón comunal': 'true'}, {'Sendero peatonal': 'true'}, {'Zona de BBQ': 'true'}, {'Zona para niños': 'true'}, {'Zonas verdes': 'true'}, {'&Aacute;rea del lote 800': 'true'}, {'Acceso para discapacitados': 'true'}, {'Circuito cerrado de TV': 'true'}, {'Jardín': 'true'}, {'Vista panorámica': 'true'}, {'Conjunto cerrado': 'true'}, {'Número de niveles 2': 'true'}, {'Tipo de parqueadero propio': 'true'}, {'Cerca Colegios / Universidades': 'true'}, {'Cerca Parques': 'true'}, {'Cerca Transporte Público': 'true'}, {'Sobre vía principal': 'true'}, {'Sobre vía secundaria': 'true'}, {'Cerca Colegios / Universidades': 'true'}, {'Cerca Parques': 'true'}, {'Cerca Transporte Público': 'true'}, {'Sobre vía principal': 'true'}, {'Sobre vía secundaria': 'true'}]}",2026-09-16 03:39:34.644569+00:00
https://www.metrocuadrado.com/inmueble/arriendo-apartamento-bogota-la-cabrera-2-habitaciones-3-banos-1-garajes/21379-M6688290?src_url=%2Finmuebles%2Farriendo%2Fbogota,"{'title': 'Apartamento En Arriendo, CABRERA', 'location': 'CABRERA, Bogotá D.C.', 'price': '$ 7.600.000', 'area': None, 'estrato': None, 'main_specs': '2 hab. | 3 bañ. | 1 par.', 'characteristics': [{'Apto para niños': 'true'}, {'Con chimenea': 'true'}, {'Citófonos': 'true'}, {'Tipo de Cortinas ninguna': 'true'}, {'Puertas de seguridad': 'true'}, {'Zona de lavanderia': 'true'}, {'Control de ruido': 'true'}, {'Control térmico': 'true'}, {'Extractor': 'true'}, {'Horno': 'true'}, {'Tipo instalación de gas propano': 'true'}, {'Lavaplatos': 'true'}, {'Luz en la tarde': 'true'}, {'Número de Closets 2': 'true'}, {'Número de piso 3': 'true'}, {'Se Permiten Mascotas': 'true'}, {'Tipo de calentador gas': 'true'}, {'Tipo de Cocina abierta': 'true'}, {'Tipo comedor comedor independiente': 'true'}, {'Depósito 1': 'true'}, {'Tipo de estufa gas': 'true'}, {'Tipo de acabado piso laminado': 'true'}, {'Tipo de piso en alcobas laminado': 'true'}, {'Tipo de piso en comedor laminado': 'true'}, {'Tipo de piso en estudio laminado': 'true'}, {'Tipo de piso en sala laminado': 'true'}, {'Vista interior': 'true'}, {'Walking closet': 'true'}, {'Cerca a gimnasio': 'true'}, {'Cerca a hospitales': 'true'}, {'Cerca a restaurantes': 'true'}, {'Cerca a tiendas de barrio': 'true'}, {'Salón comunal': 'true'}, {'Ascensor': 'true'}, {'Acceso para discapacitados': 'true'}, {'Circuito cerrado de TV': 'true'}, {'Parqueadero cubierto': 'true'}, {'Conjunto cerrado': 'true'}, {'Número de Ascensores 1': 'true'}, {'Recepción Lobby': 'true'}, {'Tipo de parqueadero propio': 'true'}, {'Vigilancia 24hrs': 'true'}, {'Cerca Centros Comerciales': 'true'}, {'Cerca Parques': 'true'}, {'Cerca Supermercados': 'true'}, {'Cerca Transporte Público': 'true'}, {'Cerca Centros Comerciales': 'true'}, {'Cerca Parques': 'true'}, {'Cerca Supermercados': 'true'}, {'Cerca Transporte Público': 'true'}]}",2026-09-16 03:39:40.208784+00:00
https://www.metrocuadrado.com/inmueble/arriendo-apartamento-bogota-terminal-de-transportes-3-habitaciones-2-banos-1-garajes/23798-M7056440?src_url=%2Finmuebles%2Farriendo%2Fbogota,"{'title': 'Apartamento En Arriendo, CIUDAD SALITRE', 'location': 'CIUDAD SALITRE, Bogotá D.C.', 'price': '$ 2.800.000', 'area': None, 'estrato': None, 'main_specs': '3 hab. | 2 bañ. | 1 par.', 'characteristics': [{'Apto para niños': 'true'}, {'Citófonos': 'true'}, {'Tipo de Cortinas persianas': 'true'}, {'Estudio o biblioteca': 'true'}, {'Zona de lavanderia': 'true'}, {'Extractor': 'true'}, {'Horno': 'true'}, {'Tipo instalación de gas natural': 'true'}, {'Lavaplatos': 'true'}, {'Luz en la mañana': 'true'}, {'Luz en la tarde': 'true'}, {'Número de Closets 4': 'true'}, {'Número de piso 7': 'true'}, {'Se Permiten Mascotas': 'true'}, {'Shut de basura': 'true'}, {'Tipo de calentador gas': 'true'}, {'Tipo de Cocina lineal': 'true'}, {'Tipo comedor sala comedor': 'true'}, {'Depósito 0': 'true'}, {'Tipo de estufa gas': 'true'}, {'Tipo de acabado piso madera': 'true'}, {'Tipo de piso en alcobas madera': 'true'}, {'Tipo de piso en comedor madera': 'true'}, {'Tipo de piso en estudio madera': 'true'}, {'Tipo de piso en sala madera': 'true'}, {'Vista exterior': 'true'}, {'Cerca a gimnasio': 'true'}, {'Cerca a Jardines y Colegios': 'true'}, {'Cerca a restaurantes': 'true'}, {'Cerca a tiendas de barrio': 'true'}, {'Gimnasio': 'true'}, {'Salón comunal': 'true'}, {'Zona de BBQ': 'true'}, {'Zona para niños': 'true'}, {'Acceso con tarjetas o dispositivos': 'true'}, {'Ascensor': 'true'}, {'Acceso para discapacitados': 'true'}, {'Circuito cerrado de TV': 'true'}, {'Parqueadero cubierto': 'true'}, {'Conjunto cerrado': 'true'}, {'Número de Ascensores 2': 'true'}, {'Recepción Lobby': 'true'}, {'Terraza/Balcón ninguno': 'true'}, {'Tipo de parqueadero propio': 'true'}, {'Vigilancia 24hrs': 'true'}, {'Cerca Centros Comerciales': 'true'}, {'Cerca Colegios / Universidades': 'true'}, {'Cerca Supermercados': 'true'}, {'Cerca Transporte Público': 'true'}, {'Sobre vía secundaria': 'true'}, {'Cerca Centros Comerciales': 'true'}, {'Cerca Colegios / Universidades': 'true'}, {'Cerca Supermercados': 'true'}, {'Cerca Transporte Público': 'true'}, {'Sobre vía secundaria': 'true'}]}",2026-09-16 03:39:45.741316+00:00
https://www.metrocuadrado.com/inmueble/arriendo-apartamento-bogota-la-soledad-3-habitaciones-4-banos-2-garajes/23049-M6939114?src_url=%2Finmuebles%2Farriendo%2Fbogota,"{'title': 'Apartamento En Arriendo, LA SOLEDAD', 'location': 'LA SOLEDAD, Bogotá D.C.', 'price': '$ 11.500.000', 'area': None, 'estrato': None, 'main_specs': '3 hab. | 4 bañ. | 2 par.', 'characteristics': [{'Apto para niños': 'true'}, {'Citófonos': 'true'}, {'Comedor auxiliar': 'true'}, {'Cuarto de servicio': 'true'}, {'Estudio o biblioteca': 'true'}, {'Hall de Alcobas': 'true'}, {'Puertas de seguridad': 'true'}, {'Zona de lavanderia': 'true'}, {'Dúplex': 'true'}, {'Extractor': 'true'}, {'Horno': 'true'}, {'Tipo instalación de gas natural': 'true'}, {'Lavaplatos': 'true'}, {'Luz en la mañana': 'true'}, {'Luz en la tarde': 'true'}, {'Número de piso 7': 'true'}, {'PentHouse': 'true'}, {'Shut de basura': 'true'}, {'Tipo de calentador gas': 'true'}, {'Tipo de Cocina en u': 'true'}, {'Tipo comedor comedor independiente': 'true'}, {'Depósito 1': 'true'}, {'Tipo de estufa gas': 'true'}, {'Vista exterior': 'true'}, {'Cerca a gimnasio': 'true'}, {'Cerca a Jardines y Colegios': 'true'}, {'Cerca a restaurantes': 'true'}, {'Cerca a tiendas de barrio': 'true'}, {'Área Terraza/Balcón 20': 'true'}, {'Ascensor': 'true'}, {'Circuito cerrado de TV': 'true'}, {'Parqueadero cubierto': 'true'}, {'Vista panorámica': 'true'}, {'Número de Ascensores 1': 'true'}, {'Terraza/Balcón terraza': 'true'}, {'Tipo de parqueadero propio': 'true'}, {'Vigilancia 24hrs': 'true'}, {'Cerca Colegios / Universidades': 'true'}, {'Cerca Parques': 'true'}, {'Cerca Supermercados': 'true'}, {'Cerca Transporte Público': 'true'}, {'Sobre vía principal': 'true'}, {'Cerca Colegios / Universidades': 'true'}, {'Cerca Parques': 'true'}, {'Cerca Supermercados': 'true'}, {'Cerca Transporte Público': 'true'}, {'Sobre vía principal': 'true'}]}",2026-09-16 03:39:51.184113+00:00
https://www.metrocuadrado.com/inmueble/arriendo-apartamento-bogota-1-habitaciones-2-banos-2-garajes/5545-M7056732?src_url=%2Finmuebles%2Farriendo%2Fbogota,"{'title': 'Apartamento En Arriendo, CHICO RESERVADO', 'location': 'CHICO RESERVADO, Bogotá D.C.', 'price': '$ 6.000.000', 'area': None, 'estrato': None, 'main_specs': '1 hab. | 2 bañ. | 2 par.', 'characteristics': [{'Apto para niños': 'true'}, {'Citófonos': 'true'}, {'Tipo de Cortinas con velos': 'true'}, {'Equipado / Amoblado': 'true'}, {'Zona de lavanderia': 'true'}, {'Tipo instalación de gas natural': 'true'}, {'Número de Closets 4': 'true'}, {'Número de piso 3': 'true'}, {'Tipo de Cocina abierta': 'true'}, {'Tipo comedor sala comedor': 'true'}, {'Depósito 0': 'true'}, {'Tipo de estufa gas': 'true'}, {'Tipo de acabado piso madera': 'true'}, {'Tipo de piso en alcobas madera': 'true'}, {'Tipo de piso en comedor madera': 'true'}, {'Tipo de piso en estudio madera': 'true'}, {'Tipo de piso en sala madera': 'true'}, {'Vista exterior': 'true'}, {'Walking closet': 'true'}, {'Cerca a gimnasio': 'true'}, {'Cerca a hospitales': 'true'}, {'Cerca a Jardines y Colegios': 'true'}, {'Cerca a parque industrial': 'true'}, {'Cerca a restaurantes': 'true'}, {'Cerca a tiendas de barrio': 'true'}, {'Gimnasio': 'true'}, {'Salón comunal': 'true'}, {'Zona de BBQ': 'true'}, {'Zona para niños': 'true'}, {'Zonas verdes': 'true'}, {'Área Terraza/Balcón 9': 'true'}, {'Ascensor': 'true'}, {'Circuito cerrado de TV': 'true'}, {'Vista panorámica': 'true'}, {'Conjunto cerrado': 'true'}, {'Número de Ascensores 1': 'true'}, {'Recepción Lobby': 'true'}, {'Terraza/Balcón balcón': 'true'}, {'Tipo de parqueadero independiente': 'true'}, {'Vigilancia 24hrs': 'true'}, {'Cerca Centros Comerciales': 'true'}, {'Cerca Colegios / Universidades': 'true'}, {'Cerca Parques': 'true'}, {'Cerca Supermercados': 'true'}, {'Cerca Transporte Público': 'true'}, {'Sobre vía secundaria': 'true'}]}",2026-09-16 03:39:56.032291+00:00
https://www.metrocuadrado.com/inmueble/arriendo-apartamento-bogota-molinos-norte-3-habitaciones-3-banos-2-garajes/20564-M6883345?src_url=%2Finmuebles%2Farriendo%2Fbogota,"{'title': 'Apartamento En Arriendo, SANTA PAULA', 'location': 'SANTA PAULA, Bogotá D.C.', 'price': '$ 6.880.000', 'area': None, 'estrato': None, 'main_specs': '3 hab. | 3 bañ. | 2 par.', 'characteristics': [{'Apto para niños': 'true'}, {'Con chimenea': 'true'}, {'Citófonos': 'true'}, {'Tipo de Cortinas pesadas': 'true'}, {'Estudio o biblioteca': 'true'}, {'Hall de Alcobas': 'true'}, {'Equipado / Amoblado': 'true'}, {'Puertas de seguridad': 'true'}, {'Zona de lavanderia': 'true'}, {'Extractor': 'true'}, {'Horno': 'true'}, {'Tipo instalación de gas natural': 'true'}, {'Lavaplatos': 'true'}, {'Luz en la mañana': 'true'}, {'Luz en la tarde': 'true'}, {'Número de Closets 3': 'true'}, {'Número de piso 2': 'true'}, {'Tipo de calentador gas': 'true'}, {'Tipo de Cocina abierta': 'true'}, {'Tipo comedor sala comedor': 'true'}, {'Depósito 1': 'true'}, {'Tipo de estufa gas': 'true'}, {'Tipo de acabado piso laminado': 'true'}, {'Tipo de piso en alcobas laminado': 'true'}, {'Tipo de piso en comedor laminado': 'true'}, {'Tipo de piso en estudio laminado': 'true'}, {'Tipo de piso en sala laminado': 'true'}, {'Vista exterior': 'true'}, {'Cerca a gimnasio': 'true'}, {'Cerca a hospitales': 'true'}, {'Cerca a Jardines y Colegios': 'true'}, {'Cerca a restaurantes': 'true'}, {'Cerca a tiendas de barrio': 'true'}, {'Zona de BBQ': 'true'}, {'Área Terraza/Balcón 8': 'true'}, {'Ascensor': 'true'}, {'Acceso para discapacitados': 'true'}, {'Parqueadero cubierto': 'true'}, {'Número de Ascensores 1': 'true'}, {'Terraza/Balcón balcón': 'true'}, {'Terraza Rooftop': 'true'}, {'Tipo de parqueadero propio': 'true'}, {'Vigilancia 24hrs': 'true'}, {'Cerca Centros Comerciales': 'true'}, {'Cerca Colegios / Universidades': 'true'}, {'Cerca Parques': 'true'}, {'Cerca Supermercados': 'true'}, {'Cerca Transporte Público': 'true'}, {'Sobre vía secundaria': 'true'}, {'Cerca Centros Comerciales': 'true'}, {'Cerca Colegios / Universidades': 'true'}, {'Cerca Parques': 'true'}, {'Cerca Supermercados': 'true'}, {'Cerca Transporte Público': 'true'}, {'Sobre vía secundaria': 'true'}]}",2026-09-16 03:40:01.525617+00:00
https://www.metrocuadrado.com/inmueble/arriendo-apartamento-bogota-cerros-de-santa-barbara-3-habitaciones-5-banos-4-garajes/5586-M6786287?src_url=%2Finmuebles%2Farriendo%2Fbogota,"{'title': 'Apartamento En Arriendo, CERROS DE LOS ALPES', 'location': 'CERROS DE LOS ALPES, Bogotá D.C.', 'price': '$ 23.000.000', 'area': None, 'estrato': None, 'main_specs': '3 hab. | 5 bañ. | 4 par.', 'characteristics': [{'Apto para niños': 'true'}, {'Con calefacción': 'true'}, {'Con chimenea': 'true'}, {'Citófonos': 'true'}, {'Comedor auxiliar': 'true'}, {'Tipo de Cortinas persianas': 'true'}, {'Cuarto de servicio': 'true'}, {'Estudio o biblioteca': 'true'}, {'Hall de Alcobas': 'true'}, {'Puertas de seguridad': 'true'}, {'Zona de lavanderia': 'true'}, {'Despensa': 'true'}, {'Horno': 'true'}, {'Tipo instalación de gas natural': 'true'}, {'Lavaplatos': 'true'}, {'Luz en la mañana': 'true'}, {'Luz en la tarde': 'true'}, {'Número de Closets 4': 'true'}, {'Número de piso 5': 'true'}, {'Se Permiten Mascotas': 'true'}, {'Tipo de calentador caldera': 'true'}, {'Tipo de Cocina isla': 'true'}, {'Tipo comedor comedor independiente': 'true'}, {'Depósito 1': 'true'}, {'Tipo de estufa gas': 'true'}, {'Tipo de acabado piso madera': 'true'}, {'Tipo de piso en alcobas madera': 'true'}, {'Tipo de piso en comedor madera': 'true'}, {'Tipo de piso en estudio madera': 'true'}, {'Tipo de piso en sala madera': 'true'}, {'Vista exterior': 'true'}, {'Walking closet': 'true'}, {'Cerca a gimnasio': 'true'}, {'Cerca a hospitales': 'true'}, {'Cerca a Jardines y Colegios': 'true'}, {'Cerca a parque industrial': 'true'}, {'Cerca a restaurantes': 'true'}, {'Cancha(s) de squash': 'true'}, {'Cancha(s) de Tennis': 'true'}, {'Gimnasio': 'true'}, {'Salón comunal': 'true'}, {'Sauna y/o turco': 'true'}, {'Zona de BBQ': 'true'}, {'Zona para niños': 'true'}, {'Zonas verdes': 'true'}, {'Área Terraza/Balcón 28': 'true'}, {'Ascensor': 'true'}, {'Bahias de parqueo': 'true'}, {'Acceso para discapacitados': 'true'}, {'Circuito cerrado de TV': 'true'}, {'Cuarto de escoltas': 'true'}, {'Parqueadero cubierto': 'true'}, {'Conjunto cerrado': 'true'}, {'Número de Ascensores 2': 'true'}, {'Recepción Lobby': 'true'}, {'Terraza/Balcón balcón': 'true'}, {'Tipo de parqueadero propio': 'true'}, {'Vigilancia 24hrs': 'true'}, {'Cerca Centros Comerciales': 'true'}, {'Cerca Parques': 'true'}, {'Cerca Supermercados': 'true'}, {'Cerca Transporte Público': 'true'}, {'Sobre vía secundaria': 'true'}, {'Cerca Centros Comerciales': 'true'}, {'Cerca Parques': 'true'}, {'Cerca Supermercados': 'true'}, {'Cerca Transporte Público': 'true'}, {'Sobre vía secundaria': 'true'}]}",2026-09-16 03:40:07.378942+00:00
https://www.metrocuadrado.com/inmueble/arriendo-apartamento-bogota-samper-2-habitaciones-2-banos-1-garajes/21662-M6784122?src_url=%2Finmuebles%2Farriendo%2Fbogota,"{'title': 'Apartamento En Arriendo, Centro Internacional Bogota', 'location': 'Centro Internacional Bogota, Bogotá D.C.', 'price': '$ 4.900.000', 'area': None, 'estrato': None, 'main_specs': '2 hab. | 2 bañ. | 1 par.', 'characteristics': [{'Apto para niños': 'true'}, {'Citófonos': 'true'}, {'Tipo de Cortinas persianas': 'true'}, {'Estudio o biblioteca': 'true'}, {'Hall de Alcobas': 'true'}, {'Equipado / Amoblado': 'true'}, {'Zona de lavanderia': 'true'}, {'Despensa': 'true'}, {'Detección de humo': 'true'}, {'En interior y/o bloque': 'true'}, {'Extractor': 'true'}, {'Horno': 'true'}, {'Tipo instalación de gas natural': 'true'}, {'Luz en la mañana': 'true'}, {'Luz en la tarde': 'true'}, {'Número de Closets 3': 'true'}, {'Número de piso 23': 'true'}, {'Se Permite Fumar': 'true'}, {'Se Permiten Mascotas': 'true'}, {'Shut de basura': 'true'}, {'Tipo de calentador gas': 'true'}, {'Tipo de Cocina abierta': 'true'}, {'Tipo comedor sala comedor': 'true'}, {'Depósito 0': 'true'}, {'Tipo de estufa gas': 'true'}, {'Tipo de acabado piso baldosa': 'true'}, {'Tipo de piso en alcobas laminado': 'true'}, {'Tipo de piso en comedor laminado': 'true'}, {'Tipo de piso en estudio laminado': 'true'}, {'Tipo de piso en sala laminado': 'true'}, {'Vista exterior': 'true'}, {'Cerca a gimnasio': 'true'}, {'Cerca a parque industrial': 'true'}, {'Cerca a restaurantes': 'true'}, {'Cerca a tiendas de barrio': 'true'}, {'Gimnasio': 'true'}, {'Salón comunal': 'true'}, {'Sauna y/o turco': 'true'}, {'Zona de BBQ': 'true'}, {'Zona para niños': 'true'}, {'Zonas verdes': 'true'}, {'Acceso con tarjetas o dispositivos': 'true'}, {'Área Terraza/Balcón 8': 'true'}, {'Ascensor': 'true'}, {'Bahias de parqueo': 'true'}, {'Acceso para discapacitados': 'true'}, {'Circuito cerrado de TV': 'true'}, {'Parqueadero cubierto': 'true'}, {'Vista panorámica': 'true'}, {'Número de Ascensores 2': 'true'}, {'Parqueadero inteligente': 'true'}, {'Recepción Lobby': 'true'}, {'Terraza/Balcón balcón': 'true'}, {'Terraza Rooftop': 'true'}, {'Tipo de parqueadero propio': 'true'}, {'Vigilancia 24hrs': 'true'}, {'Cerca Centros Comerciales': 'true'}, {'Cerca Colegios / Universidades': 'true'}, {'Cerca Parques': 'true'}, {'Cerca Supermercados': 'true'}, {'Cerca Transporte Público': 'true'}, {'Sobre vía principal': 'true'}, {'Cerca Centros Comerciales': 'true'}, {'Cerca Colegios / Universidades': 'true'}, {'Cerca Parques': 'true'}, {'Cerca Supermercados': 'true'}, {'Cerca Transporte Público': 'true'}, {'Sobre vía principal': 'true'}]}",2026-09-16 03:40:12.890838+00:00
https://www.metrocuadrado.com/inmueble/arriendo-casa-bogota-casa-blanca-3-habitaciones-3-banos-4-garajes/9859-M6423898?src_url=%2Finmuebles%2Farriendo%2Fbogota,"{'title': 'Casa En Arriendo, GUAYMARAL', 'location': 'GUAYMARAL, Bogotá D.C.', 'price': '$ 6.700.000', 'area': None, 'estrato': None, 'main_specs': '3 hab. | 3 bañ. | 4 par.', 'characteristics': [{'Apto para niños': 'true'}, {'Casa campestre': 'true'}, {'Con chimenea': 'true'}, {'Tipo de Cortinas persianas': 'true'}, {'Estudio o biblioteca': 'true'}, {'Hall de Alcobas': 'true'}, {'Zona de lavanderia': 'true'}, {'Extractor': 'true'}, {'Horno': 'true'}, {'Tipo instalación de gas natural': 'true'}, {'Luz en la mañana': 'true'}, {'Luz en la tarde': 'true'}, {'Número de Closets 3': 'true'}, {'Número de líneas teléfonicas 0': 'true'}, {'Se Permiten Mascotas': 'true'}, {'Tipo de calentador gas': 'true'}, {'Tipo de Casa condominio': 'true'}, {'Tipo de Cocina isla': 'true'}, {'Tipo comedor comedor independiente': 'true'}, {'Depósito 1': 'true'}, {'Tipo de estufa gas': 'true'}, {'Tipo de acabado piso laminado': 'true'}, {'Tipo de piso en alcobas laminado': 'true'}, {'Tipo de piso en comedor laminado': 'true'}, {'Tipo de piso en estudio laminado': 'true'}, {'Tipo de piso en sala laminado': 'true'}, {'Vista exterior': 'true'}, {'Walking-closet': 'true'}, {'Cerca a Jardines y Colegios': 'true'}, {'Jardín interior': 'true'}, {'Sendero peatonal': 'true'}, {'Zona de BBQ': 'true'}, {'Zona para niños': 'true'}, {'Zonas verdes': 'true'}, {'Bahias de parqueo': 'true'}, {'Acceso para discapacitados': 'true'}, {'Vista panorámica': 'true'}, {'Conjunto cerrado': 'true'}, {'Número de Ascensores 0': 'true'}, {'Número de niveles 2': 'true'}, {'Tipo de parqueadero propio': 'true'}, {'Vigilancia 24hrs': 'true'}, {'Cerca Colegios / Universidades': 'true'}, {'Cerca Supermercados': 'true'}, {'Cerca Transporte Público': 'true'}, {'Sobre vía secundaria': 'true'}, {'Área Rural': 'true'}, {'Cerca Colegios / Universidades': 'true'}, {'Cerca Supermercados': 'true'}, {'Cerca Transporte Público': 'true'}, {'Sobre vía secundaria': 'true'}, {'Área Rural': 'true'}]}",2026-09-16 03:40:18.416119+00:00
https://www.metrocuadrado.com/inmueble/arriendo-casa-bogota-san-jose-de-bavaria-3-habitaciones-5-banos-4-garajes/438-M6328598?src_url=%2Finmuebles%2Farriendo%2Fbogota,"{'title': 'Casa En Arriendo, SAN JOSE DE BAVARIA', 'location': 'SAN JOSE DE BAVARIA, Bogotá D.C.', 'price': '$ 19.000.000', 'area': None, 'estrato': None, 'main_specs': '3 hab. | 5 bañ. | 4 par.', 'characteristics': [{'Altillo': 'true'}, {'Apto para niños': 'true'}, {'Casa campestre': 'true'}, {'Con chimenea': 'true'}, {'Citófonos': 'true'}, {'Estudio o biblioteca': 'true'}, {'Jacuzzi': 'true'}, {'Equipado / Amoblado': 'true'}, {'Zona de lavanderia': 'true'}, {'Tipo instalación de gas natural': 'true'}, {'Luz en la mañana': 'true'}, {'Luz en la tarde': 'true'}, {'Número de Closets 3': 'true'}, {'Tipo de Casa condominio': 'true'}, {'Tipo de Cocina lineal': 'true'}, {'Tipo comedor comedor independiente': 'true'}, {'Depósito 0': 'true'}, {'Tipo de estufa gas': 'true'}, {'Tipo de acabado piso madera': 'true'}, {'Tipo de piso en alcobas alfombra': 'true'}, {'Tipo de piso en comedor madera': 'true'}, {'Tipo de piso en estudio madera': 'true'}, {'Tipo de piso en sala madera': 'true'}, {'Vista exterior': 'true'}, {'Cerca a hospitales': 'true'}, {'Cerca a Jardines y Colegios': 'true'}, {'Cerca a restaurantes': 'true'}, {'Cerca a tiendas de barrio': 'true'}, {'Jardín interior': 'true'}, {'Sendero peatonal': 'true'}, {'Zona de BBQ': 'true'}, {'Zonas verdes': 'true'}, {'&Aacute;rea del lote 800': 'true'}, {'Circuito cerrado de TV': 'true'}, {'Conjunto cerrado': 'true'}, {'Esquinero': 'true'}, {'Número de niveles 2': 'true'}, {'Vigilancia 24hrs': 'true'}, {'Cerca Centros Comerciales': 'true'}, {'Cerca Colegios / Universidades': 'true'}, {'Cerca Parques': 'true'}, {'Cerca Supermercados': 'true'}, {'Cerca Transporte Público': 'true'}, {'Sobre vía secundaria': 'true'}, {'Área Rural': 'true'}, {'Cerca Centros Comerciales': 'true'}, {'Cerca Colegios / Universidades': 'true'}, {'Cerca Parques': 'true'}, {'Cerca Supermercados': 'true'}, {'Cerca Transporte Público': 'true'}, {'Sobre vía secundaria': 'true'}, {'Área Rural': 'true'}]}",2026-09-16 03:40:23.916064+00:00
https://www.metrocuadrado.com/inmueble/arriendo-apartamento-bogota-ub-cordoba-niza-4-habitaciones-3-banos-2-garajes/21165-M6938815?src_url=%2Finmuebles%2Farriendo%2Fbogota,"{'title': 'Apartamento En Arriendo, PROVENZA CAMPESTRE', 'location': 'PROVENZA CAMPESTRE, Bogotá D.C.', 'price': '$ 4.900.000', 'area': None, 'estrato': None, 'main_specs': '4 hab. | 3 bañ. | 2 par.', 'characteristics': [{'Apto para niños': 'true'}, {'Con chimenea': 'true'}, {'Citófonos': 'true'}, {'Tipo de Cortinas persianas': 'true'}, {'Estudio o biblioteca': 'true'}, {'Zona de lavanderia': 'true'}, {'Extractor': 'true'}, {'Horno': 'true'}, {'Tipo instalación de gas natural': 'true'}, {'Luz en la mañana': 'true'}, {'Número de Closets 3': 'true'}, {'Número de piso 12': 'true'}, {'Shut de basura': 'true'}, {'Tipo de calentador electrico': 'true'}, {'Tipo de Cocina en u': 'true'}, {'Tipo comedor comedor independiente': 'true'}, {'Depósito 1': 'true'}, {'Tipo de estufa gas': 'true'}, {'Tipo de acabado piso laminado': 'true'}, {'Tipo de piso en alcobas laminado': 'true'}, {'Tipo de piso en comedor laminado': 'true'}, {'Tipo de piso en estudio laminado': 'true'}, {'Tipo de piso en sala laminado': 'true'}, {'Vista exterior': 'true'}, {'Walking closet': 'true'}, {'Cerca a gimnasio': 'true'}, {'Cerca a hospitales': 'true'}, {'Cerca a Jardines y Colegios': 'true'}, {'Cerca a restaurantes': 'true'}, {'Cerca a tiendas de barrio': 'true'}, {'Cancha(s) de Basket': 'true'}, {'Gimnasio': 'true'}, {'Salón comunal': 'true'}, {'Zona de BBQ': 'true'}, {'Zona para niños': 'true'}, {'Área Terraza/Balcón 4': 'true'}, {'Ascensor': 'true'}, {'Acceso para discapacitados': 'true'}, {'Circuito cerrado de TV': 'true'}, {'Parqueadero cubierto': 'true'}, {'Vista panorámica': 'true'}, {'Conjunto cerrado': 'true'}, {'Número de Ascensores 1': 'true'}, {'Recepción Lobby': 'true'}, {'Terraza/Balcón balcón': 'true'}, {'Tipo de parqueadero propio': 'true'}, {'Vigilancia 24hrs': 'true'}, {'Cerca Centros Comerciales': 'true'}, {'Cerca Colegios / Universidades': 'true'}, {'Cerca Parques': 'true'}, {'Cerca Supermercados': 'true'}, {'Cerca Transporte Público': 'true'}, {'Sobre vía secundaria': 'true'}, {'Cerca Centros Comerciales': 'true'}, {'Cerca Colegios / Universidades': 'true'}, {'Cerca Parques': 'true'}, {'Cerca Supermercados': 'true'}, {'Cerca Transporte Público': 'true'}, {'Sobre vía secundaria': 'true'}]}",2026-09-16 03:40:29.497375+00:00
https://www.metrocuadrado.com/inmueble/venta-casa-bogota-los-andes-norte-5-habitaciones-5-banos-2-garajes/4830-M2711134?src_url=%2Finmuebles%2Farriendo%2Fbogota,"{'title': 'Casa En Venta Y Arriendo, LOS ANDES NORTE', 'location': 'LOS ANDES NORTE, Bogotá D.C.', 'price': '$ 2.800.000.000', 'area': None, 'estrato': None, 'main_specs': '5 hab. | 5 bañ. | 2 par.', 'characteristics': [{'Apto para niños': 'true'}, {'Comedor auxiliar': 'true'}, {'Tipo de Cortinas persianas': 'true'}, {'Estudio o biblioteca': 'true'}, {'Equipado / Amoblado': 'true'}, {'Zona de lavanderia': 'true'}, {'Tipo instalación de gas natural': 'true'}, {'Número de Closets 4': 'true'}, {'Número de líneas teléfonicas 2': 'true'}, {'Se Permiten Mascotas': 'true'}, {'Tipo de calentador gas': 'true'}, {'Tipo de Casa tradicional': 'true'}, {'Tipo de Cocina lineal': 'true'}, {'Tipo comedor comedor independiente': 'true'}, {'Depósito 2': 'true'}, {'Tipo de estufa gas': 'true'}, {'Tipo de acabado piso laminado': 'true'}, {'Tipo de piso en alcobas laminado': 'true'}, {'Tipo de piso en comedor porcelanato': 'true'}, {'Vista exterior': 'true'}, {'Jardín interior': 'true'}, {'&Aacute;rea del lote 300': 'true'}, {'Área Terraza/Balcón 50': 'true'}, {'Acceso para discapacitados': 'true'}, {'Conjunto cerrado': 'true'}, {'Número de Ascensores 0': 'true'}, {'Número de niveles 2': 'true'}, {'Terraza/Balcón terraza': 'true'}, {'Tipo de parqueadero propio': 'true'}, {'Cerca Centros Comerciales': 'true'}, {'Cerca Colegios / Universidades': 'true'}, {'Cerca Parques': 'true'}, {'Cerca Supermercados': 'true'}, {'Cerca Transporte Público': 'true'}, {'Sobre vía principal': 'true'}, {'Sobre vía secundaria': 'true'}, {'Cerca Centros Comerciales': 'true'}, {'Cerca Colegios / Universidades': 'true'}, {'Cerca Parques': 'true'}, {'Cerca Supermercados': 'true'}, {'Cerca Transporte Público': 'true'}, {'Sobre vía principal': 'true'}, {'Sobre vía secundaria': 'true'}]}",2026-09-16 03:40:36.186247+00:00
https://www.metrocuadrado.com/inmueble/venta-casa-bogota-sucre-5-habitaciones-5-banos-4-garajes/4830-M2829165?src_url=%2Finmuebles%2Farriendo%2Fbogota,"{'title': 'Casa En Venta Y Arriendo, JAVERIANA SUCRE', 'location': 'JAVERIANA SUCRE, Bogotá D.C.', 'price': '$ 4.500.000.000.000', 'area': None, 'estrato': None, 'main_specs': '5 hab. | 5 bañ. | 4 par.', 'characteristics': [{'Apto para niños': 'true'}, {'Citófonos': 'true'}, {'Tipo de Cortinas persianas': 'true'}, {'Hall de Alcobas': 'true'}, {'Puertas de seguridad': 'true'}, {'Tipo instalación de gas natural': 'true'}, {'Número de Closets 4': 'true'}, {'Número de líneas teléfonicas 0': 'true'}, {'Tipo de calentador gas': 'true'}, {'Tipo de Casa tradicional': 'true'}, {'Tipo comedor comedor independiente': 'true'}, {'Depósito 0': 'true'}, {'Tipo de estufa gas': 'true'}, {'Tipo de piso en alcobas madera': 'true'}, {'Tipo de piso en comedor madera': 'true'}, {'Tipo de piso en estudio madera': 'true'}, {'Tipo de piso en sala madera': 'true'}, {'Vista exterior': 'true'}, {'Jardín interior': 'true'}, {'Zona de BBQ': 'true'}, {'&Aacute;rea del lote 550': 'true'}, {'Área Terraza/Balcón 3': 'true'}, {'Circuito cerrado de TV': 'true'}, {'Número de Ascensores 0': 'true'}, {'Número de niveles 2': 'true'}, {'Terraza/Balcón balcón': 'true'}, {'Tipo de parqueadero propio': 'true'}, {'Cerca Centros Comerciales': 'true'}, {'Cerca Colegios / Universidades': 'true'}, {'Cerca Parques': 'true'}, {'Cerca Supermercados': 'true'}, {'Cerca Transporte Público': 'true'}, {'Sobre vía secundaria': 'true'}, {'Cerca Centros Comerciales': 'true'}, {'Cerca Colegios / Universidades': 'true'}, {'Cerca Parques': 'true'}, {'Cerca Supermercados': 'true'}, {'Cerca Transporte Público': 'true'}, {'Sobre vía secundaria': 'true'}]}",2026-09-16 03:40:42.796281+00:00
https://www.metrocuadrado.com/inmueble/arriendo-oficina-bogota-samper-mendoza-5-banos-4-garajes/848-M4896577?src_url=%2Finmuebles%2Farriendo%2Fbogota,"{'title': 'Oficina En Arriendo, COLSEGUROS', 'location': 'COLSEGUROS, Bogotá D.C.', 'price': '$ 279.210.294', 'area': None, 'estrato': None, 'main_specs': '5 bañ. | 4 par.', 'characteristics': [{'Citófonos': 'true'}, {'Puertas de seguridad': 'true'}, {'Control de ruido': 'true'}, {'Control térmico': 'true'}, {'Detección de humo': 'true'}, {'Escalera de Emergencia': 'true'}, {'Número de piso 7': 'true'}, {'Salón de conferencias': 'true'}, {'Se Permite Fumar': 'true'}, {'Tipo de oficina edificio': 'true'}, {'Tipo de acabado piso alfombra': 'true'}, {'Vista exterior': 'true'}, {'Cerca a gimnasio': 'true'}, {'Cerca a hospitales': 'true'}, {'Cerca a parque industrial': 'true'}, {'Acceso con tarjetas o dispositivos': 'true'}, {'Ascensor': 'true'}, {'Acceso para discapacitados': 'true'}, {'Circuito cerrado de TV': 'true'}, {'Parqueadero cubierto': 'true'}, {'Vista panorámica': 'true'}, {'Número de Ascensores 3': 'true'}, {'Recepción Lobby': 'true'}, {'Salón de juegos': 'true'}, {'Sistema contra incendio': 'true'}, {'Vigilancia 24hrs': 'true'}, {'Cerca Centros Comerciales': 'true'}, {'Cerca Parques': 'true'}, {'Cerca Supermercados': 'true'}, {'Cerca Transporte Público': 'true'}, {'Sobre vía principal': 'true'}, {'Sobre vía secundaria': 'true'}, {'Ubicación zona centros negocios': 'true'}, {'Cerca Centros Comerciales': 'true'}, {'Cerca Parques': 'true'}, {'Cerca Supermercados': 'true'}, {'Cerca Transporte Público': 'true'}, {'Sobre vía principal': 'true'}, {'Sobre vía secundaria': 'true'}, {'Ubicación zona centros negocios': 'true'}]}",2026-09-16 03:40:47.765333+00:00
https://www.metrocuadrado.com/inmueble/arriendo-apartamento-bogota-molinos-norte-2-habitaciones-3-banos-2-garajes/14193-M7057210?src_url=%2Finmuebles%2Farriendo%2Fbogota,"{'title': 'Apartamento En Arriendo, MOLINOS NORTE', 'location': 'MOLINOS NORTE, Bogotá D.C.', 'price': '$ 6.000.000', 'area': None, 'estrato': None, 'main_specs': '2 hab. | 3 bañ. | 2 par.', 'characteristics': [{'Citófonos': 'true'}, {'Tipo de Cortinas persianas': 'true'}, {'Zona de lavanderia': 'true'}, {'Extractor': 'true'}, {'Horno': 'true'}, {'Tipo instalación de gas natural': 'true'}, {'Número de Closets 2': 'true'}, {'Número de piso 3': 'true'}, {'Tipo de calentador gas': 'true'}, {'Tipo de Cocina en l': 'true'}, {'Tipo comedor sala comedor': 'true'}, {'Depósito 1': 'true'}, {'Tipo de estufa gas': 'true'}, {'Tipo de acabado piso laminado': 'true'}, {'Tipo de piso en alcobas laminado': 'true'}, {'Tipo de piso en comedor laminado': 'true'}, {'Tipo de piso en estudio laminado': 'true'}, {'Tipo de piso en sala laminado': 'true'}, {'Vista interior': 'true'}, {'Cerca a gimnasio': 'true'}, {'Cerca a hospitales': 'true'}, {'Cerca a restaurantes': 'true'}, {'Salón comunal': 'true'}, {'Área Terraza/Balcón 6': 'true'}, {'Ascensor': 'true'}, {'Circuito cerrado de TV': 'true'}, {'Parqueadero cubierto': 'true'}, {'Número de Ascensores 1': 'true'}, {'Terraza/Balcón balcón': 'true'}, {'Tipo de parqueadero propio': 'true'}, {'Vigilancia 24hrs': 'true'}, {'Cerca Centros Comerciales': 'true'}, {'Cerca Colegios / Universidades': 'true'}, {'Cerca Supermercados': 'true'}, {'Cerca Transporte Público': 'true'}, {'Sobre vía secundaria': 'true'}, {'Cerca Centros Comerciales': 'true'}, {'Cerca Colegios / Universidades': 'true'}, {'Cerca Supermercados': 'true'}, {'Cerca Transporte Público': 'true'}, {'Sobre vía secundaria': 'true'}]}",2026-09-16 03:40:53.405550+00:00
https://www.metrocuadrado.com/inmueble/arriendo-apartamento-bogota-gratamira-3-habitaciones-3-banos-3-garajes/16913-M6020289?src_url=%2Finmuebles%2Farriendo%2Fbogota,"{'title': 'Apartamento En Arriendo, Gratamira', 'location': 'Gratamira, Bogotá D.C.', 'price': '$ 7.350.000', 'area': None, 'estrato': None, 'main_specs': '3 hab. | 3 bañ. | 3 par.', 'characteristics': [{'Baño Auxiliar': 'true'}, {'Baño de Servicio': 'true'}, {'Con calefacción': 'true'}, {'Con chimenea': 'true'}, {'Citófonos': 'true'}, {'Cocina Tipo Americano': 'true'}, {'Tipo de Cortinas persianas': 'true'}, {'Cuarto de servicio': 'true'}, {'Estudio o biblioteca': 'true'}, {'Zona de lavanderia': 'true'}, {'En interior y/o bloque': 'true'}, {'Tipo instalación de gas natural': 'true'}, {'Monoambiente': 'true'}, {'Número de Closets 4': 'true'}, {'Número de piso 2': 'true'}, {'Tipo de calentador gas': 'true'}, {'Tipo de Cocina abierta': 'true'}, {'Tipo comedor sala comedor': 'true'}, {'Depósito 1': 'true'}, {'Tipo de estufa gas': 'true'}, {'Vista exterior': 'true'}, {'Cancha(s) de Tennis': 'true'}, {'Gimnasio': 'true'}, {'Zona de BBQ': 'true'}, {'Zonas verdes': 'true'}, {'Área Terraza/Balcón 40': 'true'}, {'Ascensor': 'true'}, {'Circuito cerrado de TV': 'true'}, {'Parqueadero cubierto': 'true'}, {'Parqueadero visitantes': 'true'}, {'Con Terraza': 'true'}, {'Vigilancia': 'true'}, {'Vista panorámica': 'true'}, {'Conjunto cerrado': 'true'}, {'Número de Ascensores 1': 'true'}, {'Recepción Lobby': 'true'}, {'Terraza/Balcón terraza': 'true'}, {'Terraza Rooftop': 'true'}, {'Tipo de parqueadero propio': 'true'}, {'Vigilancia 24hrs': 'true'}, {'Cerca Parques': 'true'}, {'Cerca Transporte Público': 'true'}, {'Área Urbana': 'true'}, {'Cerca Parques': 'true'}, {'Cerca Transporte Público': 'true'}, {'Área Urbana': 'true'}]}",2026-09-16 03:40:59.199547+00:00
https://www.metrocuadrado.com/inmueble/arriendo-apartamento-bogota-chico-norte-et.-ii-1-habitaciones-2-banos-2-garajes/12494-M5738764?src_url=%2Finmuebles%2Farriendo%2Fbogota,"{'title': 'Apartamento En Arriendo, CHICO RESERVADO', 'location': 'CHICO RESERVADO, Bogotá D.C.', 'price': '$ 7.500.000', 'area': None, 'estrato': None, 'main_specs': '1 hab. | 2 bañ. | 2 par.', 'characteristics': [{'Apto para niños': 'true'}, {'Alarma': 'true'}, {'Citófonos': 'true'}, {'Tipo de Cortinas persianas': 'true'}, {'Equipado / Amoblado': 'true'}, {'Puertas de seguridad': 'true'}, {'Zona de lavanderia': 'true'}, {'Control de ruido': 'true'}, {'Despensa': 'true'}, {'En interior y/o bloque': 'true'}, {'Horno': 'true'}, {'Tipo instalación de gas natural': 'true'}, {'Lavaplatos': 'true'}, {'Luz en la tarde': 'true'}, {'Número de Closets 1': 'true'}, {'Número de piso 9': 'true'}, {'Se Permite Fumar': 'true'}, {'Shut de basura': 'true'}, {'Tipo de calentador gas': 'true'}, {'Tipo de Cocina abierta': 'true'}, {'Tipo comedor sala comedor': 'true'}, {'Depósito 1': 'true'}, {'Tipo de estufa mixta': 'true'}, {'Tipo de acabado piso madera': 'true'}, {'Tipo de piso en alcobas madera': 'true'}, {'Tipo de piso en comedor madera': 'true'}, {'Tipo de piso en estudio madera': 'true'}, {'Tipo de piso en sala madera': 'true'}, {'Vista exterior': 'true'}, {'Walking closet': 'true'}, {'Cerca a gimnasio': 'true'}, {'Cerca a Jardines y Colegios': 'true'}, {'Cerca a restaurantes': 'true'}, {'Cerca a tiendas de barrio': 'true'}, {'Cancha(s) de squash': 'true'}, {'Gimnasio': 'true'}, {'Salón comunal': 'true'}, {'Sauna y/o turco': 'true'}, {'Zona de BBQ': 'true'}, {'Zona para niños': 'true'}, {'Zonas verdes': 'true'}, {'Área Terraza/Balcón 35': 'true'}, {'Ascensor': 'true'}, {'Acceso para discapacitados': 'true'}, {'Circuito cerrado de TV': 'true'}, {'Parqueadero cubierto': 'true'}, {'Conjunto cerrado': 'true'}, {'Número de Ascensores 2': 'true'}, {'Terraza/Balcón terraza': 'true'}, {'Tipo de parqueadero propio': 'true'}, {'Cerca Centros Comerciales': 'true'}, {'Cerca Colegios / Universidades': 'true'}, {'Cerca Parques': 'true'}, {'Cerca Supermercados': 'true'}, {'Cerca Transporte Público': 'true'}, {'Sobre vía secundaria': 'true'}, {'Cerca Centros Comerciales': 'true'}, {'Cerca Colegios / Universidades': 'true'}, {'Cerca Parques': 'true'}, {'Cerca Supermercados': 'true'}, {'Cerca Transporte Público': 'true'}, {'Sobre vía secundaria': 'true'}]}",2026-09-16 03:41:04.871997+00:00
https://www.metrocuadrado.com/inmueble/arriendo-apartamento-bogota-niza-4-habitaciones-5-banos-4-garajes/18942-M6871807?src_url=%2Finmuebles%2Farriendo%2Fbogota,"{'title': 'Apartamento En Arriendo, Niza', 'location': 'Niza, Bogotá D.C.', 'price': '$ 15.000.000', 'area': None, 'estrato': None, 'main_specs': '4 hab. | 5 bañ. | 4 par.', 'characteristics': [{'Baño Auxiliar': 'true'}, {'Baño de Servicio': 'true'}, {'Con calefacción': 'true'}, {'Con chimenea': 'true'}, {'Citófonos': 'true'}, {'Cocina Tipo Americano': 'true'}, {'Cocina integral': 'true'}, {'Comedor auxiliar': 'true'}, {'Cuarto de servicio': 'true'}, {'Estudio o biblioteca': 'true'}, {'Zona de lavanderia': 'true'}, {'Horno': 'true'}, {'Monoambiente': 'true'}, {'Número de piso 5': 'true'}, {'Depósito 1': 'true'}, {'Cerca a Jardines y Colegios': 'true'}, {'Cancha(s) de Basket': 'true'}, {'Cancha(s) de Fútbol': 'true'}, {'Cancha(s) de squash': 'true'}, {'Gimnasio': 'true'}, {'Zona de BBQ': 'true'}, {'Zona para niños': 'true'}, {'Zonas verdes': 'true'}, {'Ascensor': 'true'}, {'Parqueadero visitantes': 'true'}, {'Con Terraza': 'true'}, {'Vigilancia': 'true'}, {'Recepción Lobby': 'true'}, {'Terraza/Balcón balcón': 'true'}, {'Terraza Rooftop': 'true'}, {'Cerca Parques': 'true'}, {'Cerca Transporte Público': 'true'}, {'Área Urbana': 'true'}, {'Cerca Parques': 'true'}, {'Cerca Transporte Público': 'true'}, {'Área Urbana': 'true'}]}",2026-09-16 03:41:09.875915+00:00
https://www.metrocuadrado.com/inmueble/arriendo-apartamento-bogota-sabanalarga-3-habitaciones-4-banos-2-garajes/3395-M6081817?src_url=%2Finmuebles%2Farriendo%2Fbogota,"{'title': 'Apartamento En Arriendo, LA CAROLINA COUNTRY', 'location': 'LA CAROLINA COUNTRY, Bogotá D.C.', 'price': '$ 9.800.000', 'area': None, 'estrato': None, 'main_specs': '3 hab. | 4 bañ. | 2 par.', 'characteristics': [{'Apto para niños': 'true'}, {'Con chimenea': 'true'}, {'Citófonos': 'true'}, {'Comedor auxiliar': 'true'}, {'Tipo de Cortinas pesadas': 'true'}, {'Estudio o biblioteca': 'true'}, {'Hall de Alcobas': 'true'}, {'Equipado / Amoblado': 'true'}, {'Puertas de seguridad': 'true'}, {'Zona de lavanderia': 'true'}, {'Despensa': 'true'}, {'Dúplex': 'true'}, {'Extractor': 'true'}, {'Horno': 'true'}, {'Tipo instalación de gas natural': 'true'}, {'Lavaplatos': 'true'}, {'Luz en la mañana': 'true'}, {'Número de Closets 4': 'true'}, {'Número de piso 6': 'true'}, {'PentHouse': 'true'}, {'Se Permiten Mascotas': 'true'}, {'Shut de basura': 'true'}, {'Tipo de calentador gas': 'true'}, {'Tipo de Cocina lineal': 'true'}, {'Tipo comedor comedor independiente': 'true'}, {'Depósito 1': 'true'}, {'Tipo de estufa gas': 'true'}, {'Tipo de acabado piso madera': 'true'}, {'Tipo de piso en alcobas madera': 'true'}, {'Tipo de piso en comedor madera': 'true'}, {'Tipo de piso en estudio madera': 'true'}, {'Tipo de piso en sala madera': 'true'}, {'Vista exterior': 'true'}, {'Walking closet': 'true'}, {'Cerca a hospitales': 'true'}, {'Cerca a Jardines y Colegios': 'true'}, {'Cerca a restaurantes': 'true'}, {'Cancha(s) de Basket': 'true'}, {'Gimnasio': 'true'}, {'Salón comunal': 'true'}, {'Zona para niños': 'true'}, {'Acceso con tarjetas o dispositivos': 'true'}, {'Área Terraza/Balcón 4': 'true'}, {'Ascensor': 'true'}, {'Bahias de parqueo': 'true'}, {'Acceso para discapacitados': 'true'}, {'Circuito cerrado de TV': 'true'}, {'Parqueadero cubierto': 'true'}, {'Vista panorámica': 'true'}, {'Conjunto cerrado': 'true'}, {'Número de Ascensores 2': 'true'}, {'Recepción Lobby': 'true'}, {'Terraza/Balcón terraza': 'true'}, {'Tipo de parqueadero propio': 'true'}, {'Vigilancia 24hrs': 'true'}, {'Cerca Centros Comerciales': 'true'}, {'Cerca Colegios / Universidades': 'true'}, {'Cerca Parques': 'true'}, {'Cerca Supermercados': 'true'}, {'Cerca Transporte Público': 'true'}, {'Sobre vía secundaria': 'true'}, {'Cerca Centros Comerciales': 'true'}, {'Cerca Colegios / Universidades': 'true'}, {'Cerca Parques': 'true'}, {'Cerca Supermercados': 'true'}, {'Cerca Transporte Público': 'true'}, {'Sobre vía secundaria': 'true'}]}",2026-09-16 03:41:15.451090+00:00
https://www.metrocuadrado.com/inmueble/arriendo-casa-bogota-chico-norte-et.-iii-5-habitaciones-5-banos-2-garajes/16649-M5044930?src_url=%2Finmuebles%2Farriendo%2Fbogota,"{'title': 'Casa En Arriendo, PARQUE EL CHICO', 'location': 'PARQUE EL CHICO, Bogotá D.C.', 'price': '$ 37.000.000', 'area': None, 'estrato': None, 'main_specs': '5 hab. | 5 bañ. | 2 par.', 'characteristics': [{'Número de líneas teléfonicas 0': 'true'}, {'Tipo de Casa tradicional': 'true'}, {'Tipo de Cocina abierta': 'true'}, {'Depósito 3': 'true'}, {'Tipo de estufa electrica': 'true'}, {'Tipo de acabado piso baldosa': 'true'}, {'Tipo de piso en alcobas baldosa': 'true'}, {'Tipo de piso en comedor baldosa': 'true'}, {'Tipo de piso en estudio laminado': 'true'}, {'Tipo de piso en sala laminado': 'true'}, {'Vista exterior': 'true'}, {'Área Terraza/Balcón 152': 'true'}, {'Acceso para discapacitados': 'true'}, {'Número de Ascensores 0': 'true'}, {'Número de niveles 2': 'true'}, {'Terraza/Balcón terraza': 'true'}, {'Tipo de parqueadero propio': 'true'}, {'Vigilancia 0': 'true'}, {'Cerca Centros Comerciales': 'true'}, {'Cerca Colegios / Universidades': 'true'}, {'Cerca Parques': 'true'}, {'Cerca Supermercados': 'true'}, {'Cerca Transporte Público': 'true'}, {'Sobre vía principal': 'true'}, {'Cerca Centros Comerciales': 'true'}, {'Cerca Colegios / Universidades': 'true'}, {'Cerca Parques': 'true'}, {'Cerca Supermercados': 'true'}, {'Cerca Transporte Público': 'true'}, {'Sobre vía principal': 'true'}]}",2026-09-16 03:41:20.309110+00:00
https://www.metrocuadrado.com/inmueble/arriendo-apartamento-bogota-prados-de-la-calleja-3-habitaciones-2-banos-2-garajes/11569-M7052150?src_url=%2Finmuebles%2Farriendo%2Fbogota,"{'title': 'Apartamento En Arriendo, LA CALLEJA', 'location': 'LA CALLEJA, Bogotá D.C.', 'price': '$ 6.000.000', 'area': None, 'estrato': None, 'main_specs': '3 hab. | 2 bañ. | 2 par.', 'characteristics': [{'Con chimenea': 'true'}, {'Citófonos': 'true'}, {'Zona de lavanderia': 'true'}, {'En interior y/o bloque': 'true'}, {'Tipo instalación de gas ninguno': 'true'}, {'Luz en la mañana': 'true'}, {'Luz en la tarde': 'true'}, {'Número de piso 12': 'true'}, {'PentHouse': 'true'}, {'Tipo de calentador electrico': 'true'}, {'Tipo de Cocina abierta': 'true'}, {'Depósito 1': 'true'}, {'Tipo de estufa electrica': 'true'}, {'Vista exterior': 'true'}, {'Cancha(s) de squash': 'true'}, {'Gimnasio': 'true'}, {'Salón comunal': 'true'}, {'Zona para niños': 'true'}, {'Zonas verdes': 'true'}, {'Ascensor': 'true'}, {'Circuito cerrado de TV': 'true'}, {'Parqueadero cubierto': 'true'}, {'Vista panorámica': 'true'}, {'Conjunto cerrado': 'true'}, {'Número de Ascensores 2': 'true'}, {'Recepción Lobby': 'true'}, {'Vigilancia 24hrs': 'true'}, {'Cerca Centros Comerciales': 'true'}, {'Cerca Colegios / Universidades': 'true'}, {'Cerca Parques': 'true'}, {'Cerca Supermercados': 'true'}, {'Cerca Transporte Público': 'true'}, {'Sobre vía secundaria': 'true'}, {'Cerca Centros Comerciales': 'true'}, {'Cerca Colegios / Universidades': 'true'}, {'Cerca Parques': 'true'}, {'Cerca Supermercados': 'true'}, {'Cerca Transporte Público': 'true'}, {'Sobre vía secundaria': 'true'}]}",2026-09-16 03:41:25.255233+00:00
https://www.metrocuadrado.com/inmueble/arriendo-oficina-bogota-quinta-camacho-2-banos-3-garajes/848-M5190524?src_url=%2Finmuebles%2Farriendo%2Fbogota,"{'title': 'Oficina En Arriendo, QUINTA CAMACHO', 'location': 'QUINTA CAMACHO, Bogotá D.C.', 'price': '$ 16.980.000', 'area': None, 'estrato': None, 'main_specs': '2 bañ. | 3 par.', 'characteristics': [{'Citófonos': 'true'}, {'Equipado / Amoblado': 'true'}, {'Puertas de seguridad': 'true'}, {'Número de piso 16': 'true'}, {'Se Permite Fumar': 'true'}, {'Tipo de oficina edificio': 'true'}, {'Vista exterior': 'true'}, {'Ascensor': 'true'}, {'Acceso para discapacitados': 'true'}, {'Circuito cerrado de TV': 'true'}, {'Parqueadero cubierto': 'true'}, {'Vista panorámica': 'true'}, {'Número de Ascensores 4': 'true'}, {'Vigilancia 24hrs': 'true'}, {'Cerca Centros Comerciales': 'true'}, {'Cerca Colegios / Universidades': 'true'}, {'Cerca Parques': 'true'}, {'Cerca Supermercados': 'true'}, {'Cerca Transporte Público': 'true'}, {'Sobre vía principal': 'true'}, {'Sobre vía secundaria': 'true'}, {'Cerca Centros Comerciales': 'true'}, {'Cerca Colegios / Universidades': 'true'}, {'Cerca Parques': 'true'}, {'Cerca Supermercados': 'true'}, {'Cerca Transporte Público': 'true'}, {'Sobre vía principal': 'true'}, {'Sobre vía secundaria': 'true'}]}",2026-09-16 03:41:30.206017+00:00
https://www.metrocuadrado.com/inmueble/arriendo-apartamento-bogota-chico-2-habitaciones-3-banos-3-garajes/800-M5852336?src_url=%2Finmuebles%2Farriendo%2Fbogota,"{'title': 'Apartamento En Arriendo, CHICO', 'location': 'CHICO, Bogotá D.C.', 'price': '$ 15.000.000', 'area': None, 'estrato': None, 'main_specs': '2 hab. | 3 bañ. | 3 par.', 'characteristics': [{'Apto para niños': 'true'}, {'Con chimenea': 'true'}, {'Citófonos': 'true'}, {'Comedor auxiliar': 'true'}, {'Estudio o biblioteca': 'true'}, {'Hall de Alcobas': 'true'}, {'Equipado / Amoblado': 'true'}, {'Puertas de seguridad': 'true'}, {'Zona de lavanderia': 'true'}, {'Despensa': 'true'}, {'Dúplex': 'true'}, {'Extractor': 'true'}, {'Horno': 'true'}, {'Tipo instalación de gas natural': 'true'}, {'Lavaplatos': 'true'}, {'Luz en la mañana': 'true'}, {'Luz en la tarde': 'true'}, {'Número de Closets 3': 'true'}, {'Número de piso 8': 'true'}, {'PentHouse': 'true'}, {'Se Permite Fumar': 'true'}, {'Se Permiten Mascotas': 'true'}, {'Shut de basura': 'true'}, {'Tipo de calentador caldera': 'true'}, {'Tipo de Cocina abierta': 'true'}, {'Tipo comedor comedor independiente': 'true'}, {'Depósito 1': 'true'}, {'Tipo de estufa electrica': 'true'}, {'Tipo de acabado piso madera': 'true'}, {'Tipo de piso en alcobas madera': 'true'}, {'Tipo de piso en comedor madera': 'true'}, {'Tipo de piso en estudio madera': 'true'}, {'Tipo de piso en sala madera': 'true'}, {'Vista interior': 'true'}, {'Walking closet': 'true'}, {'Cerca a gimnasio': 'true'}, {'Cerca a Jardines y Colegios': 'true'}, {'Cerca a parque industrial': 'true'}, {'Cerca a restaurantes': 'true'}, {'Cancha(s) de squash': 'true'}, {'Gimnasio': 'true'}, {'Salón comunal': 'true'}, {'Sauna y/o turco': 'true'}, {'Zona de BBQ': 'true'}, {'Zona para niños': 'true'}, {'Zonas verdes': 'true'}, {'Área Terraza/Balcón 90': 'true'}, {'Ascensor': 'true'}, {'Bahias de parqueo': 'true'}, {'Acceso para discapacitados': 'true'}, {'Circuito cerrado de TV': 'true'}, {'Parqueadero cubierto': 'true'}, {'Conjunto cerrado': 'true'}, {'Número de Ascensores 2': 'true'}, {'Recepción Lobby': 'true'}, {'Terraza/Balcón terraza': 'true'}, {'Tipo de parqueadero propio': 'true'}, {'Vigilancia 24hrs': 'true'}, {'Cerca Centros Comerciales': 'true'}, {'Cerca Colegios / Universidades': 'true'}, {'Cerca Parques': 'true'}, {'Cerca Supermercados': 'true'}, {'Cerca Transporte Público': 'true'}, {'Sobre vía secundaria': 'true'}, {'Cerca Centros Comerciales': 'true'}, {'Cerca Colegios / Universidades': 'true'}, {'Cerca Parques': 'true'}, {'Cerca Supermercados': 'true'}, {'Cerca Transporte Público': 'true'}, {'Sobre vía secundaria': 'true'}]}",2026-09-16 03:41:35.848203+00:00
https://www.metrocuadrado.com/inmueble/arriendo-apartamento-bogota-ub-bosques-de-medina-3-habitaciones-5-banos-4-garajes/2162-M6960009?src_url=%2Finmuebles%2Farriendo%2Fbogota,"{'title': 'Apartamento En Arriendo, BOSQUES DE MEDINA', 'location': 'BOSQUES DE MEDINA, Bogotá D.C.', 'price': '$ 14.000.000', 'area': None, 'estrato': None, 'main_specs': '3 hab. | 5 bañ. | 4 par.', 'characteristics': [{'Apto para niños': 'true'}, {'Con chimenea': 'true'}, {'Citófonos': 'true'}, {'Comedor auxiliar': 'true'}, {'Cuarto de servicio': 'true'}, {'Estudio o biblioteca': 'true'}, {'Hall de Alcobas': 'true'}, {'Puertas de seguridad': 'true'}, {'Zona de lavanderia': 'true'}, {'Despensa': 'true'}, {'En interior y/o bloque': 'true'}, {'Extractor': 'true'}, {'Horno': 'true'}, {'Tipo instalación de gas natural': 'true'}, {'Lavaplatos': 'true'}, {'Luz en la mañana': 'true'}, {'Luz en la tarde': 'true'}, {'Número de Closets 4': 'true'}, {'Número de piso 1': 'true'}, {'Shut de basura': 'true'}, {'Tipo de calentador caldera': 'true'}, {'Tipo de Cocina abierta': 'true'}, {'Tipo comedor sala comedor': 'true'}, {'Depósito 1': 'true'}, {'Tipo de estufa gas': 'true'}, {'Tipo de acabado piso laminado': 'true'}, {'Tipo de piso en alcobas laminado': 'true'}, {'Tipo de piso en comedor laminado': 'true'}, {'Tipo de piso en estudio laminado': 'true'}, {'Tipo de piso en sala laminado': 'true'}, {'Vista exterior': 'true'}, {'Walking closet': 'true'}, {'Cerca a gimnasio': 'true'}, {'Cerca a hospitales': 'true'}, {'Cerca a Jardines y Colegios': 'true'}, {'Cerca a restaurantes': 'true'}, {'Cerca a tiendas de barrio': 'true'}, {'Cancha(s) de squash': 'true'}, {'Gimnasio': 'true'}, {'Salón comunal': 'true'}, {'Zona de BBQ': 'true'}, {'Zona para niños': 'true'}, {'Zonas verdes': 'true'}, {'Acceso con tarjetas o dispositivos': 'true'}, {'Área Terraza/Balcón 15': 'true'}, {'Ascensor': 'true'}, {'Bahias de parqueo': 'true'}, {'Acceso para discapacitados': 'true'}, {'Circuito cerrado de TV': 'true'}, {'Parqueadero cubierto': 'true'}, {'Vista panorámica': 'true'}, {'Conjunto cerrado': 'true'}, {'Número de Ascensores 2': 'true'}, {'Recepción Lobby': 'true'}, {'Terraza/Balcón balcón': 'true'}, {'Tipo de parqueadero independiente': 'true'}, {'Vigilancia 24hrs': 'true'}, {'Cerca Centros Comerciales': 'true'}, {'Cerca Colegios / Universidades': 'true'}, {'Cerca Parques': 'true'}, {'Cerca Supermercados': 'true'}, {'Cerca Transporte Público': 'true'}, {'Sobre vía secundaria': 'true'}, {'Cerca Centros Comerciales': 'true'}, {'Cerca Colegios / Universidades': 'true'}, {'Cerca Parques': 'true'}, {'Cerca Supermercados': 'true'}, {'Cerca Transporte Público': 'true'}, {'Sobre vía secundaria': 'true'}]}",2026-09-16 03:41:41.699228+00:00
https://www.metrocuadrado.com/inmueble/arriendo-apartamento-bogota-el-nogal-2-habitaciones-3-banos-2-garajes/15920-M6896884?src_url=%2Finmuebles%2Farriendo%2Fbogota,"{'title': 'Apartamento En Arriendo, EL NOGAL', 'location': 'EL NOGAL, Bogotá D.C.', 'price': '$ 8.733.000', 'area': None, 'estrato': None, 'main_specs': '2 hab. | 3 bañ. | 2 par.', 'characteristics': [{'Apto para niños': 'true'}, {'Alarma': 'true'}, {'Con chimenea': 'true'}, {'Citófonos': 'true'}, {'Tipo de Cortinas persianas': 'true'}, {'Estudio o biblioteca': 'true'}, {'Hall de Alcobas': 'true'}, {'Equipado / Amoblado': 'true'}, {'Puertas de seguridad': 'true'}, {'Zona de lavanderia': 'true'}, {'Control de ruido': 'true'}, {'Control térmico': 'true'}, {'Despensa': 'true'}, {'Detección de humo': 'true'}, {'Extractor': 'true'}, {'Horno': 'true'}, {'Tipo instalación de gas natural': 'true'}, {'Lavaplatos': 'true'}, {'Luz en la mañana': 'true'}, {'Luz en la tarde': 'true'}, {'Número de Closets 4': 'true'}, {'Número de piso 0': 'true'}, {'Puerta eléctrica': 'true'}, {'Se Permite Fumar': 'true'}, {'Se Permiten Mascotas': 'true'}, {'Shut de basura': 'true'}, {'Tipo de calentador gas': 'true'}, {'Tipo de Cocina en l': 'true'}, {'Tipo comedor sala comedor': 'true'}, {'Depósito 1': 'true'}, {'Tipo de estufa gas': 'true'}, {'Tipo de acabado piso laminado': 'true'}, {'Tipo de piso en alcobas laminado': 'true'}, {'Tipo de piso en comedor laminado': 'true'}, {'Tipo de piso en estudio laminado': 'true'}, {'Tipo de piso en sala laminado': 'true'}, {'Vista exterior': 'true'}, {'Walking closet': 'true'}, {'Cerca a gimnasio': 'true'}, {'Cerca a Jardines y Colegios': 'true'}, {'Cerca a parque industrial': 'true'}, {'Cerca a restaurantes': 'true'}, {'Cerca a tiendas de barrio': 'true'}, {'Salón comunal': 'true'}, {'Zona de BBQ': 'true'}, {'Zona para niños': 'true'}, {'Zonas verdes': 'true'}, {'Ascensor': 'true'}, {'Acceso para discapacitados': 'true'}, {'Circuito cerrado de TV': 'true'}, {'Parqueadero cubierto': 'true'}, {'Vista panorámica': 'true'}, {'Conjunto cerrado': 'true'}, {'Número de Ascensores 1': 'true'}, {'Recepción Lobby': 'true'}, {'Roof garden': 'true'}, {'Terraza/Balcón ninguno': 'true'}, {'Terraza Rooftop': 'true'}, {'Tipo de parqueadero propio': 'true'}, {'Vigilancia 24hrs': 'true'}, {'Cerca Centros Comerciales': 'true'}, {'Cerca Colegios / Universidades': 'true'}, {'Cerca Parques': 'true'}, {'Cerca Supermercados': 'true'}, {'Cerca Transporte Público': 'true'}, {'Sobre vía secundaria': 'true'}, {'Cerca Centros Comerciales': 'true'}, {'Cerca Colegios / Universidades': 'true'}, {'Cerca Parques': 'true'}, {'Cerca Supermercados': 'true'}, {'Cerca Transporte Público': 'true'}, {'Sobre vía secundaria': 'true'}]}",2026-09-16 03:41:47.132663+00:00
https://www.metrocuadrado.com/inmueble/arriendo-apartamento-bogota-chico-3-habitaciones-4-banos-3-garajes/800-M5853149?src_url=%2Finmuebles%2Farriendo%2Fbogota,"{'title': 'Apartamento En Arriendo, CABRERA', 'location': 'CABRERA, Bogotá D.C.', 'price': '$ 16.000.000', 'area': None, 'estrato': None, 'main_specs': '3 hab. | 4 bañ. | 3 par.', 'characteristics': [{'Apto para niños': 'true'}, {'Alarma': 'true'}, {'Con chimenea': 'true'}, {'Citófonos': 'true'}, {'Comedor auxiliar': 'true'}, {'Cuarto de servicio': 'true'}, {'Estudio o biblioteca': 'true'}, {'Hall de Alcobas': 'true'}, {'Jacuzzi': 'true'}, {'Puertas de seguridad': 'true'}, {'Zona de lavanderia': 'true'}, {'Control de ruido': 'true'}, {'Despensa': 'true'}, {'Detección de humo': 'true'}, {'Extractor': 'true'}, {'Horno': 'true'}, {'Tipo instalación de gas natural': 'true'}, {'Lavaplatos': 'true'}, {'Luz en la mañana': 'true'}, {'Luz en la tarde': 'true'}, {'Número de Closets 4': 'true'}, {'Número de piso 9': 'true'}, {'Se Permite Fumar': 'true'}, {'Se Permiten Mascotas': 'true'}, {'Shut de basura': 'true'}, {'Tipo de calentador caldera': 'true'}, {'Tipo de Cocina paralela': 'true'}, {'Tipo comedor comedor independiente': 'true'}, {'Depósito 1': 'true'}, {'Tipo de estufa gas': 'true'}, {'Tipo de acabado piso madera': 'true'}, {'Tipo de piso en alcobas madera': 'true'}, {'Tipo de piso en comedor madera': 'true'}, {'Tipo de piso en estudio madera': 'true'}, {'Tipo de piso en sala madera': 'true'}, {'Vista interior': 'true'}, {'Walking closet': 'true'}, {'Cerca a gimnasio': 'true'}, {'Cerca a Jardines y Colegios': 'true'}, {'Cerca a restaurantes': 'true'}, {'Gimnasio': 'true'}, {'Salón comunal': 'true'}, {'Sauna y/o turco': 'true'}, {'Zona de BBQ': 'true'}, {'Zona para niños': 'true'}, {'Zonas verdes': 'true'}, {'Acceso con tarjetas o dispositivos': 'true'}, {'Área Terraza/Balcón 4': 'true'}, {'Ascensor': 'true'}, {'Acceso para discapacitados': 'true'}, {'Circuito cerrado de TV': 'true'}, {'Cuarto de escoltas': 'true'}, {'Parqueadero cubierto': 'true'}, {'Piscina': 'true'}, {'Conjunto cerrado': 'true'}, {'Número de Ascensores 2': 'true'}, {'Recepción Lobby': 'true'}, {'Terraza/Balcón balcón': 'true'}, {'Tipo de parqueadero propio': 'true'}, {'Vigilancia 24hrs': 'true'}, {'Cerca Centros Comerciales': 'true'}, {'Cerca Colegios / Universidades': 'true'}, {'Cerca Parques': 'true'}, {'Cerca Supermercados': 'true'}, {'Cerca Transporte Público': 'true'}, {'Sobre vía secundaria': 'true'}, {'Cerca Centros Comerciales': 'true'}, {'Cerca Colegios / Universidades': 'true'}, {'Cerca Parques': 'true'}, {'Cerca Supermercados': 'true'}, {'Cerca Transporte Público': 'true'}, {'Sobre vía secundaria': 'true'}]}",2026-09-16 03:41:52.807831+00:00
https://www.metrocuadrado.com/inmueble/arriendo-apartamento-bogota-chico-2-habitaciones-3-banos-3-garajes/800-M5852232?src_url=%2Finmuebles%2Farriendo%2Fbogota,"{'title': 'Apartamento En Arriendo, CHICO', 'location': 'CHICO, Bogotá D.C.', 'price': '$ 15.000.000', 'area': None, 'estrato': None, 'main_specs': '2 hab. | 3 bañ. | 3 par.', 'characteristics': [{'Apto para niños': 'true'}, {'Con chimenea': 'true'}, {'Citófonos': 'true'}, {'Comedor auxiliar': 'true'}, {'Estudio o biblioteca': 'true'}, {'Hall de Alcobas': 'true'}, {'Equipado / Amoblado': 'true'}, {'Puertas de seguridad': 'true'}, {'Zona de lavanderia': 'true'}, {'Despensa': 'true'}, {'Dúplex': 'true'}, {'Extractor': 'true'}, {'Horno': 'true'}, {'Tipo instalación de gas natural': 'true'}, {'Lavaplatos': 'true'}, {'Luz en la mañana': 'true'}, {'Luz en la tarde': 'true'}, {'Número de Closets 3': 'true'}, {'Número de piso 8': 'true'}, {'PentHouse': 'true'}, {'Se Permite Fumar': 'true'}, {'Se Permiten Mascotas': 'true'}, {'Shut de basura': 'true'}, {'Tipo de calentador caldera': 'true'}, {'Tipo de Cocina abierta': 'true'}, {'Tipo comedor comedor independiente': 'true'}, {'Depósito 1': 'true'}, {'Tipo de estufa electrica': 'true'}, {'Tipo de acabado piso madera': 'true'}, {'Tipo de piso en alcobas madera': 'true'}, {'Tipo de piso en comedor madera': 'true'}, {'Tipo de piso en estudio madera': 'true'}, {'Tipo de piso en sala madera': 'true'}, {'Vista interior': 'true'}, {'Walking closet': 'true'}, {'Cerca a gimnasio': 'true'}, {'Cerca a restaurantes': 'true'}, {'Gimnasio': 'true'}, {'Salón comunal': 'true'}, {'Sauna y/o turco': 'true'}, {'Zona de BBQ': 'true'}, {'Zona para niños': 'true'}, {'Zonas verdes': 'true'}, {'Acceso con tarjetas o dispositivos': 'true'}, {'Área Terraza/Balcón 90': 'true'}, {'Ascensor': 'true'}, {'Bahias de parqueo': 'true'}, {'Acceso para discapacitados': 'true'}, {'Circuito cerrado de TV': 'true'}, {'Parqueadero cubierto': 'true'}, {'Conjunto cerrado': 'true'}, {'Número de Ascensores 2': 'true'}, {'Recepción Lobby': 'true'}, {'Terraza/Balcón terraza': 'true'}, {'Tipo de parqueadero propio': 'true'}, {'Vigilancia 24hrs': 'true'}, {'Cerca Centros Comerciales': 'true'}, {'Cerca Colegios / Universidades': 'true'}, {'Cerca Parques': 'true'}, {'Cerca Supermercados': 'true'}, {'Cerca Transporte Público': 'true'}, {'Sobre vía secundaria': 'true'}, {'Cerca Centros Comerciales': 'true'}, {'Cerca Colegios / Universidades': 'true'}, {'Cerca Parques': 'true'}, {'Cerca Supermercados': 'true'}, {'Cerca Transporte Público': 'true'}, {'Sobre vía secundaria': 'true'}]}",2026-09-16 03:41:58.258581+00:00
https://www.metrocuadrado.com/inmueble/arriendo-apartamento-bogota-chico-2-habitaciones-3-banos-3-garajes/800-M5852141?src_url=%2Finmuebles%2Farriendo%2Fbogota,"{'title': 'Apartamento En Arriendo, CHICO', 'location': 'CHICO, Bogotá D.C.', 'price': '$ 15.000.000', 'area': None, 'estrato': None, 'main_specs': '2 hab. | 3 bañ. | 3 par.', 'characteristics': [{'Apto para niños': 'true'}, {'Con chimenea': 'true'}, {'Citófonos': 'true'}, {'Estudio o biblioteca': 'true'}, {'Hall de Alcobas': 'true'}, {'Equipado / Amoblado': 'true'}, {'Puertas de seguridad': 'true'}, {'Zona de lavanderia': 'true'}, {'Despensa': 'true'}, {'Dúplex': 'true'}, {'Extractor': 'true'}, {'Horno': 'true'}, {'Tipo instalación de gas natural': 'true'}, {'Lavaplatos': 'true'}, {'Luz en la mañana': 'true'}, {'Luz en la tarde': 'true'}, {'Número de Closets 3': 'true'}, {'Número de piso 8': 'true'}, {'PentHouse': 'true'}, {'Se Permite Fumar': 'true'}, {'Se Permiten Mascotas': 'true'}, {'Shut de basura': 'true'}, {'Tipo de calentador caldera': 'true'}, {'Tipo de Cocina abierta': 'true'}, {'Tipo comedor comedor independiente': 'true'}, {'Depósito 1': 'true'}, {'Tipo de estufa electrica': 'true'}, {'Tipo de acabado piso madera': 'true'}, {'Tipo de piso en alcobas madera': 'true'}, {'Tipo de piso en comedor madera': 'true'}, {'Tipo de piso en estudio madera': 'true'}, {'Tipo de piso en sala madera': 'true'}, {'Vista interior': 'true'}, {'Walking closet': 'true'}, {'Cerca a gimnasio': 'true'}, {'Cerca a Jardines y Colegios': 'true'}, {'Cerca a restaurantes': 'true'}, {'Cancha(s) de squash': 'true'}, {'Gimnasio': 'true'}, {'Salón comunal': 'true'}, {'Sauna y/o turco': 'true'}, {'Zona de BBQ': 'true'}, {'Zona para niños': 'true'}, {'Zonas verdes': 'true'}, {'Área Terraza/Balcón 90': 'true'}, {'Ascensor': 'true'}, {'Bahias de parqueo': 'true'}, {'Acceso para discapacitados': 'true'}, {'Circuito cerrado de TV': 'true'}, {'Cuarto de escoltas': 'true'}, {'Parqueadero cubierto': 'true'}, {'Conjunto cerrado': 'true'}, {'Número de Ascensores 2': 'true'}, {'Recepción Lobby': 'true'}, {'Terraza/Balcón terraza': 'true'}, {'Tipo de parqueadero propio': 'true'}, {'Vigilancia 24hrs': 'true'}, {'Cerca Centros Comerciales': 'true'}, {'Cerca Colegios / Universidades': 'true'}, {'Cerca Parques': 'true'}, {'Cerca Supermercados': 'true'}, {'Cerca Transporte Público': 'true'}, {'Sobre vía secundaria': 'true'}, {'Cerca Centros Comerciales': 'true'}, {'Cerca Colegios / Universidades': 'true'}, {'Cerca Parques': 'true'}, {'Cerca Supermercados': 'true'}, {'Cerca Transporte Público': 'true'}, {'Sobre vía secundaria': 'true'}]}",2026-09-16 03:42:03.974007+00:00
https://www.metrocuadrado.com/inmueble/arriendo-casa-bogota-casa-blanca-5-habitaciones-5-banos-4-garajes/16285-M6687760?src_url=%2Finmuebles%2Farriendo%2Fbogota,"{'title': 'Casa En Arriendo, SAN SIMON GUAYMARAL', 'location': 'SAN SIMON GUAYMARAL, Bogotá D.C.', 'price': '$ 17.800.000', 'area': None, 'estrato': None, 'main_specs': '5 hab. | 5 bañ. | 4 par.', 'characteristics': [{'Altillo': 'true'}, {'Apto para niños': 'true'}, {'Casa campestre': 'true'}, {'Alarma': 'true'}, {'Con chimenea': 'true'}, {'Citófonos': 'true'}, {'Comedor auxiliar': 'true'}, {'Tipo de Cortinas persianas': 'true'}, {'Cuarto de servicio': 'true'}, {'Estudio o biblioteca': 'true'}, {'Hall de Alcobas': 'true'}, {'Jacuzzi': 'true'}, {'Equipado / Amoblado': 'true'}, {'Puertas de seguridad': 'true'}, {'Zona de lavanderia': 'true'}, {'Despensa': 'true'}, {'Extractor': 'true'}, {'Horno': 'true'}, {'Tipo instalación de gas natural': 'true'}, {'Lavaplatos': 'true'}, {'Luz en la mañana': 'true'}, {'Luz en la tarde': 'true'}, {'Número de Closets 4': 'true'}, {'Se Permiten Mascotas': 'true'}, {'Tipo de calentador gas': 'true'}, {'Tipo de Casa condominio': 'true'}, {'Tipo de Cocina isla': 'true'}, {'Tipo comedor comedor independiente': 'true'}, {'Depósito 1': 'true'}, {'Tipo de estufa electrica': 'true'}, {'Tipo de acabado piso madera': 'true'}, {'Tipo de piso en alcobas alfombra': 'true'}, {'Tipo de piso en comedor madera': 'true'}, {'Tipo de piso en estudio madera': 'true'}, {'Tipo de piso en sala madera': 'true'}, {'Vista interior': 'true'}, {'Walking-closet': 'true'}, {'Jardín interior': 'true'}, {'Salón comunal': 'true'}, {'Sendero peatonal': 'true'}, {'Zona para niños': 'true'}, {'Zonas verdes': 'true'}, {'&Aacute;rea del lote 1340': 'true'}, {'Área Terraza/Balcón 50': 'true'}, {'Bahias de parqueo': 'true'}, {'Circuito cerrado de TV': 'true'}, {'Cuarto de escoltas': 'true'}, {'Parqueadero cubierto': 'true'}, {'Jardín': 'true'}, {'Vista panorámica': 'true'}, {'Conjunto cerrado': 'true'}, {'Número de Ascensores 0': 'true'}, {'Número de niveles 3': 'true'}, {'Tanques de Agua': 'true'}, {'Terraza/Balcón terraza': 'true'}, {'Tipo de parqueadero propio': 'true'}, {'Vigilancia 24hrs': 'true'}, {'Área Rural': 'true'}, {'Área Rural': 'true'}]}",2026-09-16 03:42:09.635593+00:00
https://www.metrocuadrado.com/inmueble/arriendo-casa-bogota-casa-blanca-5-habitaciones-5-banos-4-garajes/16285-M6653234?src_url=%2Finmuebles%2Farriendo%2Fbogota,"{'title': 'Casa En Arriendo, SAN SIMON GUAYMARAL', 'location': 'SAN SIMON GUAYMARAL, Bogotá D.C.', 'price': '$ 17.900.000', 'area': None, 'estrato': None, 'main_specs': '5 hab. | 5 bañ. | 4 par.', 'characteristics': [{'Altillo': 'true'}, {'Casa campestre': 'true'}, {'Alarma': 'true'}, {'Citófonos': 'true'}, {'Comedor auxiliar': 'true'}, {'Tipo de Cortinas persianas': 'true'}, {'Estudio o biblioteca': 'true'}, {'Jacuzzi': 'true'}, {'Equipado / Amoblado': 'true'}, {'Puertas de seguridad': 'true'}, {'Zona de lavanderia': 'true'}, {'Despensa': 'true'}, {'Extractor': 'true'}, {'Horno': 'true'}, {'Tipo instalación de gas natural': 'true'}, {'Lavaplatos': 'true'}, {'Luz en la mañana': 'true'}, {'Luz en la tarde': 'true'}, {'Se Permiten Mascotas': 'true'}, {'Tipo de calentador gas': 'true'}, {'Tipo de Casa condominio': 'true'}, {'Tipo de Cocina isla': 'true'}, {'Tipo comedor comedor independiente': 'true'}, {'Depósito 1': 'true'}, {'Tipo de estufa gas': 'true'}, {'Tipo de acabado piso madera': 'true'}, {'Tipo de piso en alcobas alfombra': 'true'}, {'Tipo de piso en comedor madera': 'true'}, {'Tipo de piso en estudio madera': 'true'}, {'Tipo de piso en sala madera': 'true'}, {'Vista exterior': 'true'}, {'Walking-closet': 'true'}, {'Gimnasio': 'true'}, {'Jardín interior': 'true'}, {'Salón comunal': 'true'}, {'Sendero peatonal': 'true'}, {'Zona de BBQ': 'true'}, {'Zona para niños': 'true'}, {'Zonas verdes': 'true'}, {'&Aacute;rea del lote 1340': 'true'}, {'Área Terraza/Balcón 50': 'true'}, {'Bahias de parqueo': 'true'}, {'Circuito cerrado de TV': 'true'}, {'Cuarto de escoltas': 'true'}, {'Parqueadero cubierto': 'true'}, {'Jardín': 'true'}, {'Vista panorámica': 'true'}, {'Conjunto cerrado': 'true'}, {'Número de niveles 3': 'true'}, {'Tanques de Agua': 'true'}, {'Terraza/Balcón balcón': 'true'}, {'Tipo de parqueadero independiente': 'true'}, {'Vigilancia 24hrs': 'true'}, {'Cerca Centros Comerciales': 'true'}, {'Cerca Colegios / Universidades': 'true'}, {'Cerca Supermercados': 'true'}, {'Área Rural': 'true'}, {'Cerca Centros Comerciales': 'true'}, {'Cerca Colegios / Universidades': 'true'}, {'Cerca Supermercados': 'true'}, {'Área Rural': 'true'}]}",2026-09-16 03:42:15.165016+00:00
https://www.metrocuadrado.com/inmueble/arriendo-casa-bogota-la-uribe-4-habitaciones-3-banos-2-garajes/747-M7055780?src_url=%2Finmuebles%2Farriendo%2Fbogota,"{'title': 'Casa En Arriendo, LA ALAMEDA 170', 'location': 'LA ALAMEDA 170, Bogotá D.C.', 'price': '$ 4.500.000', 'area': None, 'estrato': None, 'main_specs': '4 hab. | 3 bañ. | 2 par.', 'characteristics': [{'Apto para niños': 'true'}, {'Citófonos': 'true'}, {'Estudio o biblioteca': 'true'}, {'Zona de lavanderia': 'true'}, {'Despensa': 'true'}, {'Extractor': 'true'}, {'Horno': 'true'}, {'Tipo instalación de gas natural': 'true'}, {'Luz en la mañana': 'true'}, {'Luz en la tarde': 'true'}, {'Número de líneas teléfonicas 0': 'true'}, {'Tipo de calentador gas': 'true'}, {'Tipo de Casa condominio': 'true'}, {'Tipo de Cocina abierta': 'true'}, {'Tipo comedor sala comedor': 'true'}, {'Depósito 1': 'true'}, {'Tipo de estufa gas': 'true'}, {'Tipo de acabado piso madera': 'true'}, {'Tipo de piso en alcobas madera': 'true'}, {'Tipo de piso en comedor madera': 'true'}, {'Tipo de piso en estudio madera': 'true'}, {'Tipo de piso en sala madera': 'true'}, {'Vista exterior': 'true'}, {'Cerca a gimnasio': 'true'}, {'Cerca a hospitales': 'true'}, {'Cerca a Jardines y Colegios': 'true'}, {'Cerca a restaurantes': 'true'}, {'Cerca a tiendas de barrio': 'true'}, {'Cancha(s) de Basket': 'true'}, {'Cancha(s) de Fútbol': 'true'}, {'Cancha(s) de Tennis': 'true'}, {'Gimnasio': 'true'}, {'Salón comunal': 'true'}, {'Sendero peatonal': 'true'}, {'Zona de BBQ': 'true'}, {'Zona para niños': 'true'}, {'Zonas verdes': 'true'}, {'Acceso con tarjetas o dispositivos': 'true'}, {'&Aacute;rea del lote 150': 'true'}, {'Bahias de parqueo': 'true'}, {'Acceso para discapacitados': 'true'}, {'Circuito cerrado de TV': 'true'}, {'Parqueadero cubierto': 'true'}, {'Jardín': 'true'}, {'Vista panorámica': 'true'}, {'Conjunto cerrado': 'true'}, {'Energia solar': 'true'}, {'Esquinero': 'true'}, {'Tanques de Agua': 'true'}, {'Tipo de parqueadero propio': 'true'}, {'Cerca Centros Comerciales': 'true'}, {'Cerca Colegios / Universidades': 'true'}, {'Cerca Parques': 'true'}, {'Cerca Supermercados': 'true'}, {'Cerca Transporte Público': 'true'}, {'Sobre vía secundaria': 'true'}, {'Área Rural': 'true'}, {'Cerca Centros Comerciales': 'true'}, {'Cerca Colegios / Universidades': 'true'}, {'Cerca Parques': 'true'}, {'Cerca Supermercados': 'true'}, {'Cerca Transporte Público': 'true'}, {'Sobre vía secundaria': 'true'}, {'Área Rural': 'true'}]}",2026-09-16 03:42:20.837603+00:00
https://www.metrocuadrado.com/inmueble/arriendo-apartamento-bogota-virrey-3-habitaciones-3-banos-2-garajes/11369-M6964436?src_url=%2Finmuebles%2Farriendo%2Fbogota,"{'title': 'Apartamento En Arriendo, Virrey', 'location': 'Virrey, Bogotá D.C.', 'price': '$ 10.800.000', 'area': None, 'estrato': None, 'main_specs': '3 hab. | 3 bañ. | 2 par.', 'characteristics': [{'Baño Auxiliar': 'true'}, {'Baño de Servicio': 'true'}, {'Con calefacción': 'true'}, {'Con chimenea': 'true'}, {'Citófonos': 'true'}, {'Cocina Tipo Americano': 'true'}, {'Cocina integral': 'true'}, {'Tipo de Cortinas persianas': 'true'}, {'Hall de Alcobas': 'true'}, {'Zona de lavanderia': 'true'}, {'Extractor': 'true'}, {'Horno': 'true'}, {'Tipo instalación de gas natural': 'true'}, {'Luz en la mañana': 'true'}, {'Luz en la tarde': 'true'}, {'Número de Closets 3': 'true'}, {'Número de piso 9': 'true'}, {'Shut de basura': 'true'}, {'Tipo de calentador gas': 'true'}, {'Tipo comedor comedor independiente': 'true'}, {'Depósito 1': 'true'}, {'Tipo de estufa gas': 'true'}, {'Tipo de acabado piso laminado': 'true'}, {'Tipo de piso en alcobas laminado': 'true'}, {'Tipo de piso en comedor laminado': 'true'}, {'Tipo de piso en estudio laminado': 'true'}, {'Tipo de piso en sala laminado': 'true'}, {'Vista exterior': 'true'}, {'Cerca a hospitales': 'true'}, {'Cerca a Jardines y Colegios': 'true'}, {'Cerca a restaurantes': 'true'}, {'Cerca a tiendas de barrio': 'true'}, {'Gimnasio': 'true'}, {'Zona para niños': 'true'}, {'Zonas verdes': 'true'}, {'Acceso con tarjetas o dispositivos': 'true'}, {'Área Terraza/Balcón 2': 'true'}, {'Circuito cerrado de TV': 'true'}, {'Parqueadero cubierto': 'true'}, {'Parqueadero visitantes': 'true'}, {'Vigilancia': 'true'}, {'Vista panorámica': 'true'}, {'Conjunto cerrado': 'true'}, {'Recepción Lobby': 'true'}, {'Terraza/Balcón balcón': 'true'}, {'Tipo de parqueadero propio': 'true'}, {'Vigilancia 0': 'true'}, {'Cerca Colegios / Universidades': 'true'}, {'Cerca Parques': 'true'}, {'Cerca Transporte Público': 'true'}, {'Área Urbana': 'true'}, {'Cerca Colegios / Universidades': 'true'}, {'Cerca Parques': 'true'}, {'Cerca Transporte Público': 'true'}, {'Área Urbana': 'true'}]}",2026-09-16 03:42:26.449331+00:00
https://www.metrocuadrado.com/inmueble/arriendo-apartamento-bogota-lisboa-3-habitaciones-5-banos-3-garajes/16708-M6690331?src_url=%2Finmuebles%2Farriendo%2Fbogota,"{'title': 'Apartamento En Arriendo, LISBOA SECTOR COUNTRY', 'location': 'LISBOA SECTOR COUNTRY, Bogotá D.C.', 'price': '$ 14.500.000', 'area': None, 'estrato': None, 'main_specs': '3 hab. | 5 bañ. | 3 par.', 'characteristics': [{'Apto para niños': 'true'}, {'Con chimenea': 'true'}, {'Citófonos': 'true'}, {'Comedor auxiliar': 'true'}, {'Cuarto de servicio': 'true'}, {'Estudio o biblioteca': 'true'}, {'Puertas de seguridad': 'true'}, {'Zona de lavanderia': 'true'}, {'Dúplex': 'true'}, {'En interior y/o bloque': 'true'}, {'Tipo instalación de gas natural': 'true'}, {'Número de Closets 4': 'true'}, {'Número de piso 12': 'true'}, {'PentHouse': 'true'}, {'Tipo de calentador gas': 'true'}, {'Tipo de Cocina paralela': 'true'}, {'Tipo comedor comedor independiente': 'true'}, {'Depósito 2': 'true'}, {'Tipo de estufa gas': 'true'}, {'Vista exterior': 'true'}, {'Cerca a gimnasio': 'true'}, {'Cerca a hospitales': 'true'}, {'Cerca a Jardines y Colegios': 'true'}, {'Cerca a restaurantes': 'true'}, {'Cancha(s) de Fútbol': 'true'}, {'Cancha(s) de squash': 'true'}, {'Gimnasio': 'true'}, {'Salón comunal': 'true'}, {'Sauna y/o turco': 'true'}, {'Zona de BBQ': 'true'}, {'Zona para niños': 'true'}, {'Zonas verdes': 'true'}, {'Acceso con tarjetas o dispositivos': 'true'}, {'Área Terraza/Balcón 34': 'true'}, {'Ascensor': 'true'}, {'Acceso para discapacitados': 'true'}, {'Circuito cerrado de TV': 'true'}, {'Parqueadero cubierto': 'true'}, {'Piscina': 'true'}, {'Vista panorámica': 'true'}, {'Conjunto cerrado': 'true'}, {'Número de Ascensores 2': 'true'}, {'Recepción Lobby': 'true'}, {'Terraza/Balcón terraza': 'true'}, {'Terraza Rooftop': 'true'}, {'Tipo de parqueadero independiente': 'true'}, {'Vigilancia 24hrs': 'true'}, {'Cerca Centros Comerciales': 'true'}, {'Cerca Colegios / Universidades': 'true'}, {'Cerca Parques': 'true'}, {'Cerca Supermercados': 'true'}, {'Cerca Transporte Público': 'true'}, {'Sobre vía secundaria': 'true'}, {'Cerca Centros Comerciales': 'true'}, {'Cerca Colegios / Universidades': 'true'}, {'Cerca Parques': 'true'}, {'Cerca Supermercados': 'true'}, {'Cerca Transporte Público': 'true'}, {'Sobre vía secundaria': 'true'}]}",2026-09-16 03:42:31.978728+00:00
https://www.metrocuadrado.com/inmueble/arriendo-apartamento-bogota-cedritos-3-habitaciones-3-banos-1-garajes/426-M7055758?src_url=%2Finmuebles%2Farriendo%2Fbogota,"{'title': 'Apartamento En Arriendo, CEDRITOS', 'location': 'CEDRITOS, Bogotá D.C.', 'price': '$ 3.200.000', 'area': None, 'estrato': None, 'main_specs': '3 hab. | 3 bañ. | 1 par.', 'characteristics': [{'Apto para niños': 'true'}, {'Alarma': 'true'}, {'Citófonos': 'true'}, {'Tipo de Cortinas ninguna': 'true'}, {'Hall de Alcobas': 'true'}, {'Zona de lavanderia': 'true'}, {'En interior y/o bloque': 'true'}, {'Extractor': 'true'}, {'Horno': 'true'}, {'Tipo instalación de gas natural': 'true'}, {'Lavaplatos': 'true'}, {'Luz en la mañana': 'true'}, {'Luz en la tarde': 'true'}, {'Número de Closets 3': 'true'}, {'Número de piso 7': 'true'}, {'Se Permite Fumar': 'true'}, {'Se Permiten Mascotas': 'true'}, {'Shut de basura': 'true'}, {'Tipo de calentador gas': 'true'}, {'Tipo comedor sala comedor': 'true'}, {'Depósito 0': 'true'}, {'Tipo de estufa gas': 'true'}, {'Tipo de acabado piso laminado': 'true'}, {'Tipo de piso en alcobas laminado': 'true'}, {'Tipo de piso en comedor laminado': 'true'}, {'Tipo de piso en estudio laminado': 'true'}, {'Tipo de piso en sala laminado': 'true'}, {'Vista exterior': 'true'}, {'Cerca a gimnasio': 'true'}, {'Cerca a hospitales': 'true'}, {'Cerca a Jardines y Colegios': 'true'}, {'Cerca a parque industrial': 'true'}, {'Cerca a restaurantes': 'true'}, {'Cerca a tiendas de barrio': 'true'}, {'Salón comunal': 'true'}, {'Zona para niños': 'true'}, {'Zonas verdes': 'true'}, {'Bahias de parqueo': 'true'}, {'Acceso para discapacitados': 'true'}, {'Circuito cerrado de TV': 'true'}, {'Parqueadero cubierto': 'true'}, {'Vista panorámica': 'true'}, {'Conjunto cerrado': 'true'}, {'Recepción Lobby': 'true'}, {'Terraza/Balcón ninguno': 'true'}, {'Tipo de parqueadero propio': 'true'}, {'Vigilancia 24hrs': 'true'}, {'Cerca Centros Comerciales': 'true'}, {'Cerca Colegios / Universidades': 'true'}, {'Cerca Parques': 'true'}, {'Cerca Supermercados': 'true'}, {'Cerca Transporte Público': 'true'}, {'Sobre vía principal': 'true'}, {'Cerca Centros Comerciales': 'true'}, {'Cerca Colegios / Universidades': 'true'}, {'Cerca Parques': 'true'}, {'Cerca Supermercados': 'true'}, {'Cerca Transporte Público': 'true'}, {'Sobre vía principal': 'true'}]}",2026-09-16 03:42:37.625585+00:00
https://www.metrocuadrado.com/inmueble/arriendo-apartamento-bogota-potosi-4-habitaciones-2-banos-2-garajes/MC6939870?src_url=%2Finmuebles%2Farriendo%2Fbogota,"{'title': 'Apartamento En Arriendo, GRAN RESERVA DE PONTEVEDRA Niza Alhambra', 'location': 'GRAN RESERVA DE PONTEVEDRA Niza Alhambra, Bogotá D.C.', 'price': '$ 4.000.000', 'area': None, 'estrato': None, 'main_specs': '4 hab. | 2 bañ. | 2 par.', 'characteristics': [{'Baño Auxiliar': 'true'}, {'Citófonos': 'true'}, {'Cocina integral': 'true'}, {'Depósito o cuarto útil': 'true'}, {'Estudio o biblioteca': 'true'}, {'Zona de lavanderia': 'true'}, {'Despensa': 'true'}, {'Extractor': 'true'}, {'Horno': 'true'}, {'Luz en la mañana': 'true'}, {'Luz en la tarde': 'true'}, {'Número de piso 26': 'true'}, {'Shut de basura': 'true'}, {'Walking closet': 'true'}, {'Cerca a gimnasio': 'true'}, {'Cerca a hospitales': 'true'}, {'Cerca a Jardines y Colegios': 'true'}, {'Cerca a restaurantes': 'true'}, {'Cerca a tiendas de barrio': 'true'}, {'Cancha(s) de Fútbol': 'true'}, {'Cancha(s) de Tennis': 'true'}, {'Salón comunal': 'true'}, {'Zona para niños': 'true'}, {'Zonas verdes': 'true'}, {'Ubicado en edificio': 'true'}, {'Acceso con tarjetas o dispositivos': 'true'}, {'Ascensor': 'true'}, {'Bahias de parqueo': 'true'}, {'Características del Parqueadero cubierto': 'true'}, {'Parqueadero visitantes': 'true'}, {'Vigilancia': 'true'}, {'Conjunto cerrado': 'true'}, {'Recepción Lobby': 'true'}, {'Tipo de parqueadero servidumbre': 'true'}, {'Cerca Centros Comerciales': 'true'}, {'Cerca Colegios / Universidades': 'true'}, {'Cerca Parques': 'true'}, {'Cerca Supermercados': 'true'}, {'Cerca Transporte Público': 'true'}, {'Ubicación zona centros negocios': 'true'}, {'Área Urbana': 'true'}, {'Cerca Centros Comerciales': 'true'}, {'Cerca Colegios / Universidades': 'true'}, {'Cerca Parques': 'true'}, {'Cerca Supermercados': 'true'}, {'Cerca Transporte Público': 'true'}, {'Ubicación zona centros negocios': 'true'}, {'Área Urbana': 'true'}]}",2026-09-16 03:42:43.624029+00:00
https://www.metrocuadrado.com/inmueble/arriendo-oficina-bogota-san-diego-3-banos/MC5620352?src_url=%2Finmuebles%2Farriendo%2Fbogota,"{'title': 'Oficina En Arriendo, SAN DIEGO', 'location': 'SAN DIEGO, Bogotá D.C.', 'price': '$ 4.500.000', 'area': None, 'estrato': None, 'main_specs': '3 bañ.', 'characteristics': [{'Baño Auxiliar': 'true'}, {'Cocineta': 'true'}, {'Equipado / Amoblado': 'true'}, {'Piso en madera': 'true'}, {'Número de piso 4': 'true'}, {'Cerca a hospitales': 'true'}, {'Ubicado en edificio': 'true'}, {'Ascensor': 'true'}, {'Vigilancia': 'true'}, {'Recepción Lobby': 'true'}, {'Cerca Centros Comerciales': 'true'}, {'Cerca Parques': 'true'}, {'Cerca Supermercados': 'true'}, {'Cerca Transporte Público': 'true'}, {'Ubicación zona centros negocios': 'true'}, {'Cerca Centros Comerciales': 'true'}, {'Cerca Parques': 'true'}, {'Cerca Supermercados': 'true'}, {'Cerca Transporte Público': 'true'}, {'Ubicación zona centros negocios': 'true'}]}",2026-09-16 03:42:48.945985+00:00
https://www.metrocuadrado.com/inmueble/arriendo-apartamento-bogota-el-batan-4-habitaciones-4-banos-2-garajes/MC6753135?src_url=%2Finmuebles%2Farriendo%2Fbogota,"{'title': 'Apartamento En Arriendo, EL BATAN Santa Bárbara', 'location': 'EL BATAN Santa Bárbara, Bogotá D.C.', 'price': '$ 4.200.000', 'area': None, 'estrato': None, 'main_specs': '4 hab. | 4 bañ. | 2 par.', 'characteristics': [{'Altillo': 'true'}, {'Baño Auxiliar': 'true'}, {'Con chimenea': 'true'}, {'Citófonos': 'true'}, {'Cuarto de servicio': 'true'}, {'Depósito o cuarto útil': 'true'}, {'Estudio o biblioteca': 'true'}, {'Piso en baldosa': 'true'}, {'Piso en madera': 'true'}, {'Piso en porcelanato': 'true'}, {'Zona de lavanderia': 'true'}, {'Despensa': 'true'}, {'Dúplex': 'true'}, {'Horno': 'true'}, {'Luz en la mañana': 'true'}, {'Luz en la tarde': 'true'}, {'Número de piso 5': 'true'}, {'PentHouse': 'true'}, {'Puerta eléctrica': 'true'}, {'Shut de basura': 'true'}, {'Walking closet': 'true'}, {'Cerca a gimnasio': 'true'}, {'Cerca a hospitales': 'true'}, {'Cerca a Jardines y Colegios': 'true'}, {'Cerca a restaurantes': 'true'}, {'Cerca a tiendas de barrio': 'true'}, {'Ubicado en edificio': 'true'}, {'Acceso con tarjetas o dispositivos': 'true'}, {'Ascensor': 'true'}, {'Características del Parqueadero cubierto': 'true'}, {'Parqueadero visitantes': 'true'}, {'Con Terraza': 'true'}, {'Recepción Lobby': 'true'}, {'Roof garden': 'true'}, {'Tipo de parqueadero propio': 'true'}, {'Cerca Centros Comerciales': 'true'}, {'Cerca Colegios / Universidades': 'true'}, {'Cerca Parques': 'true'}, {'Cerca Supermercados': 'true'}, {'Cerca Transporte Público': 'true'}, {'Área Urbana': 'true'}, {'Cerca Centros Comerciales': 'true'}, {'Cerca Colegios / Universidades': 'true'}, {'Cerca Parques': 'true'}, {'Cerca Supermercados': 'true'}, {'Cerca Transporte Público': 'true'}, {'Área Urbana': 'true'}]}",2026-09-16 03:42:55.159677+00:00
https://www.metrocuadrado.com/inmueble/arriendo-apartamento-bogota-brasilia-3-habitaciones-2-banos/MC4481588?src_url=%2Finmuebles%2Farriendo%2Fbogota,"{'title': 'Apartamento En Arriendo, NUEVA PRIMAVERA Puente Aranda', 'location': 'NUEVA PRIMAVERA Puente Aranda, Bogotá D.C.', 'price': '$ 1.900.000', 'area': None, 'estrato': None, 'main_specs': '3 hab. | 2 bañ.', 'characteristics': [{'Citófonos': 'true'}, {'Cocina integral': 'true'}, {'Piso en madera': 'true'}, {'Zona de lavanderia': 'true'}, {'Número de piso 1': 'true'}, {'Cerca Centros Comerciales': 'true'}, {'Cerca Colegios / Universidades': 'true'}, {'Cerca Parques': 'true'}, {'Cerca Supermercados': 'true'}, {'Cerca Transporte Público': 'true'}, {'Ubicación zona centros negocios': 'true'}, {'Área Urbana': 'true'}, {'Cerca Centros Comerciales': 'true'}, {'Cerca Colegios / Universidades': 'true'}, {'Cerca Parques': 'true'}, {'Cerca Supermercados': 'true'}, {'Cerca Transporte Público': 'true'}, {'Ubicación zona centros negocios': 'true'}, {'Área Urbana': 'true'}]}",2026-09-16 03:43:00.489109+00:00
https://www.metrocuadrado.com/inmueble/arriendo-apartamento-bogota-pradera-norte-3-habitaciones-2-banos-1-garajes/5105-M7031236?src_url=%2Finmuebles%2Farriendo%2Fbogota%2F%3Fsearch%3Dform,"{'title': 'Apartamento En Arriendo, LA PRADERA NORTE', 'location': 'LA PRADERA NORTE, Bogotá D.C.', 'price': '$ 2.400.000', 'area': None, 'estrato': None, 'main_specs': '3 hab. | 2 bañ. | 1 par.', 'characteristics': [{'Citófonos': 'true'}, {'Tipo de Cortinas pesadas': 'true'}, {'Estudio o biblioteca': 'true'}, {'Zona de lavanderia': 'true'}, {'En interior y/o bloque': 'true'}, {'Tipo instalación de gas natural': 'true'}, {'Número de Closets 3': 'true'}, {'Número de piso 14': 'true'}, {'Tipo de calentador gas': 'true'}, {'Tipo de Cocina lineal': 'true'}, {'Tipo comedor sala comedor': 'true'}, {'Depósito 0': 'true'}, {'Tipo de estufa gas': 'true'}, {'Tipo de acabado piso baldosa': 'true'}, {'Vista exterior': 'true'}, {'Gimnasio': 'true'}, {'Zona para niños': 'true'}, {'Zonas verdes': 'true'}, {'Área Terraza/Balcón 5': 'true'}, {'Ascensor': 'true'}, {'Circuito cerrado de TV': 'true'}, {'Parqueadero cubierto': 'true'}, {'Vista panorámica': 'true'}, {'Conjunto cerrado': 'true'}, {'Número de Ascensores 2': 'true'}, {'Terraza/Balcón balcón': 'true'}, {'Tipo de parqueadero propio': 'true'}, {'Vigilancia 24hrs': 'true'}, {'Cerca Centros Comerciales': 'true'}, {'Cerca Colegios / Universidades': 'true'}, {'Cerca Parques': 'true'}, {'Cerca Transporte Público': 'true'}, {'Sobre vía secundaria': 'true'}, {'Cerca Centros Comerciales': 'true'}, {'Cerca Colegios / Universidades': 'true'}, {'Cerca Parques': 'true'}, {'Cerca Transporte Público': 'true'}, {'Sobre vía secundaria': 'true'}]}",2026-09-16 03:43:06.140414+00:00
https://www.metrocuadrado.com/inmueble/arriendo-oficina-bogota-chico-2-banos-3-garajes/16427-M7022878?src_url=%2Finmuebles%2Farriendo%2Fbogota%2F%3Fsearch%3Dform,"{'title': 'Oficina En Arriendo, Chico', 'location': 'Chico, Bogotá D.C.', 'price': '$ 14.208.000', 'area': None, 'estrato': None, 'main_specs': '2 bañ. | 3 par.', 'characteristics': [{'Zonas verdes': 'true'}, {'Vigilancia': 'true'}, {'Vigilancia 24hrs': 'true'}]}",2026-09-16 03:43:10.917782+00:00
https://www.metrocuadrado.com/inmueble/arriendo-oficina-bogota-chico-norte-1-banos-2-garajes/20449-M6884009?src_url=%2Finmuebles%2Farriendo%2Fbogota%2F%3Fsearch%3Dform,"{'title': 'Oficina En Arriendo, Chico Norte', 'location': 'Chico Norte, Bogotá D.C.', 'price': '$ 6.000.000', 'area': None, 'estrato': None, 'main_specs': '1 bañ. | 2 par.', 'characteristics': [{'Aire acondicionado': 'true'}, {'Número de piso 3': 'true'}, {'Tipo de oficina edificio': 'true'}, {'Tipo de acabado piso laminado': 'true'}, {'Parqueadero visitantes': 'true'}, {'Vigilancia': 'true'}, {'Vigilancia 24hrs': 'true'}, {'Área Urbana': 'true'}, {'Área Urbana': 'true'}]}",2026-09-16 03:43:15.776360+00:00
https://www.metrocuadrado.com/inmueble/arriendo-apartamento-bogota-canodromo-2-habitaciones-2-banos/23746-M6972586?src_url=%2Finmuebles%2Farriendo%2Fbogota%2F%3Fsearch%3Dform,"{'title': 'Apartamento En Arriendo, PRADO VERANIEGO NORTE', 'location': 'PRADO VERANIEGO NORTE, Bogotá D.C.', 'price': '$ 2.000.000', 'area': None, 'estrato': None, 'main_specs': '2 hab. | 2 bañ.', 'characteristics': [{'Tipo de Cortinas con velos': 'true'}, {'Puertas de seguridad': 'true'}, {'Zona de lavanderia': 'true'}, {'Extractor': 'true'}, {'Tipo instalación de gas natural': 'true'}, {'Número de Closets 2': 'true'}, {'Número de piso 4': 'true'}, {'Tipo de calentador gas': 'true'}, {'Tipo de Cocina lineal': 'true'}, {'Tipo comedor sala comedor': 'true'}, {'Depósito 0': 'true'}, {'Tipo de estufa gas': 'true'}, {'Tipo de acabado piso porcelanato': 'true'}, {'Vista interior': 'true'}, {'Cerca a restaurantes': 'true'}, {'Cerca a tiendas de barrio': 'true'}, {'Circuito cerrado de TV': 'true'}, {'Número de Ascensores 0': 'true'}, {'Cerca Centros Comerciales': 'true'}, {'Cerca Colegios / Universidades': 'true'}, {'Cerca Supermercados': 'true'}, {'Cerca Centros Comerciales': 'true'}, {'Cerca Colegios / Universidades': 'true'}, {'Cerca Supermercados': 'true'}]}",2026-09-16 03:43:20.745350+00:00
https://www.metrocuadrado.com/inmueble/arriendo-local-comercial-bogota-torca-5-banos-4-garajes/MC7041156?src_url=%2Finmuebles%2Farriendo%2Fbogota%2F%3Fsearch%3Dform,"{'title': 'Local Comercial En Arriendo, USAQUEN Zona Urbana', 'location': 'USAQUEN Zona Urbana, Bogotá D.C.', 'price': '$ 5.500.000', 'area': None, 'estrato': None, 'main_specs': '5 bañ. | 4 par.', 'characteristics': [{'Altura Restringuida': 'true'}, {'Piso en madera': 'true'}, {'Número local 16': 'true'}, {'Número de piso 1': 'true'}, {'Ventilación Natural': 'true'}, {'Zona para niños': 'true'}, {'Zonas verdes': 'true'}, {'Ubicado en centro comercial': 'true'}, {'Acceso para Camiones': 'true'}, {'Bahias de parqueo': 'true'}, {'Baños Públicos': 'true'}, {'Parqueadero visitantes': 'true'}, {'Jardines': 'true'}, {'Pasaje comercial': 'true'}, {'Sistema contra incendio': 'true'}, {'Tipo de parqueadero comunal': 'true'}, {'Cerca Transporte Público': 'true'}, {'Ubicación zona centros negocios': 'true'}, {'Cerca Transporte Público': 'true'}, {'Ubicación zona centros negocios': 'true'}]}",2026-09-16 03:43:26.072714+00:00
https://www.metrocuadrado.com/inmueble/arriendo-apartamento-bogota-3-habitaciones-2-banos-1-garajes/20449-M7014239?src_url=%2Finmuebles%2Farriendo%2Fbogota%2F%3Fsearch%3Dform,"{'title': 'Apartamento En Arriendo, SANTA BARBARA CENTRAL', 'location': 'SANTA BARBARA CENTRAL, Bogotá D.C.', 'price': '$ 5.500.000', 'area': None, 'estrato': None, 'main_specs': '3 hab. | 2 bañ. | 1 par.', 'characteristics': [{'Con chimenea': 'true'}, {'Tipo de Cortinas persianas': 'true'}, {'Estudio o biblioteca': 'true'}, {'Zona de lavanderia': 'true'}, {'Detección de humo': 'true'}, {'Extractor': 'true'}, {'Horno': 'true'}, {'Tipo instalación de gas natural': 'true'}, {'Lavaplatos': 'true'}, {'Luz en la tarde': 'true'}, {'Número de Closets 3': 'true'}, {'Número de piso 2': 'true'}, {'Shut de basura': 'true'}, {'Tipo de calentador gas': 'true'}, {'Tipo de Cocina isla': 'true'}, {'Tipo comedor sala comedor': 'true'}, {'Depósito 1': 'true'}, {'Tipo de estufa gas': 'true'}, {'Tipo de acabado piso marmol': 'true'}, {'Tipo de piso en alcobas laminado': 'true'}, {'Tipo de piso en comedor marmol': 'true'}, {'Tipo de piso en estudio marmol': 'true'}, {'Tipo de piso en sala marmol': 'true'}, {'Vista exterior': 'true'}, {'Walking closet': 'true'}, {'Ascensor': 'true'}, {'Parqueadero cubierto': 'true'}, {'Conjunto cerrado': 'true'}, {'Número de Ascensores 1': 'true'}, {'Terraza/Balcón ninguno': 'true'}, {'Tipo de parqueadero propio': 'true'}, {'Vigilancia 24hrs': 'true'}, {'Sobre vía secundaria': 'true'}, {'Sobre vía secundaria': 'true'}]}",2026-09-16 03:43:31.605133+00:00
https://www.metrocuadrado.com/inmueble/arriendo-apartamento-bogota-el-tintal-a.s.d.-3-habitaciones-2-banos-1-garajes/MC7041705?src_url=%2Finmuebles%2Farriendo%2Fbogota%2F%3Fsearch%3Dform,"{'title': 'Apartamento En Arriendo, HAYUELOS Zona Urbana', 'location': 'HAYUELOS Zona Urbana, Bogotá D.C.', 'price': '$ 2.100.000', 'area': None, 'estrato': None, 'main_specs': '3 hab. | 2 bañ. | 1 par.', 'characteristics': [{'Baño Auxiliar': 'true'}, {'Citófonos': 'true'}, {'Cocina Tipo Americano': 'true'}, {'Cocina integral': 'true'}, {'Piso en baldosa': 'true'}, {'Zona de lavanderia': 'true'}, {'Luz en la tarde': 'true'}, {'Número de piso 6': 'true'}, {'Cerca a gimnasio': 'true'}, {'Cerca a Jardines y Colegios': 'true'}, {'Cerca a restaurantes': 'true'}, {'Cerca a tiendas de barrio': 'true'}, {'Salón comunal': 'true'}, {'Ubicado en edificio': 'true'}, {'Bahias de parqueo': 'true'}, {'Características del Parqueadero cubierto': 'true'}, {'Parqueadero visitantes': 'true'}, {'Vigilancia': 'true'}, {'Conjunto cerrado': 'true'}, {'Tipo de parqueadero propio': 'true'}, {'Cerca Centros Comerciales': 'true'}, {'Cerca Colegios / Universidades': 'true'}, {'Cerca Supermercados': 'true'}, {'Cerca Transporte Público': 'true'}, {'Área Urbana': 'true'}, {'Cerca Centros Comerciales': 'true'}, {'Cerca Colegios / Universidades': 'true'}, {'Cerca Supermercados': 'true'}, {'Cerca Transporte Público': 'true'}, {'Área Urbana': 'true'}]}",2026-09-16 03:43:37.074552+00:00
https://www.metrocuadrado.com/inmueble/arriendo-apartaestudio-bogota-la-aurora-1-habitaciones-1-banos/21109-M7056381?src_url=%2Finmuebles%2Farriendo%2Fbogota%2F%3Fsearch%3Dform,"{'title': 'Apartaestudio En Arriendo, LOS ALCAZARES', 'location': 'LOS ALCAZARES, Bogotá D.C.', 'price': '$ 850.000', 'area': None, 'estrato': None, 'main_specs': '1 hab. | 1 bañ.', 'characteristics': [{'Zona de lavanderia': 'true'}, {'En interior y/o bloque': 'true'}, {'Tipo instalación de gas natural': 'true'}, {'Número de Closets 1': 'true'}, {'Número de piso 1': 'true'}, {'Tipo de Cocina lineal': 'true'}, {'Tipo comedor sala comedor': 'true'}, {'Depósito 0': 'true'}, {'Tipo de estufa gas': 'true'}, {'Tipo de acabado piso cerámica': 'true'}, {'Tipo de piso en alcobas cerámica': 'true'}, {'Tipo de piso en comedor cerámica': 'true'}, {'Tipo de piso en sala cerámica': 'true'}, {'Vista interior': 'true'}, {'Cerca a hospitales': 'true'}, {'Cerca a Jardines y Colegios': 'true'}, {'Cerca a restaurantes': 'true'}, {'Cerca a tiendas de barrio': 'true'}, {'Número de Ascensores 0': 'true'}, {'Terraza/Balcón ninguno': 'true'}, {'Vigilancia 0': 'true'}, {'Cerca Centros Comerciales': 'true'}, {'Cerca Colegios / Universidades': 'true'}, {'Cerca Parques': 'true'}, {'Cerca Supermercados': 'true'}, {'Cerca Transporte Público': 'true'}, {'Sobre vía secundaria': 'true'}, {'Cerca Centros Comerciales': 'true'}, {'Cerca Colegios / Universidades': 'true'}, {'Cerca Parques': 'true'}, {'Cerca Supermercados': 'true'}, {'Cerca Transporte Público': 'true'}, {'Sobre vía secundaria': 'true'}]}",2026-09-16 03:43:42.206264+00:00
https://www.metrocuadrado.com/inmueble/arriendo-apartamento-bogota-la-estrada-2-habitaciones-1-banos-1-garajes/21109-M7045102?src_url=%2Finmuebles%2Farriendo%2Fbogota%2F%3Fsearch%3Dform,"{'title': 'Apartamento En Arriendo, ESTRADA', 'location': 'ESTRADA, Bogotá D.C.', 'price': '$ 1.000.000', 'area': None, 'estrato': None, 'main_specs': '2 hab. | 1 bañ. | 1 par.', 'characteristics': [{'Tipo de Cortinas con velos': 'true'}, {'Zona de lavanderia': 'true'}, {'Tipo instalación de gas natural': 'true'}, {'Número de Closets 1': 'true'}, {'Número de piso 3': 'true'}, {'Tipo de calentador electrico': 'true'}, {'Tipo de Cocina lineal': 'true'}, {'Tipo comedor sala comedor': 'true'}, {'Depósito 0': 'true'}, {'Tipo de estufa gas': 'true'}, {'Tipo de acabado piso cerámica': 'true'}, {'Tipo de piso en alcobas cerámica': 'true'}, {'Tipo de piso en comedor cerámica': 'true'}, {'Tipo de piso en sala cerámica': 'true'}, {'Vista exterior': 'true'}, {'Cerca a hospitales': 'true'}, {'Cerca a Jardines y Colegios': 'true'}, {'Cerca a restaurantes': 'true'}, {'Cerca a tiendas de barrio': 'true'}, {'Parqueadero cubierto': 'true'}, {'Número de Ascensores 0': 'true'}, {'Terraza/Balcón ninguno': 'true'}, {'Tipo de parqueadero comunal': 'true'}, {'Vigilancia 0': 'true'}, {'Cerca Centros Comerciales': 'true'}, {'Cerca Colegios / Universidades': 'true'}, {'Cerca Supermercados': 'true'}, {'Cerca Transporte Público': 'true'}, {'Sobre vía secundaria': 'true'}, {'Cerca Centros Comerciales': 'true'}, {'Cerca Colegios / Universidades': 'true'}, {'Cerca Supermercados': 'true'}, {'Cerca Transporte Público': 'true'}, {'Sobre vía secundaria': 'true'}]}",2026-09-16 03:43:47.193615+00:00
https://www.metrocuadrado.com/inmueble/arriendo-apartamento-bogota-san-cristobal-norte-3-habitaciones-1-banos/21109-M7056442?src_url=%2Finmuebles%2Farriendo%2Fbogota%2F%3Fsearch%3Dform,"{'title': 'Apartamento En Arriendo, SAN CRISTOBAL NORTE', 'location': 'SAN CRISTOBAL NORTE, Bogotá D.C.', 'price': '$ 1.400.000', 'area': None, 'estrato': None, 'main_specs': '3 hab. | 1 bañ.', 'characteristics': [{'Citófonos': 'true'}, {'Tipo de Cortinas con velos': 'true'}, {'Zona de lavanderia': 'true'}, {'Extractor': 'true'}, {'Tipo instalación de gas natural': 'true'}, {'Número de Closets 2': 'true'}, {'Número de piso 4': 'true'}, {'Tipo de Cocina lineal': 'true'}, {'Tipo comedor sala comedor': 'true'}, {'Depósito 0': 'true'}, {'Tipo de estufa gas': 'true'}, {'Tipo de acabado piso madera': 'true'}, {'Tipo de piso en alcobas madera': 'true'}, {'Tipo de piso en comedor madera': 'true'}, {'Tipo de piso en sala madera': 'true'}, {'Vista exterior': 'true'}, {'Cerca a gimnasio': 'true'}, {'Cerca a hospitales': 'true'}, {'Cerca a Jardines y Colegios': 'true'}, {'Cerca a restaurantes': 'true'}, {'Cerca a tiendas de barrio': 'true'}, {'Acceso con tarjetas o dispositivos': 'true'}, {'Número de Ascensores 0': 'true'}, {'Terraza/Balcón ninguno': 'true'}, {'Cerca Centros Comerciales': 'true'}, {'Cerca Colegios / Universidades': 'true'}, {'Cerca Parques': 'true'}, {'Cerca Supermercados': 'true'}, {'Cerca Transporte Público': 'true'}, {'Sobre vía secundaria': 'true'}, {'Cerca Centros Comerciales': 'true'}, {'Cerca Colegios / Universidades': 'true'}, {'Cerca Parques': 'true'}, {'Cerca Supermercados': 'true'}, {'Cerca Transporte Público': 'true'}, {'Sobre vía secundaria': 'true'}]}",2026-09-16 03:43:52.804260+00:00
https://www.metrocuadrado.com/sistema-alarma-seguridad?cd_origin=result_result-grid_detail-card,"{'title': None, 'location': None, 'price': None, 'area': None, 'estrato': None, 'main_specs': None, 'characteristics': [{'key_0': 'true'}]}",2026-09-16 03:44:57.486343+00:00
https://www.metrocuadrado.com/inmueble/arriendo-apartamento-bogota-cedro-salazar-2-habitaciones-3-banos-1-garajes/21109-M7055884?src_url=%2Finmuebles%2Farriendo%2Fbogota%2F%3Fsearch%3Dform,"{'title': 'Apartamento En Arriendo, CEDRO NORTE', 'location': 'CEDRO NORTE, Bogotá D.C.', 'price': '$ 2.400.000', 'area': None, 'estrato': None, 'main_specs': '2 hab. | 3 bañ. | 1 par.', 'characteristics': [{'Citófonos': 'true'}, {'Zona de lavanderia': 'true'}, {'Tipo instalación de gas natural': 'true'}, {'Número de Closets 2': 'true'}, {'Número de piso 1': 'true'}, {'Puerta eléctrica': 'true'}, {'Tipo de calentador gas': 'true'}, {'Tipo de Cocina lineal': 'true'}, {'Tipo comedor sala comedor': 'true'}, {'Depósito 0': 'true'}, {'Tipo de estufa gas': 'true'}, {'Tipo de acabado piso madera': 'true'}, {'Tipo de piso en alcobas madera': 'true'}, {'Tipo de piso en comedor madera': 'true'}, {'Tipo de piso en sala madera': 'true'}, {'Vista exterior': 'true'}, {'Cerca a hospitales': 'true'}, {'Cerca a Jardines y Colegios': 'true'}, {'Cerca a restaurantes': 'true'}, {'Cerca a tiendas de barrio': 'true'}, {'Zona para niños': 'true'}, {'Zonas verdes': 'true'}, {'Acceso con tarjetas o dispositivos': 'true'}, {'Conjunto cerrado': 'true'}, {'Número de Ascensores 0': 'true'}, {'Terraza/Balcón ninguno': 'true'}, {'Tipo de parqueadero comunal': 'true'}, {'Vigilancia 0': 'true'}, {'Cerca Centros Comerciales': 'true'}, {'Cerca Colegios / Universidades': 'true'}, {'Cerca Parques': 'true'}, {'Cerca Supermercados': 'true'}, {'Cerca Transporte Público': 'true'}, {'Sobre vía principal': 'true'}, {'Sobre vía secundaria': 'true'}, {'Cerca Centros Comerciales': 'true'}, {'Cerca Colegios / Universidades': 'true'}, {'Cerca Parques': 'true'}, {'Cerca Supermercados': 'true'}, {'Cerca Transporte Público': 'true'}, {'Sobre vía principal': 'true'}, {'Sobre vía secundaria': 'true'}]}",2026-09-16 03:45:03.152462+00:00
https://www.metrocuadrado.com/inmueble/arriendo-apartamento-bogota-cedro-salazar-2-habitaciones-2-banos-1-garajes/21109-M6161123?src_url=%2Finmuebles%2Farriendo%2Fbogota%2F%3Fsearch%3Dform,"{'title': 'Apartamento En Arriendo, CEDRO GOLF', 'location': 'CEDRO GOLF, Bogotá D.C.', 'price': '$ 2.200.000', 'area': None, 'estrato': None, 'main_specs': '2 hab. | 2 bañ. | 1 par.', 'characteristics': [{'Citófonos': 'true'}, {'Tipo de Cortinas con velos': 'true'}, {'Estudio o biblioteca': 'true'}, {'Extractor': 'true'}, {'Tipo instalación de gas natural': 'true'}, {'Lavaplatos': 'true'}, {'Luz en la mañana': 'true'}, {'Número de Closets 2': 'true'}, {'Número de piso 2': 'true'}, {'Se Permiten Mascotas': 'true'}, {'Tipo de calentador gas': 'true'}, {'Tipo de Cocina lineal': 'true'}, {'Tipo comedor sala comedor': 'true'}, {'Depósito 0': 'true'}, {'Tipo de estufa electrica': 'true'}, {'Tipo de acabado piso cerámica': 'true'}, {'Tipo de piso en alcobas madera': 'true'}, {'Tipo de piso en comedor cerámica': 'true'}, {'Tipo de piso en estudio madera': 'true'}, {'Tipo de piso en sala cerámica': 'true'}, {'Vista exterior': 'true'}, {'Cerca a hospitales': 'true'}, {'Cerca a Jardines y Colegios': 'true'}, {'Cerca a parque industrial': 'true'}, {'Cerca a restaurantes': 'true'}, {'Cerca a tiendas de barrio': 'true'}, {'Conjunto cerrado': 'true'}, {'Número de Ascensores 0': 'true'}, {'Tipo de parqueadero comunal': 'true'}, {'Vigilancia 0': 'true'}, {'Cerca Centros Comerciales': 'true'}, {'Cerca Colegios / Universidades': 'true'}, {'Cerca Parques': 'true'}, {'Cerca Supermercados': 'true'}, {'Cerca Transporte Público': 'true'}, {'Sobre vía principal': 'true'}, {'Cerca Centros Comerciales': 'true'}, {'Cerca Colegios / Universidades': 'true'}, {'Cerca Parques': 'true'}, {'Cerca Supermercados': 'true'}, {'Cerca Transporte Público': 'true'}, {'Sobre vía principal': 'true'}]}",2026-09-16 03:45:08.569480+00:00
https://www.metrocuadrado.com/inmueble/arriendo-apartamento-bogota-cedro-salazar-1-habitaciones-1-banos-1-garajes/21109-M6205500?src_url=%2Finmuebles%2Farriendo%2Fbogota%2F%3Fsearch%3Dform,"{'title': 'Apartamento En Arriendo, CEDRO NORTE', 'location': 'CEDRO NORTE, Bogotá D.C.', 'price': '$ 1.500.000', 'area': None, 'estrato': None, 'main_specs': '1 hab. | 1 bañ. | 1 par.', 'characteristics': [{'Citófonos': 'true'}, {'Zona de lavanderia': 'true'}, {'Número de Closets 2': 'true'}, {'Número de piso 1': 'true'}, {'Puerta eléctrica': 'true'}, {'Se Permiten Mascotas': 'true'}, {'Tipo de calentador gas': 'true'}, {'Tipo de Cocina lineal': 'true'}, {'Depósito 0': 'true'}, {'Tipo de estufa electrica': 'true'}, {'Tipo de acabado piso madera': 'true'}, {'Tipo de piso en alcobas madera': 'true'}, {'Tipo de piso en comedor madera': 'true'}, {'Tipo de piso en sala madera': 'true'}, {'Vista exterior': 'true'}, {'Cerca a hospitales': 'true'}, {'Cerca a Jardines y Colegios': 'true'}, {'Cerca a restaurantes': 'true'}, {'Cerca a tiendas de barrio': 'true'}, {'Zona para niños': 'true'}, {'Zonas verdes': 'true'}, {'Acceso con tarjetas o dispositivos': 'true'}, {'Conjunto cerrado': 'true'}, {'Número de Ascensores 0': 'true'}, {'Tipo de parqueadero comunal': 'true'}, {'Vigilancia 0': 'true'}, {'Cerca Centros Comerciales': 'true'}, {'Cerca Colegios / Universidades': 'true'}, {'Cerca Parques': 'true'}, {'Cerca Supermercados': 'true'}, {'Cerca Transporte Público': 'true'}, {'Sobre vía principal': 'true'}, {'Sobre vía secundaria': 'true'}, {'Cerca Centros Comerciales': 'true'}, {'Cerca Colegios / Universidades': 'true'}, {'Cerca Parques': 'true'}, {'Cerca Supermercados': 'true'}, {'Cerca Transporte Público': 'true'}, {'Sobre vía principal': 'true'}, {'Sobre vía secundaria': 'true'}]}",2026-09-16 03:45:13.512504+00:00
https://www.metrocuadrado.com/inmueble/arriendo-oficina-bogota-chico-norte-5-banos-4-garajes/15939-M7023015?src_url=%2Finmuebles%2Farriendo%2Fbogota%2F%3Fsearch%3Dform,"{'title': 'Oficina En Arriendo, Chico Norte', 'location': 'Chico Norte, Bogotá D.C.', 'price': '$ 23.500.000', 'area': None, 'estrato': None, 'main_specs': '5 bañ. | 4 par.', 'characteristics': [{'Alarma': 'true'}, {'Citófonos': 'true'}, {'Ubicado en edificio': 'true'}, {'Cerca Centros Comerciales': 'true'}, {'Cerca Colegios / Universidades': 'true'}, {'Cerca Supermercados': 'true'}, {'Cerca Transporte Público': 'true'}, {'Sobre vía secundaria': 'true'}, {'Ubicación zona centros negocios': 'true'}, {'Cerca Centros Comerciales': 'true'}, {'Cerca Colegios / Universidades': 'true'}, {'Cerca Supermercados': 'true'}, {'Cerca Transporte Público': 'true'}, {'Sobre vía secundaria': 'true'}, {'Ubicación zona centros negocios': 'true'}]}",2026-09-16 03:45:18.604478+00:00
https://www.metrocuadrado.com/inmueble/arriendo-apartamento-bogota-samper-1-habitaciones-2-banos-1-garajes/MC2359982?src_url=%2Finmuebles%2Farriendo%2Fbogota%2F%3Fsearch%3Dform,"{'title': 'Apartamento En Arriendo, CENTRO INTERNACIONAL Centro Internacional', 'location': 'CENTRO INTERNACIONAL Centro Internacional, Bogotá D.C.', 'price': '$ 2.500.000', 'area': None, 'estrato': None, 'main_specs': '1 hab. | 2 bañ. | 1 par.', 'characteristics': [{'Baño Auxiliar': 'true'}, {'Citófonos': 'true'}, {'Cocina Tipo Americano': 'true'}, {'Cocina integral': 'true'}, {'Depósito o cuarto útil': 'true'}, {'Equipado / Amoblado': 'true'}, {'Piso en porcelanato': 'true'}, {'Zona de lavanderia': 'true'}, {'Número de piso 16': 'true'}, {'Salón comunal': 'true'}, {'Zona para niños': 'true'}, {'Ubicado en edificio': 'true'}, {'Ascensor': 'true'}, {'Características del Parqueadero cubierto': 'true'}, {'Parqueadero visitantes': 'true'}, {'Vigilancia': 'true'}, {'Conjunto cerrado': 'true'}, {'Tipo de parqueadero propio': 'true'}, {'Cerca Centros Comerciales': 'true'}, {'Cerca Colegios / Universidades': 'true'}, {'Cerca Parques': 'true'}, {'Cerca Supermercados': 'true'}, {'Cerca Transporte Público': 'true'}, {'Área Urbana': 'true'}, {'Cerca Centros Comerciales': 'true'}, {'Cerca Colegios / Universidades': 'true'}, {'Cerca Parques': 'true'}, {'Cerca Supermercados': 'true'}, {'Cerca Transporte Público': 'true'}, {'Área Urbana': 'true'}]}",2026-09-16 03:45:24.015945+00:00
https://www.metrocuadrado.com/inmueble/arriendo-bodega-bogota-prado-pinzon/21889-M7037711?src_url=%2Finmuebles%2Farriendo%2Fbogota%2F%3Fsearch%3Dform,"{'title': 'Bodega En Arriendo, PRADO PINZON', 'location': 'PRADO PINZON, Bogotá D.C.', 'price': '$ 15.000.000', 'area': None, 'estrato': None, 'main_specs': None, 'characteristics': [{'Con oficinas': 'true'}, {'Número bodega 1': 'true'}, {'Piso de alta resistencia': 'true'}, {'Tipo bodega almacenamiento': 'true'}, {'Baños Públicos': 'true'}, {'Acceso para discapacitados': 'true'}, {'Cerca Transporte Público': 'true'}, {'Ubicación zona centros negocios': 'true'}, {'Cerca Transporte Público': 'true'}, {'Ubicación zona centros negocios': 'true'}]}",2026-09-16 03:45:28.910047+00:00
https://www.metrocuadrado.com/inmueble/arriendo-bodega-bogota-galan-1-garajes/MC3564286?src_url=%2Finmuebles%2Farriendo%2Fbogota%2F%3Fsearch%3Dform,"{'title': 'Bodega En Arriendo, GALAN Puente Aranda', 'location': 'GALAN Puente Aranda, Bogotá D.C.', 'price': '$ 7.000.000', 'area': None, 'estrato': None, 'main_specs': '1 par.', 'characteristics': [{'Altura Libre': 'true'}, {'Cocineta': 'true'}, {'Con oficinas': 'true'}, {'Tipo bodega almacenamiento': 'true'}, {'Acceso para Camiones': 'true'}, {'Características del Parqueadero cubierto': 'true'}, {'Tipo de parqueadero propio': 'true'}, {'Área Urbana': 'true'}, {'Bomba de Gasolina': 'true'}, {'Cerca Centros Comerciales': 'true'}, {'Cerca Transporte Público': 'true'}, {'Ubicación zona centros negocios': 'true'}, {'Área Urbana': 'true'}, {'Bomba de Gasolina': 'true'}, {'Cerca Centros Comerciales': 'true'}, {'Cerca Transporte Público': 'true'}, {'Ubicación zona centros negocios': 'true'}]}",2026-09-16 03:45:33.738481+00:00
https://www.metrocuadrado.com/inmueble/arriendo-oficina-bogota-chico-alto-5-banos-4-garajes/15939-M6907563?src_url=%2Finmuebles%2Farriendo%2Fbogota%2F%3Fsearch%3Dform,"{'title': 'Oficina En Arriendo, Chico Alto', 'location': 'Chico Alto, Bogotá D.C.', 'price': '$ 15.000.000', 'area': None, 'estrato': None, 'main_specs': '5 bañ. | 4 par.', 'characteristics': [{'Alarma': 'true'}, {'Ubicado en edificio': 'true'}, {'Tipo de parqueadero independiente': 'true'}, {'Cerca Transporte Público': 'true'}, {'Sobre vía principal': 'true'}, {'Cerca Transporte Público': 'true'}, {'Sobre vía principal': 'true'}]}",2026-09-16 03:45:38.558283+00:00
https://www.metrocuadrado.com/inmueble/arriendo-oficina-bogota-estoril-3-banos-1-garajes/412-M6131188?src_url=%2Finmuebles%2Farriendo%2Fbogota%2F%3Fsearch%3Dform,"{'title': 'Oficina En Arriendo, ESTORIL', 'location': 'ESTORIL, Bogotá D.C.', 'price': '$ 3.400.000', 'area': None, 'estrato': None, 'main_specs': '3 bañ. | 1 par.', 'characteristics': [{'Aire acondicionado': 'true'}, {'Citófonos': 'true'}, {'Puertas de seguridad': 'true'}, {'Control de ruido': 'true'}, {'Control térmico': 'true'}, {'Depósito Bodega': 'true'}, {'Detección de humo': 'true'}, {'Escalera de Emergencia': 'true'}, {'Número de piso 3': 'true'}, {'Salón de conferencias': 'true'}, {'Tipo de oficina edificio': 'true'}, {'Tipo de acabado piso cemento': 'true'}, {'Vista exterior': 'true'}, {'Cerca a gimnasio': 'true'}, {'Cerca a hospitales': 'true'}, {'Cerca a parque industrial': 'true'}, {'Acceso con tarjetas o dispositivos': 'true'}, {'Ascensor': 'true'}, {'Acceso para discapacitados': 'true'}, {'Circuito cerrado de TV': 'true'}, {'Parqueadero cubierto': 'true'}, {'Vista panorámica': 'true'}, {'Generador eléctrico': 'true'}, {'Jardines': 'true'}, {'Número de Ascensores 2': 'true'}, {'Recepción Lobby': 'true'}, {'Salón de juegos': 'true'}, {'Sistema contra incendio': 'true'}, {'Vigilancia 24hrs': 'true'}, {'Cerca Centros Comerciales': 'true'}, {'Cerca Colegios / Universidades': 'true'}, {'Cerca Parques': 'true'}, {'Cerca Supermercados': 'true'}, {'Cerca Transporte Público': 'true'}, {'Sobre vía principal': 'true'}, {'Sobre vía secundaria': 'true'}, {'Ubicación zona centros negocios': 'true'}, {'Cerca Centros Comerciales': 'true'}, {'Cerca Colegios / Universidades': 'true'}, {'Cerca Parques': 'true'}, {'Cerca Supermercados': 'true'}, {'Cerca Transporte Público': 'true'}, {'Sobre vía principal': 'true'}, {'Sobre vía secundaria': 'true'}, {'Ubicación zona centros negocios': 'true'}]}",2026-09-16 03:45:43.816812+00:00
https://www.metrocuadrado.com/inmueble/arriendo-apartamento-bogota-bellavista-3-habitaciones-4-banos-4-garajes/3340-M7057770?src_url=%2Finmuebles%2Farriendo%2Fbogota%2F%3Fsearch%3Dform,"{'title': 'Apartamento En Arriendo, LOS ROSALES', 'location': 'LOS ROSALES, Bogotá D.C.', 'price': '$ 30.000.000', 'area': None, 'estrato': None, 'main_specs': '3 hab. | 4 bañ. | 4 par.', 'characteristics': [{'Con chimenea': 'true'}, {'Citófonos': 'true'}, {'Comedor auxiliar': 'true'}, {'Tipo de Cortinas persianas': 'true'}, {'Cuarto de servicio': 'true'}, {'Estudio o biblioteca': 'true'}, {'Hall de Alcobas': 'true'}, {'Puertas de seguridad': 'true'}, {'Zona de lavanderia': 'true'}, {'Tipo instalación de gas natural': 'true'}, {'Número de Closets 4': 'true'}, {'Número de piso 2': 'true'}, {'Tipo de calentador caldera': 'true'}, {'Tipo de Cocina lineal': 'true'}, {'Tipo comedor sala comedor': 'true'}, {'Depósito 1': 'true'}, {'Tipo de estufa gas': 'true'}, {'Tipo de acabado piso madera': 'true'}, {'Walking closet': 'true'}, {'Gimnasio': 'true'}, {'Salón comunal': 'true'}, {'Sauna y/o turco': 'true'}, {'Zona para niños': 'true'}, {'Zonas verdes': 'true'}, {'Área Terraza/Balcón 113': 'true'}, {'Ascensor': 'true'}, {'Circuito cerrado de TV': 'true'}, {'Parqueadero cubierto': 'true'}, {'Piscina': 'true'}, {'Conjunto cerrado': 'true'}, {'Número de Ascensores 2': 'true'}, {'Recepción Lobby': 'true'}, {'Terraza/Balcón terraza': 'true'}, {'Tipo de parqueadero independiente': 'true'}, {'Vigilancia 24hrs': 'true'}]}",2026-09-16 03:45:48.877796+00:00
https://www.metrocuadrado.com/inmueble/arriendo-oficina-bogota-asd-5-banos-4-garajes/412-M6029178?src_url=%2Finmuebles%2Farriendo%2Fbogota%2F%3Fsearch%3Dform,"{'title': 'Oficina En Arriendo, VILLASDEL DORADO', 'location': 'VILLASDEL DORADO, Bogotá D.C.', 'price': '$ 13.132.000', 'area': None, 'estrato': None, 'main_specs': '5 bañ. | 4 par.', 'characteristics': [{'Aire acondicionado': 'true'}, {'Citófonos': 'true'}, {'Puertas de seguridad': 'true'}, {'Control de ruido': 'true'}, {'Control térmico': 'true'}, {'Depósito Bodega': 'true'}, {'Detección de humo': 'true'}, {'Escalera de Emergencia': 'true'}, {'Número de piso 23': 'true'}, {'Salón de conferencias': 'true'}, {'Tipo de oficina edificio': 'true'}, {'Tipo de acabado piso laminado': 'true'}, {'Vista exterior': 'true'}, {'Cerca a gimnasio': 'true'}, {'Cerca a hospitales': 'true'}, {'Cerca a parque industrial': 'true'}, {'Acceso con tarjetas o dispositivos': 'true'}, {'Ascensor': 'true'}, {'Acceso para discapacitados': 'true'}, {'Circuito cerrado de TV': 'true'}, {'Parqueadero cubierto': 'true'}, {'Vista panorámica': 'true'}, {'Generador eléctrico': 'true'}, {'Número de Ascensores 3': 'true'}, {'Recepción Lobby': 'true'}, {'Sistema contra incendio': 'true'}, {'Vigilancia 24hrs': 'true'}, {'Cerca Centros Comerciales': 'true'}, {'Cerca Colegios / Universidades': 'true'}, {'Cerca Parques': 'true'}, {'Cerca Supermercados': 'true'}, {'Cerca Transporte Público': 'true'}, {'Sobre vía principal': 'true'}, {'Sobre vía secundaria': 'true'}, {'Ubicación zona centros negocios': 'true'}, {'Cerca Centros Comerciales': 'true'}, {'Cerca Colegios / Universidades': 'true'}, {'Cerca Parques': 'true'}, {'Cerca Supermercados': 'true'}, {'Cerca Transporte Público': 'true'}, {'Sobre vía principal': 'true'}, {'Sobre vía secundaria': 'true'}, {'Ubicación zona centros negocios': 'true'}]}",2026-09-16 03:45:53.812089+00:00
https://www.metrocuadrado.com/inmueble/arriendo-apartamento-bogota-na-3-habitaciones-5-banos-4-garajes/3220-M6950096?src_url=%2Finmuebles%2Farriendo%2Fbogota%2F%3Fsearch%3Dform,"{'title': 'Apartamento En Arriendo, Chico Reservado', 'location': 'Chico Reservado, Bogotá D.C.', 'price': '$ 23.000.000', 'area': None, 'estrato': None, 'main_specs': '3 hab. | 5 bañ. | 4 par.', 'characteristics': [{'Baño Auxiliar': 'true'}, {'Baño de Servicio': 'true'}, {'Con calefacción': 'true'}, {'Con chimenea': 'true'}, {'Citófonos': 'true'}, {'Cocina Tipo Americano': 'true'}, {'Cocina integral': 'true'}, {'Comedor auxiliar': 'true'}, {'Cuarto de servicio': 'true'}, {'Depósito o cuarto útil': 'true'}, {'Estudio o biblioteca': 'true'}, {'Hall de Alcobas': 'true'}, {'Jacuzzi': 'true'}, {'Zona de lavanderia': 'true'}, {'Despensa': 'true'}, {'Extractor': 'true'}, {'Horno': 'true'}, {'Lavaplatos': 'true'}, {'Luz en la mañana': 'true'}, {'Luz en la tarde': 'true'}, {'Monoambiente': 'true'}, {'Número de piso 4': 'true'}, {'Shut de basura': 'true'}, {'Depósito 1': 'true'}, {'Walking closet': 'true'}, {'Cerca a hospitales': 'true'}, {'Cerca a Jardines y Colegios': 'true'}, {'Cerca a restaurantes': 'true'}, {'Cerca a tiendas de barrio': 'true'}, {'Gimnasio': 'true'}, {'Salón comunal': 'true'}, {'Zona para niños': 'true'}, {'Zonas verdes': 'true'}, {'Ascensor': 'true'}, {'Circuito cerrado de TV': 'true'}, {'Parqueadero visitantes': 'true'}, {'Piscina': 'true'}, {'Con Terraza': 'true'}, {'Vigilancia': 'true'}, {'Vista panorámica': 'true'}, {'Conjunto cerrado': 'true'}, {'Recepción Lobby': 'true'}, {'Terraza/Balcón balcón': 'true'}, {'Terraza Rooftop': 'true'}, {'Cerca Colegios / Universidades': 'true'}, {'Cerca Parques': 'true'}, {'Cerca Transporte Público': 'true'}, {'Área Urbana': 'true'}, {'Cerca Colegios / Universidades': 'true'}, {'Cerca Parques': 'true'}, {'Cerca Transporte Público': 'true'}, {'Área Urbana': 'true'}]}",2026-09-16 03:45:59.401421+00:00
https://www.metrocuadrado.com/inmueble/arriendo-apartamento-bogota-lisboa-3-habitaciones-5-banos-2-garajes/5340-M6602654?src_url=%2Finmuebles%2Farriendo%2Fbogota%2F%3Fsearch%3Dform,"{'title': 'Apartamento En Arriendo, Lisboa', 'location': 'Lisboa, Bogotá D.C.', 'price': '$ 4.700.000', 'area': None, 'estrato': None, 'main_specs': '3 hab. | 5 bañ. | 2 par.', 'characteristics': [{'Baño Auxiliar': 'true'}, {'Baño de Servicio': 'true'}, {'Con calefacción': 'true'}, {'Citófonos': 'true'}, {'Cocina integral': 'true'}, {'Estudio o biblioteca': 'true'}, {'Hall de Alcobas': 'true'}, {'Zona de lavanderia': 'true'}, {'Control térmico': 'true'}, {'Despensa': 'true'}, {'Extractor': 'true'}, {'Horno': 'true'}, {'Lavaplatos': 'true'}, {'Luz en la mañana': 'true'}, {'Luz en la tarde': 'true'}, {'Monoambiente': 'true'}, {'Número de piso 2': 'true'}, {'Shut de basura': 'true'}, {'Depósito 1': 'true'}, {'Tipo de acabado piso cerámica': 'true'}, {'Walking closet': 'true'}, {'Cerca a Jardines y Colegios': 'true'}, {'Cerca a restaurantes': 'true'}, {'Gimnasio': 'true'}, {'Salón comunal': 'true'}, {'Zona para niños': 'true'}, {'Zonas verdes': 'true'}, {'Ascensor': 'true'}, {'Circuito cerrado de TV': 'true'}, {'Parqueadero visitantes': 'true'}, {'Vigilancia': 'true'}, {'Conjunto cerrado': 'true'}, {'Recepción Lobby': 'true'}, {'Terraza/Balcón balcón': 'true'}, {'Cerca Colegios / Universidades': 'true'}, {'Cerca Parques': 'true'}, {'Cerca Transporte Público': 'true'}, {'Área Urbana': 'true'}, {'Cerca Colegios / Universidades': 'true'}, {'Cerca Parques': 'true'}, {'Cerca Transporte Público': 'true'}, {'Área Urbana': 'true'}]}",2026-09-16 03:46:04.319005+00:00
https://www.metrocuadrado.com/inmueble/arriendo-apartamento-bogota-cjr-plenitud-3-habitaciones-3-banos-2-garajes/438-M5694971?src_url=%2Finmuebles%2Farriendo%2Fbogota%2F%3Fsearch%3Dform,"{'title': 'Apartamento En Arriendo, BARRIO LA CAROLINA', 'location': 'BARRIO LA CAROLINA, Bogotá D.C.', 'price': '$ 8.000.000', 'area': None, 'estrato': None, 'main_specs': '3 hab. | 3 bañ. | 2 par.', 'characteristics': [{'Apto para niños': 'true'}, {'Citófonos': 'true'}, {'Hall de Alcobas': 'true'}, {'Equipado / Amoblado': 'true'}, {'Extractor': 'true'}, {'Luz en la mañana': 'true'}, {'Luz en la tarde': 'true'}, {'Número de Closets 3': 'true'}, {'Número de piso 4': 'true'}, {'Tipo de calentador electrico': 'true'}, {'Tipo de Cocina lineal': 'true'}, {'Tipo comedor sala comedor': 'true'}, {'Depósito 0': 'true'}, {'Tipo de estufa electrica': 'true'}, {'Tipo de acabado piso laminado': 'true'}, {'Tipo de piso en alcobas laminado': 'true'}, {'Tipo de piso en comedor laminado': 'true'}, {'Tipo de piso en sala laminado': 'true'}, {'Vista exterior': 'true'}, {'Cerca a gimnasio': 'true'}, {'Cerca a hospitales': 'true'}, {'Cerca a Jardines y Colegios': 'true'}, {'Cerca a restaurantes': 'true'}, {'Cerca a tiendas de barrio': 'true'}, {'Salón comunal': 'true'}, {'Zona para niños': 'true'}, {'Zonas verdes': 'true'}, {'Área Terraza/Balcón 18': 'true'}, {'Ascensor': 'true'}, {'Parqueadero cubierto': 'true'}, {'Conjunto cerrado': 'true'}, {'Número de Ascensores 2': 'true'}, {'Terraza/Balcón terraza': 'true'}, {'Vigilancia 24hrs': 'true'}, {'Cerca Centros Comerciales': 'true'}, {'Cerca Colegios / Universidades': 'true'}, {'Cerca Parques': 'true'}, {'Cerca Supermercados': 'true'}, {'Cerca Transporte Público': 'true'}, {'Sobre vía principal': 'true'}, {'Cerca Centros Comerciales': 'true'}, {'Cerca Colegios / Universidades': 'true'}, {'Cerca Parques': 'true'}, {'Cerca Supermercados': 'true'}, {'Cerca Transporte Público': 'true'}, {'Sobre vía principal': 'true'}]}",2026-09-16 03:46:09.784766+00:00
https://www.metrocuadrado.com/inmueble/arriendo-apartamento-bogota-cerros-de-santa-barbara-4-habitaciones-4-banos-4-garajes/21542-M6332952?src_url=%2Finmuebles%2Farriendo%2Fbogota%2F%3Fsearch%3Dform,"{'title': 'Apartamento En Arriendo, Santa Barbara Alta', 'location': 'Santa Barbara Alta, Bogotá D.C.', 'price': '$ 25.000.000', 'area': None, 'estrato': None, 'main_specs': '4 hab. | 4 bañ. | 4 par.', 'characteristics': [{'Baño Auxiliar': 'true'}, {'Baño de Servicio': 'true'}, {'Con calefacción': 'true'}, {'Con chimenea': 'true'}, {'Citófonos': 'true'}, {'Cocina integral': 'true'}, {'Cuarto de servicio': 'true'}, {'Estudio o biblioteca': 'true'}, {'Hall de Alcobas': 'true'}, {'Jacuzzi': 'true'}, {'Zona de lavanderia': 'true'}, {'Extractor': 'true'}, {'Horno': 'true'}, {'Lavaplatos': 'true'}, {'Luz en la mañana': 'true'}, {'Luz en la tarde': 'true'}, {'Monoambiente': 'true'}, {'Número de piso 2': 'true'}, {'Depósito 1': 'true'}, {'Tipo de acabado piso cerámica': 'true'}, {'Cerca a Jardines y Colegios': 'true'}, {'Cancha(s) de squash': 'true'}, {'Cancha(s) de Tennis': 'true'}, {'Gimnasio': 'true'}, {'Salón comunal': 'true'}, {'Zona para niños': 'true'}, {'Zonas verdes': 'true'}, {'Ascensor': 'true'}, {'Bahias de parqueo': 'true'}, {'Circuito cerrado de TV': 'true'}, {'Parqueadero visitantes': 'true'}, {'Vigilancia': 'true'}, {'Vista panorámica': 'true'}, {'Conjunto cerrado': 'true'}, {'Recepción Lobby': 'true'}, {'Terraza/Balcón balcón': 'true'}, {'Cerca Parques': 'true'}, {'Área Urbana': 'true'}, {'Cerca Parques': 'true'}, {'Área Urbana': 'true'}]}",2026-09-16 03:46:15.397027+00:00
https://www.metrocuadrado.com/inmueble/arriendo-oficina-bogota-aeropuerto-el-dorado-5-banos-4-garajes/412-M5799136?src_url=%2Finmuebles%2Farriendo%2Fbogota%2F%3Fsearch%3Dform,"{'title': 'Oficina En Arriendo, AEROPUERTO EL DORADO', 'location': 'AEROPUERTO EL DORADO, Bogotá D.C.', 'price': '$ 32.746.000', 'area': None, 'estrato': None, 'main_specs': '5 bañ. | 4 par.', 'characteristics': [{'Aire acondicionado': 'true'}, {'Puertas de seguridad': 'true'}, {'Control de ruido': 'true'}, {'Control térmico': 'true'}, {'Depósito Bodega': 'true'}, {'Detección de humo': 'true'}, {'Equipado': 'true'}, {'Escalera de Emergencia': 'true'}, {'Número de piso 7': 'true'}, {'Salón de conferencias': 'true'}, {'Tipo de oficina edificio': 'true'}, {'Tipo de acabado piso laminado': 'true'}, {'Vista exterior': 'true'}, {'Cerca a gimnasio': 'true'}, {'Cerca a hospitales': 'true'}, {'Cerca a parque industrial': 'true'}, {'Acceso con tarjetas o dispositivos': 'true'}, {'Ascensor': 'true'}, {'Acceso para discapacitados': 'true'}, {'Parqueadero cubierto': 'true'}, {'Vista panorámica': 'true'}, {'Generador eléctrico': 'true'}, {'Jardines': 'true'}, {'Número de Ascensores 2': 'true'}, {'Recepción Lobby': 'true'}, {'Sistema contra incendio': 'true'}, {'Vigilancia 24hrs': 'true'}, {'Cerca Centros Comerciales': 'true'}, {'Cerca Colegios / Universidades': 'true'}, {'Cerca Parques': 'true'}, {'Cerca Supermercados': 'true'}, {'Cerca Transporte Público': 'true'}, {'Sobre vía principal': 'true'}, {'Sobre vía secundaria': 'true'}, {'Ubicación zona centros negocios': 'true'}, {'Cerca Centros Comerciales': 'true'}, {'Cerca Colegios / Universidades': 'true'}, {'Cerca Parques': 'true'}, {'Cerca Supermercados': 'true'}, {'Cerca Transporte Público': 'true'}, {'Sobre vía principal': 'true'}, {'Sobre vía secundaria': 'true'}, {'Ubicación zona centros negocios': 'true'}]}",2026-09-16 03:46:21.002637+00:00
https://www.metrocuadrado.com/inmueble/arriendo-apartamento-bogota-santa-barbara-alta-3-habitaciones-4-banos-4-garajes/2671-M5836773?src_url=%2Finmuebles%2Farriendo%2Fbogota%2F%3Fsearch%3Dform,"{'title': 'Apartamento En Arriendo, Santa Barbara Alta', 'location': 'Santa Barbara Alta, Bogotá D.C.', 'price': '$ 30.000.000', 'area': None, 'estrato': None, 'main_specs': '3 hab. | 4 bañ. | 4 par.', 'characteristics': [{'Apto para niños': 'true'}, {'Alarma': 'true'}, {'Con chimenea': 'true'}, {'Cuarto de servicio': 'true'}, {'Estudio o biblioteca': 'true'}, {'Hall de Alcobas': 'true'}, {'Jacuzzi': 'true'}, {'Despensa': 'true'}, {'Tipo instalación de gas natural': 'true'}, {'Lavaplatos': 'true'}, {'Luz en la mañana': 'true'}, {'Luz en la tarde': 'true'}, {'Número de piso 8': 'true'}, {'Se Permite Fumar': 'true'}, {'Se Permiten Mascotas': 'true'}, {'Tipo comedor sala comedor': 'true'}, {'Tipo de estufa gas': 'true'}, {'Cerca a gimnasio': 'true'}, {'Cerca a Jardines y Colegios': 'true'}, {'Cerca a restaurantes': 'true'}, {'Cancha(s) de squash': 'true'}, {'Gimnasio': 'true'}, {'Sauna y/o turco': 'true'}, {'Zona para niños': 'true'}, {'Zonas verdes': 'true'}, {'Área Terraza/Balcón 110.0': 'true'}, {'Ascensor': 'true'}, {'Parqueadero visitantes': 'true'}, {'Piscina': 'true'}, {'Vista panorámica': 'true'}, {'Terraza/Balcón balcón': 'true'}, {'Tipo de parqueadero independiente': 'true'}, {'Vigilancia 24hrs': 'true'}, {'Cerca Centros Comerciales': 'true'}, {'Cerca Parques': 'true'}, {'Cerca Supermercados': 'true'}, {'Cerca Transporte Público': 'true'}, {'Área Urbana': 'true'}, {'Cerca Centros Comerciales': 'true'}, {'Cerca Parques': 'true'}, {'Cerca Supermercados': 'true'}, {'Cerca Transporte Público': 'true'}, {'Área Urbana': 'true'}]}",2026-09-16 03:46:26.500254+00:00
https://www.metrocuadrado.com/inmueble/arriendo-apartamento-bogota-el-refugio-3-habitaciones-4-banos-2-garajes/438-M5828138?src_url=%2Finmuebles%2Farriendo%2Fbogota%2F%3Fsearch%3Dform,"{'title': 'Apartamento En Arriendo, EL REFUGIO CHICO', 'location': 'EL REFUGIO CHICO, Bogotá D.C.', 'price': '$ 16.000.000', 'area': None, 'estrato': None, 'main_specs': '3 hab. | 4 bañ. | 2 par.', 'characteristics': [{'Citófonos': 'true'}, {'Cuarto de servicio': 'true'}, {'Estudio o biblioteca': 'true'}, {'Equipado / Amoblado': 'true'}, {'Puertas de seguridad': 'true'}, {'Zona de lavanderia': 'true'}, {'Tipo instalación de gas natural': 'true'}, {'Luz en la mañana': 'true'}, {'Luz en la tarde': 'true'}, {'Número de Closets 3': 'true'}, {'Número de piso 9': 'true'}, {'PentHouse': 'true'}, {'Tipo de calentador gas': 'true'}, {'Tipo de Cocina lineal': 'true'}, {'Tipo comedor comedor independiente': 'true'}, {'Tipo de estufa gas': 'true'}, {'Tipo de acabado piso laminado': 'true'}, {'Tipo de piso en alcobas alfombra': 'true'}, {'Tipo de piso en comedor laminado': 'true'}, {'Tipo de piso en estudio alfombra': 'true'}, {'Tipo de piso en sala laminado': 'true'}, {'Vista exterior': 'true'}, {'Walking closet': 'true'}, {'Cerca a hospitales': 'true'}, {'Cerca a Jardines y Colegios': 'true'}, {'Cerca a restaurantes': 'true'}, {'Ascensor': 'true'}, {'Circuito cerrado de TV': 'true'}, {'Parqueadero cubierto': 'true'}, {'Vista panorámica': 'true'}, {'Conjunto cerrado': 'true'}, {'Número de Ascensores 1': 'true'}, {'Tipo de parqueadero propio': 'true'}, {'Vigilancia 24hrs': 'true'}, {'Cerca Centros Comerciales': 'true'}, {'Cerca Colegios / Universidades': 'true'}, {'Cerca Parques': 'true'}, {'Cerca Supermercados': 'true'}, {'Cerca Transporte Público': 'true'}, {'Sobre vía principal': 'true'}, {'Cerca Centros Comerciales': 'true'}, {'Cerca Colegios / Universidades': 'true'}, {'Cerca Parques': 'true'}, {'Cerca Supermercados': 'true'}, {'Cerca Transporte Público': 'true'}, {'Sobre vía principal': 'true'}]}",2026-09-16 03:46:32.027645+00:00
https://www.metrocuadrado.com/inmueble/arriendo-apartamento-bogota-sotileza-5-habitaciones-5-banos-4-garajes/2671-M6690998?src_url=%2Finmuebles%2Farriendo%2Fbogota%2F%3Fsearch%3Dform,"{'title': 'Apartamento En Arriendo, Sotileza', 'location': 'Sotileza, Bogotá D.C.', 'price': '$ 29.999.999', 'area': None, 'estrato': None, 'main_specs': '5 hab. | 5 bañ. | 4 par.', 'characteristics': [{'Apto para niños': 'true'}, {'Alarma': 'true'}, {'Con chimenea': 'true'}, {'Cuarto de servicio': 'true'}, {'Hall de Alcobas': 'true'}, {'Equipado / Amoblado': 'true'}, {'Despensa': 'true'}, {'Tipo instalación de gas natural': 'true'}, {'Lavaplatos': 'true'}, {'Luz en la mañana': 'true'}, {'Luz en la tarde': 'true'}, {'Número de piso 5': 'true'}, {'Se Permite Fumar': 'true'}, {'Se Permiten Mascotas': 'true'}, {'Tipo de Cocina abierta': 'true'}, {'Tipo comedor sala comedor': 'true'}, {'Tipo de estufa gas': 'true'}, {'Cerca a gimnasio': 'true'}, {'Cerca a Jardines y Colegios': 'true'}, {'Cerca a restaurantes': 'true'}, {'Gimnasio': 'true'}, {'Zona de BBQ': 'true'}, {'Zona para niños': 'true'}, {'Zonas verdes': 'true'}, {'Área Terraza/Balcón 80.0': 'true'}, {'Ascensor': 'true'}, {'Parqueadero visitantes': 'true'}, {'Piscina': 'true'}, {'Vista panorámica': 'true'}, {'Terraza/Balcón terraza': 'true'}, {'Tipo de parqueadero independiente': 'true'}, {'Vigilancia 24hrs': 'true'}, {'Cerca Centros Comerciales': 'true'}, {'Cerca Parques': 'true'}, {'Cerca Supermercados': 'true'}, {'Cerca Transporte Público': 'true'}, {'Área Urbana': 'true'}, {'Cerca Centros Comerciales': 'true'}, {'Cerca Parques': 'true'}, {'Cerca Supermercados': 'true'}, {'Cerca Transporte Público': 'true'}, {'Área Urbana': 'true'}]}",2026-09-16 03:46:36.896830+00:00
https://www.metrocuadrado.com/inmueble/arriendo-apartamento-bogota-ciudad-jardin-norte-5-habitaciones-3-banos-2-garajes/22326-M6870418?src_url=%2Finmuebles%2Farriendo%2Fbogota%2F%3Fsearch%3Dform,"{'title': 'Apartamento En Arriendo, SUBA NORTE', 'location': 'SUBA NORTE, Bogotá D.C.', 'price': '$ 8.900.000', 'area': None, 'estrato': None, 'main_specs': '5 hab. | 3 bañ. | 2 par.', 'characteristics': [{'Apto para niños': 'true'}, {'Alarma': 'true'}, {'Con chimenea': 'true'}, {'Comedor auxiliar': 'true'}, {'Tipo de Cortinas persianas': 'true'}, {'Cuarto de servicio': 'true'}, {'Estudio o biblioteca': 'true'}, {'Hall de Alcobas': 'true'}, {'Equipado / Amoblado': 'true'}, {'Puertas de seguridad': 'true'}, {'Zona de lavanderia': 'true'}, {'Control de ruido': 'true'}, {'Control térmico': 'true'}, {'Despensa': 'true'}, {'En interior y/o bloque': 'true'}, {'Extractor': 'true'}, {'Horno': 'true'}, {'Tipo instalación de gas natural': 'true'}, {'Lavaplatos': 'true'}, {'Luz en la mañana': 'true'}, {'Número de Closets 4': 'true'}, {'Número de piso 5': 'true'}, {'Se Permiten Mascotas': 'true'}, {'Shut de basura': 'true'}, {'Tipo de calentador gas': 'true'}, {'Tipo de Cocina paralela': 'true'}, {'Tipo comedor comedor independiente': 'true'}, {'Depósito 1': 'true'}, {'Tipo de estufa mixta': 'true'}, {'Tipo de acabado piso laminado': 'true'}, {'Tipo de piso en alcobas laminado': 'true'}, {'Tipo de piso en comedor laminado': 'true'}, {'Tipo de piso en estudio laminado': 'true'}, {'Tipo de piso en sala laminado': 'true'}, {'Vista exterior': 'true'}, {'Walking closet': 'true'}, {'Cerca a gimnasio': 'true'}, {'Cerca a hospitales': 'true'}, {'Cerca a Jardines y Colegios': 'true'}, {'Cerca a restaurantes': 'true'}, {'Cerca a tiendas de barrio': 'true'}, {'Cancha(s) de Basket': 'true'}, {'Cancha(s) de Fútbol': 'true'}, {'Gimnasio': 'true'}, {'Salón comunal': 'true'}, {'Zona de BBQ': 'true'}, {'Zona para niños': 'true'}, {'Zonas verdes': 'true'}, {'Área Terraza/Balcón 5': 'true'}, {'Ascensor': 'true'}, {'Bahias de parqueo': 'true'}, {'Acceso para discapacitados': 'true'}, {'Circuito cerrado de TV': 'true'}, {'Parqueadero cubierto': 'true'}, {'Conjunto cerrado': 'true'}, {'Número de Ascensores 1': 'true'}, {'Recepción Lobby': 'true'}, {'Terraza/Balcón balcón': 'true'}, {'Tipo de parqueadero propio': 'true'}, {'Vigilancia 24hrs': 'true'}, {'Cerca Centros Comerciales': 'true'}, {'Cerca Colegios / Universidades': 'true'}, {'Cerca Parques': 'true'}, {'Cerca Supermercados': 'true'}, {'Cerca Transporte Público': 'true'}, {'Sobre vía secundaria': 'true'}, {'Cerca Centros Comerciales': 'true'}, {'Cerca Colegios / Universidades': 'true'}, {'Cerca Parques': 'true'}, {'Cerca Supermercados': 'true'}, {'Cerca Transporte Público': 'true'}, {'Sobre vía secundaria': 'true'}]}",2026-09-16 03:46:42.685447+00:00
https://www.metrocuadrado.com/inmueble/arriendo-apartamento-bogota-pelodo-del-contry-3-habitaciones-3-banos-1-garajes/3340-M6965306?src_url=%2Finmuebles%2Farriendo%2Fbogota%2F%3Fsearch%3Dform,"{'title': 'Apartamento En Arriendo, EL RECODO DEL COUNTRY', 'location': 'EL RECODO DEL COUNTRY, Bogotá D.C.', 'price': '$ 3.050.000', 'area': None, 'estrato': None, 'main_specs': '3 hab. | 3 bañ. | 1 par.', 'characteristics': [{'Apto para niños': 'true'}, {'Citófonos': 'true'}, {'Tipo de Cortinas persianas': 'true'}, {'Zona de lavanderia': 'true'}, {'Extractor': 'true'}, {'Horno': 'true'}, {'Tipo instalación de gas natural': 'true'}, {'Luz en la mañana': 'true'}, {'Luz en la tarde': 'true'}, {'Número de Closets 3': 'true'}, {'Número de piso 4': 'true'}, {'Tipo de calentador gas': 'true'}, {'Tipo de Cocina en l': 'true'}, {'Tipo comedor sala comedor': 'true'}, {'Depósito 1': 'true'}, {'Tipo de estufa gas': 'true'}, {'Tipo de acabado piso laminado': 'true'}, {'Tipo de piso en alcobas laminado': 'true'}, {'Tipo de piso en comedor laminado': 'true'}, {'Tipo de piso en sala laminado': 'true'}, {'Vista exterior': 'true'}, {'Cerca a gimnasio': 'true'}, {'Cerca a hospitales': 'true'}, {'Cerca a Jardines y Colegios': 'true'}, {'Cerca a restaurantes': 'true'}, {'Cerca a tiendas de barrio': 'true'}, {'Cancha(s) de Tennis': 'true'}, {'Salón comunal': 'true'}, {'Zonas verdes': 'true'}, {'Circuito cerrado de TV': 'true'}, {'Parqueadero cubierto': 'true'}, {'Número de Ascensores 0': 'true'}, {'Terraza/Balcón ninguno': 'true'}, {'Tipo de parqueadero independiente': 'true'}, {'Vigilancia 24hrs': 'true'}, {'Cerca Centros Comerciales': 'true'}, {'Cerca Colegios / Universidades': 'true'}, {'Cerca Parques': 'true'}, {'Cerca Supermercados': 'true'}, {'Cerca Transporte Público': 'true'}, {'Sobre vía secundaria': 'true'}, {'Cerca Centros Comerciales': 'true'}, {'Cerca Colegios / Universidades': 'true'}, {'Cerca Parques': 'true'}, {'Cerca Supermercados': 'true'}, {'Cerca Transporte Público': 'true'}, {'Sobre vía secundaria': 'true'}]}",2026-09-16 03:46:48.180791+00:00
https://www.metrocuadrado.com/inmueble/arriendo-apartamento-bogota-chico-reservado-3-habitaciones-4-banos-4-garajes/5545-M6939285?src_url=%2Finmuebles%2Farriendo%2Fbogota%2F%3Fsearch%3Dform,"{'title': 'Apartamento En Arriendo, Chico Reservado', 'location': 'Chico Reservado, Bogotá D.C.', 'price': '$ 23.600.000', 'area': None, 'estrato': None, 'main_specs': '3 hab. | 4 bañ. | 4 par.', 'characteristics': [{'Baño Auxiliar': 'true'}, {'Baño de Servicio': 'true'}, {'Con calefacción': 'true'}, {'Con chimenea': 'true'}, {'Citófonos': 'true'}, {'Comedor auxiliar': 'true'}, {'Cuarto de servicio': 'true'}, {'Estudio o biblioteca': 'true'}, {'Hall de Alcobas': 'true'}, {'Jacuzzi': 'true'}, {'Zona de lavanderia': 'true'}, {'Control de ruido': 'true'}, {'Despensa': 'true'}, {'Horno': 'true'}, {'Lavaplatos': 'true'}, {'Monoambiente': 'true'}, {'Número de piso 9': 'true'}, {'Shut de basura': 'true'}, {'Walking closet': 'true'}, {'Cerca a Jardines y Colegios': 'true'}, {'Cerca a restaurantes': 'true'}, {'Gimnasio': 'true'}, {'Salón comunal': 'true'}, {'Acceso con tarjetas o dispositivos': 'true'}, {'Ascensor': 'true'}, {'Bahias de parqueo': 'true'}, {'Circuito cerrado de TV': 'true'}, {'Parqueadero visitantes': 'true'}, {'Vigilancia': 'true'}, {'Vista panorámica': 'true'}, {'Conjunto cerrado': 'true'}, {'Recepción Lobby': 'true'}, {'Cerca Colegios / Universidades': 'true'}, {'Cerca Parques': 'true'}, {'Cerca Transporte Público': 'true'}, {'Área Urbana': 'true'}, {'Cerca Colegios / Universidades': 'true'}, {'Cerca Parques': 'true'}, {'Cerca Transporte Público': 'true'}, {'Área Urbana': 'true'}]}",2026-09-16 03:46:53.414322+00:00
https://www.metrocuadrado.com/inmueble/arriendo-apartamento-bogota-santa-bibiana-4-habitaciones-5-banos-4-garajes/438-M6610044?src_url=%2Finmuebles%2Farriendo%2Fbogota%2F%3Fsearch%3Dform,"{'title': 'Apartamento En Arriendo, CHICO NAVARRA', 'location': 'CHICO NAVARRA, Bogotá D.C.', 'price': '$ 7.460.000', 'area': None, 'estrato': None, 'main_specs': '4 hab. | 5 bañ. | 4 par.', 'characteristics': [{'Apto para niños': 'true'}, {'Con chimenea': 'true'}, {'Citófonos': 'true'}, {'Cuarto de servicio': 'true'}, {'Estudio o biblioteca': 'true'}, {'Hall de Alcobas': 'true'}, {'Zona de lavanderia': 'true'}, {'Tipo instalación de gas natural': 'true'}, {'Luz en la mañana': 'true'}, {'Luz en la tarde': 'true'}, {'Número de Closets 4': 'true'}, {'Número de piso 6': 'true'}, {'Tipo de calentador gas': 'true'}, {'Tipo de Cocina abierta': 'true'}, {'Tipo comedor sala comedor': 'true'}, {'Depósito 2': 'true'}, {'Tipo de estufa gas': 'true'}, {'Tipo de acabado piso madera': 'true'}, {'Tipo de piso en alcobas madera': 'true'}, {'Tipo de piso en comedor madera': 'true'}, {'Tipo de piso en estudio madera': 'true'}, {'Tipo de piso en sala madera': 'true'}, {'Vista exterior': 'true'}, {'Cerca a gimnasio': 'true'}, {'Cerca a hospitales': 'true'}, {'Cerca a Jardines y Colegios': 'true'}, {'Cerca a restaurantes': 'true'}, {'Cerca a tiendas de barrio': 'true'}, {'Salón comunal': 'true'}, {'Zona de BBQ': 'true'}, {'Ascensor': 'true'}, {'Parqueadero cubierto': 'true'}, {'Conjunto cerrado': 'true'}, {'Número de Ascensores 1': 'true'}, {'Tipo de parqueadero independiente': 'true'}, {'Vigilancia 24hrs': 'true'}, {'Cerca Centros Comerciales': 'true'}, {'Cerca Colegios / Universidades': 'true'}, {'Cerca Parques': 'true'}, {'Cerca Supermercados': 'true'}, {'Cerca Transporte Público': 'true'}, {'Sobre vía secundaria': 'true'}, {'Cerca Centros Comerciales': 'true'}, {'Cerca Colegios / Universidades': 'true'}, {'Cerca Parques': 'true'}, {'Cerca Supermercados': 'true'}, {'Cerca Transporte Público': 'true'}, {'Sobre vía secundaria': 'true'}]}",2026-09-16 03:46:59.014991+00:00
https://www.metrocuadrado.com/inmueble/arriendo-casa-bogota-asd-4-habitaciones-4-banos-3-garajes/438-M7056636?src_url=%2Finmuebles%2Farriendo%2Fbogota%2F%3Fsearch%3Dform,"{'title': 'Casa En Arriendo, BOSQUE DE PINO', 'location': 'BOSQUE DE PINO, Bogotá D.C.', 'price': '$ 14.000.000', 'area': None, 'estrato': None, 'main_specs': '4 hab. | 4 bañ. | 3 par.', 'characteristics': [{'Apto para niños': 'true'}, {'Casa campestre': 'true'}, {'Con chimenea': 'true'}, {'Zona de lavanderia': 'true'}, {'Tipo instalación de gas natural': 'true'}, {'Luz en la mañana': 'true'}, {'Luz en la tarde': 'true'}, {'Número de Closets 4': 'true'}, {'Tipo de Casa condominio': 'true'}, {'Tipo de Cocina paralela': 'true'}, {'Tipo comedor comedor independiente': 'true'}, {'Depósito 2': 'true'}, {'Tipo de estufa mixta': 'true'}, {'Tipo de acabado piso madera': 'true'}, {'Tipo de piso en alcobas madera': 'true'}, {'Tipo de piso en comedor madera': 'true'}, {'Tipo de piso en estudio madera': 'true'}, {'Tipo de piso en sala madera': 'true'}, {'Vista exterior': 'true'}, {'Walking-closet': 'true'}, {'Cerca a hospitales': 'true'}, {'Cerca a Jardines y Colegios': 'true'}, {'Cerca a restaurantes': 'true'}, {'Cerca a tiendas de barrio': 'true'}, {'Cancha(s) de squash': 'true'}, {'Sendero peatonal': 'true'}, {'Zonas verdes': 'true'}, {'Área Terraza/Balcón 5': 'true'}, {'Parqueadero cubierto': 'true'}, {'Vista panorámica': 'true'}, {'Conjunto cerrado': 'true'}, {'Número de niveles 3': 'true'}, {'Terraza/Balcón terraza': 'true'}, {'Tipo de parqueadero propio': 'true'}, {'Vigilancia 24hrs': 'true'}, {'Cerca Centros Comerciales': 'true'}, {'Cerca Colegios / Universidades': 'true'}, {'Cerca Parques': 'true'}, {'Cerca Supermercados': 'true'}, {'Cerca Transporte Público': 'true'}, {'Sobre vía secundaria': 'true'}, {'Área Rural': 'true'}, {'Ubicación zona centros negocios': 'true'}, {'Cerca Centros Comerciales': 'true'}, {'Cerca Colegios / Universidades': 'true'}, {'Cerca Parques': 'true'}, {'Cerca Supermercados': 'true'}, {'Cerca Transporte Público': 'true'}, {'Sobre vía secundaria': 'true'}, {'Área Rural': 'true'}, {'Ubicación zona centros negocios': 'true'}]}",2026-09-16 03:47:04.322680+00:00
https://www.metrocuadrado.com/inmueble/arriendo-apartamento-bogota-autopista-del-sur-2-habitaciones-1-banos/20845-M7052768?src_url=%2Finmuebles%2Farriendo%2Fbogota%2F%3Fsearch%3Dform,"{'title': 'Apartamento En Arriendo, TIERRA BUENA', 'location': 'TIERRA BUENA, Bogotá D.C.', 'price': '$ 1.000.000', 'area': None, 'estrato': None, 'main_specs': '2 hab. | 1 bañ.', 'characteristics': [{'Apto para niños': 'true'}, {'Tipo de Cortinas ninguna': 'true'}, {'Zona de lavanderia': 'true'}, {'En interior y/o bloque': 'true'}, {'Extractor': 'true'}, {'Tipo instalación de gas natural': 'true'}, {'Lavaplatos': 'true'}, {'Número de Closets 0': 'true'}, {'Número de piso 3': 'true'}, {'Se Permite Fumar': 'true'}, {'Se Permiten Mascotas': 'true'}, {'Tipo de calentador electrico': 'true'}, {'Tipo de Cocina lineal': 'true'}, {'Tipo comedor sala comedor': 'true'}, {'Depósito 0': 'true'}, {'Tipo de estufa gas': 'true'}, {'Tipo de acabado piso cerámica': 'true'}, {'Tipo de piso en alcobas cerámica': 'true'}, {'Tipo de piso en comedor cerámica': 'true'}, {'Tipo de piso en estudio cerámica': 'true'}, {'Tipo de piso en sala cerámica': 'true'}, {'Vista interior': 'true'}, {'Cerca a restaurantes': 'true'}, {'Cerca a tiendas de barrio': 'true'}, {'Salón comunal': 'true'}, {'Zona para niños': 'true'}, {'Zonas verdes': 'true'}, {'Circuito cerrado de TV': 'true'}, {'Conjunto cerrado': 'true'}, {'Número de Ascensores 0': 'true'}, {'Terraza/Balcón ninguno': 'true'}, {'Vigilancia 24hrs': 'true'}, {'Cerca Centros Comerciales': 'true'}, {'Cerca Colegios / Universidades': 'true'}, {'Cerca Parques': 'true'}, {'Cerca Supermercados': 'true'}, {'Cerca Transporte Público': 'true'}, {'Sobre vía secundaria': 'true'}, {'Cerca Centros Comerciales': 'true'}, {'Cerca Colegios / Universidades': 'true'}, {'Cerca Parques': 'true'}, {'Cerca Supermercados': 'true'}, {'Cerca Transporte Público': 'true'}, {'Sobre vía secundaria': 'true'}]}",2026-09-16 03:47:09.917019+00:00
https://www.metrocuadrado.com/inmueble/arriendo-apartamento-bogota-chico-reservado-4-habitaciones-5-banos-4-garajes/920-M7007119?src_url=%2Finmuebles%2Farriendo%2Fbogota%2F%3Fsearch%3Dform,"{'title': 'Apartamento En Arriendo, Chico Reservado', 'location': 'Chico Reservado, Bogotá D.C.', 'price': '$ 26.500.000', 'area': None, 'estrato': None, 'main_specs': '4 hab. | 5 bañ. | 4 par.', 'characteristics': [{'Baño Auxiliar': 'true'}, {'Baño de Servicio': 'true'}, {'Con calefacción': 'true'}, {'Con chimenea': 'true'}, {'Citófonos': 'true'}, {'Cocina integral': 'true'}, {'Comedor auxiliar': 'true'}, {'Cuarto de servicio': 'true'}, {'Estudio o biblioteca': 'true'}, {'Hall de Alcobas': 'true'}, {'Zona de lavanderia': 'true'}, {'Monoambiente': 'true'}, {'Depósito 1': 'true'}, {'Cerca a Jardines y Colegios': 'true'}, {'Cerca a restaurantes': 'true'}, {'Cancha(s) de Basket': 'true'}, {'Cancha(s) de Fútbol': 'true'}, {'Cancha(s) de squash': 'true'}, {'Gimnasio': 'true'}, {'Salón comunal': 'true'}, {'Zona de BBQ': 'true'}, {'Zona para niños': 'true'}, {'Zonas verdes': 'true'}, {'Ascensor': 'true'}, {'Circuito cerrado de TV': 'true'}, {'Parqueadero visitantes': 'true'}, {'Piscina': 'true'}, {'Vigilancia': 'true'}, {'Vista panorámica': 'true'}, {'Conjunto cerrado': 'true'}, {'Recepción Lobby': 'true'}, {'Terraza/Balcón balcón': 'true'}, {'Cerca Colegios / Universidades': 'true'}, {'Cerca Parques': 'true'}, {'Cerca Transporte Público': 'true'}, {'Área Urbana': 'true'}, {'Cerca Colegios / Universidades': 'true'}, {'Cerca Parques': 'true'}, {'Cerca Transporte Público': 'true'}, {'Área Urbana': 'true'}]}",2026-09-16 03:47:14.834994+00:00
https://www.metrocuadrado.com/inmueble/arriendo-apartamento-bogota-cedritos-2-habitaciones-2-banos-1-garajes/438-M5971012?src_url=%2Finmuebles%2Farriendo%2Fbogota%2F%3Fsearch%3Dform,"{'title': 'Apartamento En Arriendo, CEDRITOS', 'location': 'CEDRITOS, Bogotá D.C.', 'price': '$ 4.100.000', 'area': None, 'estrato': None, 'main_specs': '2 hab. | 2 bañ. | 1 par.', 'characteristics': [{'Apto para niños': 'true'}, {'Con chimenea': 'true'}, {'Citófonos': 'true'}, {'Hall de Alcobas': 'true'}, {'Equipado / Amoblado': 'true'}, {'Zona de lavanderia': 'true'}, {'Horno': 'true'}, {'Tipo instalación de gas natural': 'true'}, {'Luz en la mañana': 'true'}, {'Luz en la tarde': 'true'}, {'Número de Closets 2': 'true'}, {'Número de piso 4': 'true'}, {'Tipo de calentador gas': 'true'}, {'Tipo de Cocina lineal': 'true'}, {'Tipo comedor sala comedor': 'true'}, {'Tipo de estufa gas': 'true'}, {'Tipo de acabado piso laminado': 'true'}, {'Tipo de piso en alcobas laminado': 'true'}, {'Tipo de piso en comedor laminado': 'true'}, {'Tipo de piso en sala laminado': 'true'}, {'Vista exterior': 'true'}, {'Cerca a gimnasio': 'true'}, {'Cerca a hospitales': 'true'}, {'Cerca a Jardines y Colegios': 'true'}, {'Cerca a parque industrial': 'true'}, {'Cerca a restaurantes': 'true'}, {'Cerca a tiendas de barrio': 'true'}, {'Salón comunal': 'true'}, {'Área Terraza/Balcón 2': 'true'}, {'Ascensor': 'true'}, {'Parqueadero cubierto': 'true'}, {'Conjunto cerrado': 'true'}, {'Número de Ascensores 1': 'true'}, {'Terraza/Balcón balcón': 'true'}, {'Tipo de parqueadero independiente': 'true'}, {'Vigilancia 24hrs': 'true'}, {'Cerca Centros Comerciales': 'true'}, {'Cerca Colegios / Universidades': 'true'}, {'Cerca Parques': 'true'}, {'Cerca Supermercados': 'true'}, {'Cerca Transporte Público': 'true'}, {'Sobre vía secundaria': 'true'}, {'Cerca Centros Comerciales': 'true'}, {'Cerca Colegios / Universidades': 'true'}, {'Cerca Parques': 'true'}, {'Cerca Supermercados': 'true'}, {'Cerca Transporte Público': 'true'}, {'Sobre vía secundaria': 'true'}]}",2026-09-16 03:47:20.515616+00:00
https://www.metrocuadrado.com/inmueble/arriendo-oficina-bogota-chico-norte-et-ii-2-banos-2-garajes/412-M5852160?src_url=%2Finmuebles%2Farriendo%2Fbogota%2F%3Fsearch%3Dform,"{'title': 'Oficina En Arriendo, CHICO NORTE II', 'location': 'CHICO NORTE II, Bogotá D.C.', 'price': '$ 12.000.000', 'area': None, 'estrato': None, 'main_specs': '2 bañ. | 2 par.', 'characteristics': [{'Aire acondicionado': 'true'}, {'Citófonos': 'true'}, {'Equipado / Amoblado': 'true'}, {'Puertas de seguridad': 'true'}, {'Control de ruido': 'true'}, {'Control térmico': 'true'}, {'Depósito Bodega': 'true'}, {'Detección de humo': 'true'}, {'Equipado': 'true'}, {'Escalera de Emergencia': 'true'}, {'Número de piso 5': 'true'}, {'Salón de conferencias': 'true'}, {'Tipo de oficina edificio': 'true'}, {'Tipo de acabado piso laminado': 'true'}, {'Vista exterior': 'true'}, {'Cerca a gimnasio': 'true'}, {'Cerca a hospitales': 'true'}, {'Cerca a parque industrial': 'true'}, {'Acceso con tarjetas o dispositivos': 'true'}, {'Ascensor': 'true'}, {'Acceso para discapacitados': 'true'}, {'Circuito cerrado de TV': 'true'}, {'Parqueadero cubierto': 'true'}, {'Vista panorámica': 'true'}, {'Generador eléctrico': 'true'}, {'Número de Ascensores 2': 'true'}, {'Recepción Lobby': 'true'}, {'Vigilancia 24hrs': 'true'}, {'Cerca Centros Comerciales': 'true'}, {'Cerca Colegios / Universidades': 'true'}, {'Cerca Parques': 'true'}, {'Cerca Supermercados': 'true'}, {'Cerca Transporte Público': 'true'}, {'Sobre vía principal': 'true'}, {'Sobre vía secundaria': 'true'}, {'Ubicación zona centros negocios': 'true'}, {'Cerca Centros Comerciales': 'true'}, {'Cerca Colegios / Universidades': 'true'}, {'Cerca Parques': 'true'}, {'Cerca Supermercados': 'true'}, {'Cerca Transporte Público': 'true'}, {'Sobre vía principal': 'true'}, {'Sobre vía secundaria': 'true'}, {'Ubicación zona centros negocios': 'true'}]}",2026-09-16 03:47:25.452898+00:00
https://www.metrocuadrado.com/inmueble/arriendo-apartamento-bogota-el-retiro-3-habitaciones-4-banos-3-garajes/20074-M6928099?src_url=%2Finmuebles%2Farriendo%2Fbogota%2F%3Fsearch%3Dform,"{'title': 'Apartamento En Arriendo, CABRERA', 'location': 'CABRERA, Bogotá D.C.', 'price': '$ 20.000.000', 'area': None, 'estrato': None, 'main_specs': '3 hab. | 4 bañ. | 3 par.', 'characteristics': [{'Citófonos': 'true'}, {'Estudio o biblioteca': 'true'}, {'Hall de Alcobas': 'true'}, {'Jacuzzi': 'true'}, {'Equipado / Amoblado': 'true'}, {'Puertas de seguridad': 'true'}, {'Zona de lavanderia': 'true'}, {'Lavaplatos': 'true'}, {'Número de piso 7': 'true'}, {'Shut de basura': 'true'}, {'Tipo de Cocina paralela': 'true'}, {'Tipo comedor sala comedor': 'true'}, {'Depósito 1': 'true'}, {'Tipo de acabado piso madera': 'true'}, {'Tipo de piso en alcobas madera': 'true'}, {'Tipo de piso en comedor madera': 'true'}, {'Tipo de piso en estudio madera': 'true'}, {'Tipo de piso en sala madera': 'true'}, {'Vista exterior': 'true'}, {'Walking closet': 'true'}, {'Cerca a gimnasio': 'true'}, {'Cerca a restaurantes': 'true'}, {'Cancha(s) de Tennis': 'true'}, {'Gimnasio': 'true'}, {'Salón comunal': 'true'}, {'Zonas verdes': 'true'}, {'Área Terraza/Balcón 320': 'true'}, {'Ascensor': 'true'}, {'Parqueadero cubierto': 'true'}, {'Vista panorámica': 'true'}, {'Conjunto cerrado': 'true'}, {'Número de Ascensores 1': 'true'}, {'Recepción Lobby': 'true'}, {'Terraza/Balcón balcón': 'true'}, {'Tipo de parqueadero independiente': 'true'}, {'Vigilancia 24hrs': 'true'}, {'Sobre vía principal': 'true'}, {'Sobre vía principal': 'true'}]}",2026-09-16 03:47:30.347078+00:00
https://www.metrocuadrado.com/inmueble/arriendo-apartamento-bogota-usaquen-3-habitaciones-3-banos-2-garajes/11079-M7030777?src_url=%2Finmuebles%2Farriendo%2Fbogota%2F%3Fsearch%3Dform,"{'title': 'Apartamento En Arriendo, Usaquen', 'location': 'Usaquen, Bogotá D.C.', 'price': '$ 9.436.200', 'area': None, 'estrato': None, 'main_specs': '3 hab. | 3 bañ. | 2 par.', 'characteristics': [{'Baño Auxiliar': 'true'}, {'Baño de Servicio': 'true'}, {'Con calefacción': 'true'}, {'Citófonos': 'true'}, {'Cocina Tipo Americano': 'true'}, {'Estudio o biblioteca': 'true'}, {'Hall de Alcobas': 'true'}, {'Jacuzzi': 'true'}, {'Zona de lavanderia': 'true'}, {'Despensa': 'true'}, {'Lavaplatos': 'true'}, {'Monoambiente': 'true'}, {'Shut de basura': 'true'}, {'Depósito 1': 'true'}, {'Cerca a hospitales': 'true'}, {'Cerca a restaurantes': 'true'}, {'Cerca a tiendas de barrio': 'true'}, {'Cancha(s) de Fútbol': 'true'}, {'Cancha(s) de squash': 'true'}, {'Cancha(s) de Tennis': 'true'}, {'Gimnasio': 'true'}, {'Jaula de Golf': 'true'}, {'Salón comunal': 'true'}, {'Sauna y/o turco': 'true'}, {'Zona para niños': 'true'}, {'Zonas verdes': 'true'}, {'Ascensor': 'true'}, {'Parqueadero visitantes': 'true'}, {'Piscina': 'true'}, {'Vigilancia': 'true'}, {'Vista panorámica': 'true'}, {'Conjunto cerrado': 'true'}, {'Recepción Lobby': 'true'}, {'Terraza/Balcón balcón': 'true'}, {'Cerca Colegios / Universidades': 'true'}, {'Cerca Parques': 'true'}, {'Cerca Transporte Público': 'true'}, {'Área Urbana': 'true'}, {'Cerca Colegios / Universidades': 'true'}, {'Cerca Parques': 'true'}, {'Cerca Transporte Público': 'true'}, {'Área Urbana': 'true'}]}",2026-09-16 03:47:35.343527+00:00
https://www.metrocuadrado.com/inmueble/arriendo-oficina-bogota-modelia-5-banos-4-garajes/10457-M6032274?src_url=%2Finmuebles%2Farriendo%2Fbogota%2F%3Fsearch%3Dform,"{'title': 'Oficina En Arriendo, MODELIA', 'location': 'MODELIA, Bogotá D.C.', 'price': '$ 121.979.080', 'area': None, 'estrato': None, 'main_specs': '5 bañ. | 4 par.', 'characteristics': [{'Aire acondicionado': 'true'}, {'Con calefacción': 'true'}, {'Citófonos': 'true'}, {'Puertas de seguridad': 'true'}, {'Control de ruido': 'true'}, {'Control térmico': 'true'}, {'Detección de humo': 'true'}, {'Escalera de Emergencia': 'true'}, {'Número de piso 5': 'true'}, {'Salón de conferencias': 'true'}, {'Tipo de oficina edificio': 'true'}, {'Vista exterior': 'true'}, {'Cerca a gimnasio': 'true'}, {'Cerca a hospitales': 'true'}, {'Cerca a parque industrial': 'true'}, {'Acceso con tarjetas o dispositivos': 'true'}, {'Ascensor': 'true'}, {'Acceso para discapacitados': 'true'}, {'Circuito cerrado de TV': 'true'}, {'Parqueadero cubierto': 'true'}, {'Vista panorámica': 'true'}, {'Generador eléctrico': 'true'}, {'Jardines': 'true'}, {'Número de Ascensores 4': 'true'}, {'Recepción Lobby': 'true'}, {'Sistema contra incendio': 'true'}, {'Vigilancia 24hrs': 'true'}, {'Cerca Centros Comerciales': 'true'}, {'Cerca Colegios / Universidades': 'true'}, {'Cerca Parques': 'true'}, {'Cerca Supermercados': 'true'}, {'Cerca Transporte Público': 'true'}, {'Sobre vía principal': 'true'}, {'Sobre vía secundaria': 'true'}, {'Ubicación zona centros negocios': 'true'}, {'Cerca Centros Comerciales': 'true'}, {'Cerca Colegios / Universidades': 'true'}, {'Cerca Parques': 'true'}, {'Cerca Supermercados': 'true'}, {'Cerca Transporte Público': 'true'}, {'Sobre vía principal': 'true'}, {'Sobre vía secundaria': 'true'}, {'Ubicación zona centros negocios': 'true'}]}",2026-09-16 03:47:40.492720+00:00
https://www.metrocuadrado.com/inmueble/arriendo-bodega-bogota-doce-de-octubre/16556-M6857953?src_url=%2Finmuebles%2Farriendo%2Fbogota%2F%3Fsearch%3Dform,"{'title': 'Bodega En Arriendo, DOCE DE OCTUBRE', 'location': 'DOCE DE OCTUBRE, Bogotá D.C.', 'price': '$ 18.950.000', 'area': None, 'estrato': None, 'main_specs': None, 'characteristics': [{'Alarma Contra Incendio': 'true'}, {'Almacen': 'true'}, {'Con oficinas': 'true'}, {'Detección de humo': 'true'}, {'Equipado': 'true'}, {'Número bodega 1': 'true'}, {'Piso de alta resistencia': 'true'}, {'Plataformas para trailers': 'true'}, {'Puerta eléctrica': 'true'}, {'Tipo bodega industrial': 'true'}, {'Tipo de acabado piso cerámica': 'true'}, {'Cerca a gimnasio': 'true'}, {'Cerca a hospitales': 'true'}, {'Cerca a parque industrial': 'true'}, {'Acceso para discapacitados': 'true'}, {'Puerta acceso para tractomulas camiones': 'true'}, {'Cerca Centros Comerciales': 'true'}, {'Cerca Parques': 'true'}, {'Cerca Supermercados': 'true'}, {'Cerca Transporte Público': 'true'}, {'Ubicación zona centros negocios': 'true'}, {'Cerca Centros Comerciales': 'true'}, {'Cerca Parques': 'true'}, {'Cerca Supermercados': 'true'}, {'Cerca Transporte Público': 'true'}, {'Ubicación zona centros negocios': 'true'}]}",2026-09-16 03:47:45.495929+00:00
https://www.metrocuadrado.com/inmueble/arriendo-apartamento-bogota-chico-norte-3-habitaciones-3-banos-2-garajes/15996-M7045330?src_url=%2Finmuebles%2Farriendo%2Fbogota%2F%3Fsearch%3Dform,"{'title': 'Apartamento En Arriendo, CHICO NORTE', 'location': 'CHICO NORTE, Bogotá D.C.', 'price': '$ 15.700.000', 'area': None, 'estrato': None, 'main_specs': '3 hab. | 3 bañ. | 2 par.', 'characteristics': [{'Apto para niños': 'true'}, {'Con chimenea': 'true'}, {'Citófonos': 'true'}, {'Cuarto de servicio': 'true'}, {'Estudio o biblioteca': 'true'}, {'Hall de Alcobas': 'true'}, {'Puertas de seguridad': 'true'}, {'Zona de lavanderia': 'true'}, {'Despensa': 'true'}, {'Extractor': 'true'}, {'Horno': 'true'}, {'Tipo instalación de gas natural': 'true'}, {'Número de Closets 4': 'true'}, {'Número de piso 4': 'true'}, {'Tipo de calentador gas': 'true'}, {'Tipo de Cocina lineal': 'true'}, {'Tipo comedor sala comedor': 'true'}, {'Depósito 1': 'true'}, {'Tipo de estufa gas': 'true'}, {'Tipo de acabado piso madera': 'true'}, {'Tipo de piso en alcobas alfombra': 'true'}, {'Tipo de piso en comedor madera': 'true'}, {'Tipo de piso en estudio alfombra': 'true'}, {'Tipo de piso en sala madera': 'true'}, {'Vista exterior': 'true'}, {'Walking closet': 'true'}, {'Cerca a gimnasio': 'true'}, {'Cerca a hospitales': 'true'}, {'Cerca a Jardines y Colegios': 'true'}, {'Cerca a restaurantes': 'true'}, {'Cerca a tiendas de barrio': 'true'}, {'Gimnasio': 'true'}, {'Salón comunal': 'true'}, {'Zona de BBQ': 'true'}, {'Ascensor': 'true'}, {'Bahias de parqueo': 'true'}, {'Acceso para discapacitados': 'true'}, {'Circuito cerrado de TV': 'true'}, {'Cuarto de escoltas': 'true'}, {'Parqueadero cubierto': 'true'}, {'Vista panorámica': 'true'}, {'Número de Ascensores 1': 'true'}, {'Tipo de parqueadero propio': 'true'}, {'Vigilancia 24hrs': 'true'}, {'Cerca Centros Comerciales': 'true'}, {'Cerca Colegios / Universidades': 'true'}, {'Cerca Parques': 'true'}, {'Cerca Supermercados': 'true'}, {'Cerca Transporte Público': 'true'}, {'Sobre vía principal': 'true'}, {'Cerca Centros Comerciales': 'true'}, {'Cerca Colegios / Universidades': 'true'}, {'Cerca Parques': 'true'}, {'Cerca Supermercados': 'true'}, {'Cerca Transporte Público': 'true'}, {'Sobre vía principal': 'true'}]}",2026-09-16 03:47:51.334473+00:00
https://www.metrocuadrado.com/inmueble/arriendo-apartaestudio-bogota-la-soledad-1-habitaciones-1-banos/16419-M6949014?src_url=%2Finmuebles%2Farriendo%2Fbogota%2F%3Fsearch%3Dform,"{'title': 'Apartaestudio En Arriendo, La Soledad', 'location': 'La Soledad, Bogotá D.C.', 'price': '$ 1.500.000', 'area': None, 'estrato': None, 'main_specs': '1 hab. | 1 bañ.', 'characteristics': [{'Tipo de calentador no tiene': 'true'}, {'Tipo de estufa gas': 'true'}, {'Tipo de acabado piso laminado': 'true'}, {'Tipo de piso en alcobas laminado': 'true'}, {'Tipo de piso en comedor laminado': 'true'}, {'Tipo de piso en estudio laminado': 'true'}, {'Tipo de piso en sala laminado': 'true'}, {'Zona para niños': 'true'}, {'Ascensor': 'true'}, {'Área Urbana': 'true'}, {'Área Urbana': 'true'}]}",2026-09-16 03:47:56.311531+00:00
https://www.metrocuadrado.com/inmueble/arriendo-local-comercial-bogota-marly/848-M4991618?src_url=%2Finmuebles%2Farriendo%2Fbogota%2F%3Fsearch%3Dform,"{'title': 'Local Comercial En Arriendo, MARLY', 'location': 'MARLY, Bogotá D.C.', 'price': '$ 20.000.000', 'area': None, 'estrato': None, 'main_specs': None, 'characteristics': [{'Número de líneas teléfonicas 0': 'true'}, {'Número local 0': 'true'}, {'Número de piso 1': 'true'}, {'Se Permite Fumar': 'true'}, {'Tipo local otro': 'true'}, {'Vista exterior': 'true'}, {'Acceso para discapacitados': 'true'}, {'Número de Ascensores 0': 'true'}, {'Cerca Colegios / Universidades': 'true'}, {'Cerca Parques': 'true'}, {'Cerca Supermercados': 'true'}, {'Cerca Transporte Público': 'true'}, {'Sobre vía principal': 'true'}, {'Sobre vía secundaria': 'true'}, {'Cerca Colegios / Universidades': 'true'}, {'Cerca Parques': 'true'}, {'Cerca Supermercados': 'true'}, {'Cerca Transporte Público': 'true'}, {'Sobre vía principal': 'true'}, {'Sobre vía secundaria': 'true'}]}",2026-09-16 03:48:01.427126+00:00
https://www.metrocuadrado.com/inmueble/arriendo-oficina-bogota-emaus-2-banos-3-garajes/19476-M6688347?src_url=%2Finmuebles%2Farriendo%2Fbogota%2F%3Fsearch%3Dform,"{'title': 'Oficina En Arriendo, CHAPINERO ALTO EMAUS', 'location': 'CHAPINERO ALTO EMAUS, Bogotá D.C.', 'price': '$ 8.800.000', 'area': None, 'estrato': None, 'main_specs': '2 bañ. | 3 par.', 'characteristics': [{'Escalera de Emergencia': 'true'}, {'Número de piso 1': 'true'}, {'Tipo de oficina edificio': 'true'}, {'Tipo de acabado piso alfombra': 'true'}, {'Vista exterior': 'true'}, {'Acceso con tarjetas o dispositivos': 'true'}, {'Ascensor': 'true'}, {'Circuito cerrado de TV': 'true'}, {'Parqueadero cubierto': 'true'}, {'Número de Ascensores 2': 'true'}, {'Recepción Lobby': 'true'}, {'Cerca Centros Comerciales': 'true'}, {'Cerca Transporte Público': 'true'}, {'Sobre vía principal': 'true'}, {'Ubicación zona centros negocios': 'true'}, {'Cerca Centros Comerciales': 'true'}, {'Cerca Transporte Público': 'true'}, {'Sobre vía principal': 'true'}, {'Ubicación zona centros negocios': 'true'}]}",2026-09-16 03:48:06.329292+00:00
https://www.metrocuadrado.com/inmueble/arriendo-apartamento-bogota-san-jose-del-prado-3-habitaciones-5-banos-2-garajes/651-M6516321?src_url=%2Finmuebles%2Farriendo%2Fbogota%2F%3Fsearch%3Dform,"{'title': 'Apartamento En Arriendo, COLINA CAMPESTRE', 'location': 'COLINA CAMPESTRE, Bogotá D.C.', 'price': '$ 7.500.000', 'area': None, 'estrato': None, 'main_specs': '3 hab. | 5 bañ. | 2 par.', 'characteristics': [{'Alarma': 'true'}, {'Con chimenea': 'true'}, {'Citófonos': 'true'}, {'Comedor auxiliar': 'true'}, {'Tipo de Cortinas persianas': 'true'}, {'Cuarto de servicio': 'true'}, {'Estudio o biblioteca': 'true'}, {'Hall de Alcobas': 'true'}, {'Jacuzzi': 'true'}, {'Puertas de seguridad': 'true'}, {'Zona de lavanderia': 'true'}, {'Control de ruido': 'true'}, {'Despensa': 'true'}, {'Extractor': 'true'}, {'Horno': 'true'}, {'Tipo instalación de gas natural': 'true'}, {'Luz en la mañana': 'true'}, {'Luz en la tarde': 'true'}, {'Número de Closets 4': 'true'}, {'Número de piso 10': 'true'}, {'Shut de basura': 'true'}, {'Tipo de calentador gas': 'true'}, {'Tipo de Cocina paralela': 'true'}, {'Tipo comedor sala comedor': 'true'}, {'Depósito 1': 'true'}, {'Tipo de estufa mixta': 'true'}, {'Tipo de acabado piso laminado': 'true'}, {'Tipo de piso en alcobas laminado': 'true'}, {'Tipo de piso en comedor laminado': 'true'}, {'Tipo de piso en estudio laminado': 'true'}, {'Tipo de piso en sala laminado': 'true'}, {'Vista exterior': 'true'}, {'Walking closet': 'true'}, {'Cerca a gimnasio': 'true'}, {'Cerca a Jardines y Colegios': 'true'}, {'Cerca a restaurantes': 'true'}, {'Cerca a tiendas de barrio': 'true'}, {'Cancha(s) de Basket': 'true'}, {'Cancha(s) de Fútbol': 'true'}, {'Cancha(s) de Tennis': 'true'}, {'Salón comunal': 'true'}, {'Sauna y/o turco': 'true'}, {'Zona para niños': 'true'}, {'Zonas verdes': 'true'}, {'Área Terraza/Balcón 5': 'true'}, {'Ascensor': 'true'}, {'Bahias de parqueo': 'true'}, {'Circuito cerrado de TV': 'true'}, {'Parqueadero cubierto': 'true'}, {'Vista panorámica': 'true'}, {'Conjunto cerrado': 'true'}, {'Número de Ascensores 3': 'true'}, {'Recepción Lobby': 'true'}, {'Roof garden': 'true'}, {'Terraza/Balcón balcón': 'true'}, {'Tipo de parqueadero propio': 'true'}, {'Vigilancia 24hrs': 'true'}, {'Cerca Centros Comerciales': 'true'}, {'Cerca Supermercados': 'true'}, {'Sobre vía principal': 'true'}, {'Cerca Centros Comerciales': 'true'}, {'Cerca Supermercados': 'true'}, {'Sobre vía principal': 'true'}]}",2026-09-16 03:48:11.941017+00:00
https://www.metrocuadrado.com/inmueble/arriendo-bodega-bogota-puente-aranda/848-M6426552?src_url=%2Finmuebles%2Farriendo%2Fbogota%2F%3Fsearch%3Dform,"{'title': 'Bodega En Arriendo, ZONA INDUSTRIAL PUENTE ARANDA', 'location': 'ZONA INDUSTRIAL PUENTE ARANDA, Bogotá D.C.', 'price': '$ 22.000.000', 'area': None, 'estrato': None, 'main_specs': None, 'characteristics': [{'Almacen': 'true'}, {'Con oficinas': 'true'}, {'Número bodega 0': 'true'}, {'Piso de alta resistencia': 'true'}, {'Tipo bodega industrial': 'true'}, {'Tipo de acabado piso cemento': 'true'}, {'Cerca a gimnasio': 'true'}, {'Cerca a hospitales': 'true'}, {'Acceso para discapacitados': 'true'}, {'Puerta acceso para tractomulas camiones': 'true'}, {'Cerca Parques': 'true'}, {'Cerca Supermercados': 'true'}, {'Cerca Parques': 'true'}, {'Cerca Supermercados': 'true'}]}",2026-09-16 03:48:16.834896+00:00
https://www.metrocuadrado.com/inmueble/arriendo-oficina-bogota-chico-norte-et-iii-5-banos-4-garajes/19277-M6513972?src_url=%2Finmuebles%2Farriendo%2Fbogota%2F%3Fsearch%3Dform,"{'title': 'Oficina En Arriendo, CHICO NORTE', 'location': 'CHICO NORTE, Bogotá D.C.', 'price': '$ 37.500.000', 'area': None, 'estrato': None, 'main_specs': '5 bañ. | 4 par.', 'characteristics': [{'Aire acondicionado': 'true'}, {'Citófonos': 'true'}, {'Detección de humo': 'true'}, {'Escalera de Emergencia': 'true'}, {'Número de piso 4': 'true'}, {'Tipo de oficina edificio': 'true'}, {'Tipo de acabado piso laminado': 'true'}, {'Vista exterior': 'true'}, {'Cerca a gimnasio': 'true'}, {'Cerca a hospitales': 'true'}, {'Acceso con tarjetas o dispositivos': 'true'}, {'Ascensor': 'true'}, {'Acceso para discapacitados': 'true'}, {'Circuito cerrado de TV': 'true'}, {'Parqueadero cubierto': 'true'}, {'Vista panorámica': 'true'}, {'Generador eléctrico': 'true'}, {'Número de Ascensores 3': 'true'}, {'Recepción Lobby': 'true'}, {'Sistema contra incendio': 'true'}, {'Vigilancia 24hrs': 'true'}, {'Cerca Centros Comerciales': 'true'}, {'Cerca Colegios / Universidades': 'true'}, {'Cerca Parques': 'true'}, {'Cerca Supermercados': 'true'}, {'Cerca Transporte Público': 'true'}, {'Sobre vía principal': 'true'}, {'Sobre vía secundaria': 'true'}, {'Ubicación zona centros negocios': 'true'}, {'Cerca Centros Comerciales': 'true'}, {'Cerca Colegios / Universidades': 'true'}, {'Cerca Parques': 'true'}, {'Cerca Supermercados': 'true'}, {'Cerca Transporte Público': 'true'}, {'Sobre vía principal': 'true'}, {'Sobre vía secundaria': 'true'}, {'Ubicación zona centros negocios': 'true'}]}",2026-09-16 03:48:21.851004+00:00
https://www.metrocuadrado.com/inmueble/arriendo-casa-bogota-calatayud-3-habitaciones-4-banos-4-garajes/4830-M6334014?src_url=%2Finmuebles%2Farriendo%2Fbogota%2F%3Fsearch%3Dform,"{'title': 'Casa En Arriendo, Calatayud', 'location': 'Calatayud, Bogotá D.C.', 'price': '$ 10.000.000', 'area': None, 'estrato': None, 'main_specs': '3 hab. | 4 bañ. | 4 par.', 'characteristics': [{'Con chimenea': 'true'}, {'Citófonos': 'true'}, {'Cocina Tipo Americano': 'true'}, {'Se Permite Fumar': 'true'}, {'Tipo de calentador gas': 'true'}, {'Tipo de Cocina en l': 'true'}, {'Gimnasio': 'true'}, {'Salón comunal': 'true'}, {'Conjunto cerrado': 'true'}, {'Tipo de parqueadero independiente': 'true'}, {'Cerca Parques': 'true'}, {'Cerca Transporte Público': 'true'}, {'Área Urbana': 'true'}, {'Cerca Parques': 'true'}, {'Cerca Transporte Público': 'true'}, {'Área Urbana': 'true'}]}",2026-09-16 03:48:26.568052+00:00
https://www.metrocuadrado.com/inmueble/arriendo-apartaestudio-bogota-ciudad-salitre-occidental-1-habitaciones-1-banos/4830-M6873962?src_url=%2Finmuebles%2Farriendo%2Fbogota%2F%3Fsearch%3Dform,"{'title': 'Apartaestudio En Arriendo, Ciudad Salitre Occidental', 'location': 'Ciudad Salitre Occidental, Bogotá D.C.', 'price': '$ 1.800.000', 'area': None, 'estrato': None, 'main_specs': '1 hab. | 1 bañ.', 'characteristics': [{'Cocina integral': 'true'}, {'Tipo de calentador gas': 'true'}, {'Tipo de Cocina lineal': 'true'}, {'Cerca Transporte Público': 'true'}, {'Sobre vía principal': 'true'}, {'Cerca Transporte Público': 'true'}, {'Sobre vía principal': 'true'}]}",2026-09-16 03:48:31.449328+00:00
https://www.metrocuadrado.com/inmueble/arriendo-apartamento-bogota-rincon-del-chico-3-habitaciones-2-banos/15704-M7055910?src_url=%2Finmuebles%2Farriendo%2Fbogota%2F%3Fsearch%3Dform,"{'title': 'Apartamento En Arriendo, Rincon Del Chico', 'location': 'Rincon Del Chico, Bogotá D.C.', 'price': '$ 6.200.000', 'area': None, 'estrato': None, 'main_specs': '3 hab. | 2 bañ.', 'characteristics': [{'Baño Auxiliar': 'true'}, {'Baño de Servicio': 'true'}, {'Con calefacción': 'true'}, {'Cocina integral': 'true'}, {'Cuarto de servicio': 'true'}, {'Hall de Alcobas': 'true'}, {'Zona de lavanderia': 'true'}, {'Número de piso 2': 'true'}, {'Salón comunal': 'true'}, {'Ascensor': 'true'}, {'Parqueadero visitantes': 'true'}, {'Vista panorámica': 'true'}, {'Conjunto cerrado': 'true'}, {'Recepción Lobby': 'true'}, {'Cerca Transporte Público': 'true'}, {'Cerca Transporte Público': 'true'}]}",2026-09-16 03:48:36.303125+00:00
https://www.metrocuadrado.com/inmueble/arriendo-apartamento-bogota-los-rosales-4-habitaciones-5-banos-3-garajes/2238-M7043866?src_url=%2Finmuebles%2Farriendo%2Fbogota%2F%3Fsearch%3Dform,"{'title': 'Apartamento En Arriendo, NOGAL ROSALES', 'location': 'NOGAL ROSALES, Bogotá D.C.', 'price': '$ 27.000.000', 'area': None, 'estrato': None, 'main_specs': '4 hab. | 5 bañ. | 3 par.', 'characteristics': [{'Apto para niños': 'true'}, {'Con chimenea': 'true'}, {'Citófonos': 'true'}, {'Comedor auxiliar': 'true'}, {'Cuarto de servicio': 'true'}, {'Estudio o biblioteca': 'true'}, {'Hall de Alcobas': 'true'}, {'Jacuzzi': 'true'}, {'Puertas de seguridad': 'true'}, {'Zona de lavanderia': 'true'}, {'En interior y/o bloque': 'true'}, {'Extractor': 'true'}, {'Horno': 'true'}, {'Tipo instalación de gas natural': 'true'}, {'Luz en la tarde': 'true'}, {'Número de piso 7': 'true'}, {'Shut de basura': 'true'}, {'Tipo de calentador caldera': 'true'}, {'Tipo de Cocina en u': 'true'}, {'Tipo comedor comedor independiente': 'true'}, {'Depósito 2': 'true'}, {'Tipo de estufa mixta': 'true'}, {'Vista interior': 'true'}, {'Cerca a gimnasio': 'true'}, {'Cerca a hospitales': 'true'}, {'Cerca a Jardines y Colegios': 'true'}, {'Cerca a restaurantes': 'true'}, {'Cerca a tiendas de barrio': 'true'}, {'Gimnasio': 'true'}, {'Salón comunal': 'true'}, {'Sauna y/o turco': 'true'}, {'Zona para niños': 'true'}, {'Zonas verdes': 'true'}, {'Área Terraza/Balcón 10': 'true'}, {'Ascensor': 'true'}, {'Bahias de parqueo': 'true'}, {'Acceso para discapacitados': 'true'}, {'Circuito cerrado de TV': 'true'}, {'Cuarto de escoltas': 'true'}, {'Parqueadero cubierto': 'true'}, {'Piscina': 'true'}, {'Vista panorámica': 'true'}, {'Conjunto cerrado': 'true'}, {'Número de Ascensores 1': 'true'}, {'Recepción Lobby': 'true'}, {'Terraza/Balcón balcón': 'true'}, {'Tipo de parqueadero propio': 'true'}, {'Vigilancia 24hrs': 'true'}, {'Cerca Centros Comerciales': 'true'}, {'Cerca Colegios / Universidades': 'true'}, {'Cerca Supermercados': 'true'}, {'Cerca Transporte Público': 'true'}, {'Sobre vía principal': 'true'}, {'Cerca Centros Comerciales': 'true'}, {'Cerca Colegios / Universidades': 'true'}, {'Cerca Supermercados': 'true'}, {'Cerca Transporte Público': 'true'}, {'Sobre vía principal': 'true'}]}",2026-09-16 03:48:41.830164+00:00
https://www.metrocuadrado.com/inmueble/arriendo-apartamento-bogota-ub-bosques-2-habitaciones-3-banos-1-garajes/800-M6083084?src_url=%2Finmuebles%2Farriendo%2Fbogota%2F%3Fsearch%3Dform,"{'title': 'Apartamento En Arriendo, BELLA SUIZA', 'location': 'BELLA SUIZA, Bogotá D.C.', 'price': '$ 6.000.000', 'area': None, 'estrato': None, 'main_specs': '2 hab. | 3 bañ. | 1 par.', 'characteristics': [{'Apto para niños': 'true'}, {'Alarma': 'true'}, {'Con chimenea': 'true'}, {'Citófonos': 'true'}, {'Puertas de seguridad': 'true'}, {'Zona de lavanderia': 'true'}, {'Control de ruido': 'true'}, {'Control térmico': 'true'}, {'Despensa': 'true'}, {'Extractor': 'true'}, {'Horno': 'true'}, {'Tipo instalación de gas natural': 'true'}, {'Lavaplatos': 'true'}, {'Luz en la mañana': 'true'}, {'Número de Closets 3': 'true'}, {'Número de piso 2': 'true'}, {'Se Permite Fumar': 'true'}, {'Se Permiten Mascotas': 'true'}, {'Shut de basura': 'true'}, {'Tipo de calentador caldera': 'true'}, {'Tipo de Cocina abierta': 'true'}, {'Tipo comedor sala comedor': 'true'}, {'Depósito 1': 'true'}, {'Tipo de estufa gas': 'true'}, {'Tipo de acabado piso laminado': 'true'}, {'Vista exterior': 'true'}, {'Walking closet': 'true'}, {'Cerca a gimnasio': 'true'}, {'Cerca a restaurantes': 'true'}, {'Cancha(s) de Fútbol': 'true'}, {'Gimnasio': 'true'}, {'Salón comunal': 'true'}, {'Sauna y/o turco': 'true'}, {'Zona de BBQ': 'true'}, {'Zona para niños': 'true'}, {'Zonas verdes': 'true'}, {'Área Terraza/Balcón 6': 'true'}, {'Ascensor': 'true'}, {'Acceso para discapacitados': 'true'}, {'Circuito cerrado de TV': 'true'}, {'Cuarto de escoltas': 'true'}, {'Parqueadero cubierto': 'true'}, {'Piscina': 'true'}, {'Conjunto cerrado': 'true'}, {'Número de Ascensores 2': 'true'}, {'Recepción Lobby': 'true'}, {'Terraza/Balcón balcón': 'true'}, {'Tipo de parqueadero propio': 'true'}, {'Vigilancia 24hrs': 'true'}, {'Cerca Centros Comerciales': 'true'}, {'Cerca Colegios / Universidades': 'true'}, {'Cerca Parques': 'true'}, {'Cerca Supermercados': 'true'}, {'Cerca Transporte Público': 'true'}, {'Sobre vía secundaria': 'true'}, {'Cerca Centros Comerciales': 'true'}, {'Cerca Colegios / Universidades': 'true'}, {'Cerca Parques': 'true'}, {'Cerca Supermercados': 'true'}, {'Cerca Transporte Público': 'true'}, {'Sobre vía secundaria': 'true'}]}",2026-09-16 03:48:47.323292+00:00
https://www.metrocuadrado.com/inmueble/arriendo-apartamento-bogota-cerros-de-santa-barbara-3-habitaciones-5-banos-3-garajes/217-M2440588?src_url=%2Finmuebles%2Farriendo%2Fbogota%2F%3Fsearch%3Dform,"{'title': 'Apartamento En Arriendo, SANTA ANA ORIENTAL USAQUEN', 'location': 'SANTA ANA ORIENTAL USAQUEN, Bogotá D.C.', 'price': '$ 22.000.000', 'area': None, 'estrato': None, 'main_specs': '3 hab. | 5 bañ. | 3 par.', 'characteristics': [{'Apto para niños': 'true'}, {'Con calefacción': 'true'}, {'Con chimenea': 'true'}, {'Citófonos': 'true'}, {'Comedor auxiliar': 'true'}, {'Tipo de Cortinas persianas': 'true'}, {'Cuarto de servicio': 'true'}, {'Estudio o biblioteca': 'true'}, {'Hall de Alcobas': 'true'}, {'Puertas de seguridad': 'true'}, {'Zona de lavanderia': 'true'}, {'En interior y/o bloque': 'true'}, {'Tipo instalación de gas natural': 'true'}, {'Número de Closets 4': 'true'}, {'Número de piso 7': 'true'}, {'Se Permite Fumar': 'true'}, {'Tipo de calentador caldera': 'true'}, {'Tipo de Cocina paralela': 'true'}, {'Tipo comedor comedor independiente': 'true'}, {'Depósito 1': 'true'}, {'Tipo de estufa gas': 'true'}, {'Tipo de acabado piso marmol': 'true'}, {'Tipo de piso en alcobas madera': 'true'}, {'Tipo de piso en comedor madera': 'true'}, {'Tipo de piso en estudio madera': 'true'}, {'Tipo de piso en sala madera': 'true'}, {'Vista exterior': 'true'}, {'Cancha(s) de squash': 'true'}, {'Gimnasio': 'true'}, {'Salón comunal': 'true'}, {'Sauna y/o turco': 'true'}, {'Zona de BBQ': 'true'}, {'Zona para niños': 'true'}, {'Zonas verdes': 'true'}, {'Área Terraza/Balcón 25': 'true'}, {'Ascensor': 'true'}, {'Acceso para discapacitados': 'true'}, {'Circuito cerrado de TV': 'true'}, {'Cuarto de escoltas': 'true'}, {'Parqueadero cubierto': 'true'}, {'Piscina': 'true'}, {'Vista panorámica': 'true'}, {'Conjunto cerrado': 'true'}, {'Número de Ascensores 2': 'true'}, {'Terraza/Balcón terraza': 'true'}, {'Tipo de parqueadero propio': 'true'}, {'Vigilancia 24hrs': 'true'}, {'Cerca Centros Comerciales': 'true'}, {'Cerca Colegios / Universidades': 'true'}, {'Cerca Parques': 'true'}, {'Cerca Supermercados': 'true'}, {'Cerca Transporte Público': 'true'}, {'Sobre vía secundaria': 'true'}, {'Cerca Centros Comerciales': 'true'}, {'Cerca Colegios / Universidades': 'true'}, {'Cerca Parques': 'true'}, {'Cerca Supermercados': 'true'}, {'Cerca Transporte Público': 'true'}, {'Sobre vía secundaria': 'true'}]}",2026-09-16 03:48:53.071581+00:00
https://www.metrocuadrado.com/inmueble/arriendo-apartamento-bogota-el-nogal-3-habitaciones-5-banos-2-garajes/2162-M6959911?src_url=%2Finmuebles%2Farriendo%2Fbogota%2F%3Fsearch%3Dform,"{'title': 'Apartamento En Arriendo, EL NOGAL CHICO', 'location': 'EL NOGAL CHICO, Bogotá D.C.', 'price': '$ 15.000.000', 'area': None, 'estrato': None, 'main_specs': '3 hab. | 5 bañ. | 2 par.', 'characteristics': [{'Apto para niños': 'true'}, {'Citófonos': 'true'}, {'Comedor auxiliar': 'true'}, {'Cuarto de servicio': 'true'}, {'Estudio o biblioteca': 'true'}, {'Hall de Alcobas': 'true'}, {'Puertas de seguridad': 'true'}, {'Zona de lavanderia': 'true'}, {'Despensa': 'true'}, {'Extractor': 'true'}, {'Horno': 'true'}, {'Tipo instalación de gas natural': 'true'}, {'Lavaplatos': 'true'}, {'Luz en la mañana': 'true'}, {'Luz en la tarde': 'true'}, {'Número de Closets 4': 'true'}, {'Número de piso 1': 'true'}, {'Se Permiten Mascotas': 'true'}, {'Shut de basura': 'true'}, {'Tipo de calentador gas': 'true'}, {'Tipo de Cocina isla': 'true'}, {'Tipo comedor comedor independiente': 'true'}, {'Depósito 1': 'true'}, {'Tipo de estufa gas': 'true'}, {'Tipo de acabado piso porcelanato': 'true'}, {'Tipo de piso en alcobas laminado': 'true'}, {'Tipo de piso en comedor madera': 'true'}, {'Tipo de piso en estudio madera': 'true'}, {'Tipo de piso en sala porcelanato': 'true'}, {'Vista exterior': 'true'}, {'Walking closet': 'true'}, {'Cerca a gimnasio': 'true'}, {'Cerca a hospitales': 'true'}, {'Cerca a Jardines y Colegios': 'true'}, {'Cerca a restaurantes': 'true'}, {'Cerca a tiendas de barrio': 'true'}, {'Salón comunal': 'true'}, {'Zona para niños': 'true'}, {'Zonas verdes': 'true'}, {'Acceso con tarjetas o dispositivos': 'true'}, {'Área Terraza/Balcón 65': 'true'}, {'Ascensor': 'true'}, {'Bahias de parqueo': 'true'}, {'Acceso para discapacitados': 'true'}, {'Circuito cerrado de TV': 'true'}, {'Cuarto de escoltas': 'true'}, {'Parqueadero cubierto': 'true'}, {'Vista panorámica': 'true'}, {'Conjunto cerrado': 'true'}, {'Número de Ascensores 2': 'true'}, {'Recepción Lobby': 'true'}, {'Terraza/Balcón terraza': 'true'}, {'Tipo de parqueadero servidumbre': 'true'}, {'Vigilancia 24hrs': 'true'}, {'Cerca Centros Comerciales': 'true'}, {'Cerca Colegios / Universidades': 'true'}, {'Cerca Parques': 'true'}, {'Cerca Supermercados': 'true'}, {'Cerca Transporte Público': 'true'}, {'Sobre vía secundaria': 'true'}, {'Cerca Centros Comerciales': 'true'}, {'Cerca Colegios / Universidades': 'true'}, {'Cerca Parques': 'true'}, {'Cerca Supermercados': 'true'}, {'Cerca Transporte Público': 'true'}, {'Sobre vía secundaria': 'true'}]}",2026-09-16 03:48:58.591064+00:00
https://www.metrocuadrado.com/inmueble/arriendo-casa-bogota-san-jose-de-bavaria-4-habitaciones-5-banos-4-garajes/5168-M5851131?src_url=%2Finmuebles%2Farriendo%2Fbogota%2F%3Fsearch%3Dform,"{'title': 'Casa En Arriendo, SAN JOSE BAVARIA', 'location': 'SAN JOSE BAVARIA, Bogotá D.C.', 'price': '$ 22.000.000', 'area': None, 'estrato': None, 'main_specs': '4 hab. | 5 bañ. | 4 par.', 'characteristics': [{'Apto para niños': 'true'}, {'Casa campestre': 'true'}, {'Alarma': 'true'}, {'Con chimenea': 'true'}, {'Citófonos': 'true'}, {'Comedor auxiliar': 'true'}, {'Tipo de Cortinas persianas': 'true'}, {'Cuarto de servicio': 'true'}, {'Estudio o biblioteca': 'true'}, {'Hall de Alcobas': 'true'}, {'Jacuzzi': 'true'}, {'Puertas de seguridad': 'true'}, {'Zona de lavanderia': 'true'}, {'Despensa': 'true'}, {'Extractor': 'true'}, {'Horno': 'true'}, {'Tipo instalación de gas natural': 'true'}, {'Lavaplatos': 'true'}, {'Luz en la mañana': 'true'}, {'Luz en la tarde': 'true'}, {'Número de Closets 4': 'true'}, {'Número de líneas teléfonicas 0': 'true'}, {'Se Permiten Mascotas': 'true'}, {'Tipo de calentador gas': 'true'}, {'Tipo de Casa tradicional': 'true'}, {'Tipo de Cocina isla': 'true'}, {'Tipo comedor comedor independiente': 'true'}, {'Depósito 2': 'true'}, {'Tipo de estufa gas': 'true'}, {'Tipo de acabado piso madera': 'true'}, {'Tipo de piso en alcobas madera': 'true'}, {'Tipo de piso en comedor madera': 'true'}, {'Tipo de piso en estudio madera': 'true'}, {'Tipo de piso en sala madera': 'true'}, {'Vista exterior': 'true'}, {'Walking-closet': 'true'}, {'Cerca a hospitales': 'true'}, {'Cerca a Jardines y Colegios': 'true'}, {'Gimnasio': 'true'}, {'Jardín interior': 'true'}, {'Zona de BBQ': 'true'}, {'Zona para niños': 'true'}, {'Zonas verdes': 'true'}, {'&Aacute;rea del lote 3000': 'true'}, {'Área Terraza/Balcón 2400': 'true'}, {'Acceso para discapacitados': 'true'}, {'Circuito cerrado de TV': 'true'}, {'Cuarto de escoltas': 'true'}, {'Parqueadero cubierto': 'true'}, {'Jardín': 'true'}, {'Vista panorámica': 'true'}, {'Esquinero': 'true'}, {'Número de niveles 1': 'true'}, {'Terraza/Balcón terraza': 'true'}, {'Tipo de parqueadero propio': 'true'}, {'Vigilancia 0': 'true'}, {'Cerca Centros Comerciales': 'true'}, {'Cerca Colegios / Universidades': 'true'}, {'Cerca Supermercados': 'true'}, {'Cerca Transporte Público': 'true'}, {'Sobre vía secundaria': 'true'}, {'Área Rural': 'true'}, {'Cerca Centros Comerciales': 'true'}, {'Cerca Colegios / Universidades': 'true'}, {'Cerca Supermercados': 'true'}, {'Cerca Transporte Público': 'true'}, {'Sobre vía secundaria': 'true'}, {'Área Rural': 'true'}]}",2026-09-16 03:49:04.117617+00:00
https://www.metrocuadrado.com/inmueble/arriendo-apartamento-bogota-ub-bosques-2-habitaciones-3-banos-1-garajes/800-M6083066?src_url=%2Finmuebles%2Farriendo%2Fbogota%2F%3Fsearch%3Dform,"{'title': 'Apartamento En Arriendo, BELLA SUIZA', 'location': 'BELLA SUIZA, Bogotá D.C.', 'price': '$ 6.000.000', 'area': None, 'estrato': None, 'main_specs': '2 hab. | 3 bañ. | 1 par.', 'characteristics': [{'Apto para niños': 'true'}, {'Alarma': 'true'}, {'Con chimenea': 'true'}, {'Citófonos': 'true'}, {'Hall de Alcobas': 'true'}, {'Puertas de seguridad': 'true'}, {'Zona de lavanderia': 'true'}, {'Control de ruido': 'true'}, {'Control térmico': 'true'}, {'Despensa': 'true'}, {'Extractor': 'true'}, {'Horno': 'true'}, {'Tipo instalación de gas natural': 'true'}, {'Lavaplatos': 'true'}, {'Luz en la mañana': 'true'}, {'Número de piso 2': 'true'}, {'Se Permite Fumar': 'true'}, {'Se Permiten Mascotas': 'true'}, {'Shut de basura': 'true'}, {'Tipo de calentador caldera': 'true'}, {'Tipo de Cocina abierta': 'true'}, {'Tipo comedor sala comedor': 'true'}, {'Depósito 1': 'true'}, {'Tipo de estufa gas': 'true'}, {'Tipo de acabado piso laminado': 'true'}, {'Vista exterior': 'true'}, {'Walking closet': 'true'}, {'Cerca a gimnasio': 'true'}, {'Cerca a restaurantes': 'true'}, {'Cancha(s) de Basket': 'true'}, {'Gimnasio': 'true'}, {'Salón comunal': 'true'}, {'Sauna y/o turco': 'true'}, {'Zona de BBQ': 'true'}, {'Zona para niños': 'true'}, {'Zonas verdes': 'true'}, {'Área Terraza/Balcón 6': 'true'}, {'Ascensor': 'true'}, {'Acceso para discapacitados': 'true'}, {'Circuito cerrado de TV': 'true'}, {'Cuarto de escoltas': 'true'}, {'Parqueadero cubierto': 'true'}, {'Piscina': 'true'}, {'Conjunto cerrado': 'true'}, {'Número de Ascensores 2': 'true'}, {'Recepción Lobby': 'true'}, {'Terraza/Balcón balcón': 'true'}, {'Tipo de parqueadero propio': 'true'}, {'Vigilancia 24hrs': 'true'}, {'Cerca Centros Comerciales': 'true'}, {'Cerca Colegios / Universidades': 'true'}, {'Cerca Parques': 'true'}, {'Cerca Supermercados': 'true'}, {'Cerca Transporte Público': 'true'}, {'Sobre vía secundaria': 'true'}, {'Cerca Centros Comerciales': 'true'}, {'Cerca Colegios / Universidades': 'true'}, {'Cerca Parques': 'true'}, {'Cerca Supermercados': 'true'}, {'Cerca Transporte Público': 'true'}, {'Sobre vía secundaria': 'true'}]}",2026-09-16 03:49:09.935540+00:00
https://www.metrocuadrado.com/inmueble/arriendo-casa-bogota-bellavista-3-habitaciones-5-banos/13374-M6427978?src_url=%2Finmuebles%2Farriendo%2Fbogota%2F%3Fsearch%3Dform,"{'title': 'Casa En Arriendo, LAS ROSALES', 'location': 'LAS ROSALES, Bogotá D.C.', 'price': '$ 14.600.000', 'area': None, 'estrato': None, 'main_specs': '3 hab. | 5 bañ.', 'characteristics': [{'Apto para niños': 'true'}, {'Con chimenea': 'true'}, {'Estudio o biblioteca': 'true'}, {'Despensa': 'true'}, {'Horno': 'true'}, {'Tipo instalación de gas natural': 'true'}, {'Luz en la mañana': 'true'}, {'Luz en la tarde': 'true'}, {'Número de Closets 2': 'true'}, {'Número de líneas teléfonicas 0': 'true'}, {'Se Permite Fumar': 'true'}, {'Se Permiten Mascotas': 'true'}, {'Tipo de calentador gas': 'true'}, {'Tipo de Casa tradicional': 'true'}, {'Tipo de Cocina en l': 'true'}, {'Depósito 1': 'true'}, {'Tipo de estufa gas': 'true'}, {'Tipo de acabado piso laminado': 'true'}, {'Tipo de piso en alcobas laminado': 'true'}, {'Tipo de piso en comedor laminado': 'true'}, {'Tipo de piso en estudio laminado': 'true'}, {'Tipo de piso en sala madera': 'true'}, {'Vista exterior': 'true'}, {'Cerca a gimnasio': 'true'}, {'Cerca a Jardines y Colegios': 'true'}, {'Cerca a restaurantes': 'true'}, {'Jardín interior': 'true'}, {'&Aacute;rea del lote 300': 'true'}, {'Área Terraza/Balcón 50': 'true'}, {'Esquinero': 'true'}, {'Número de Ascensores 0': 'true'}, {'Número de niveles 2': 'true'}, {'Tanques de Agua': 'true'}, {'Terraza/Balcón terraza': 'true'}, {'Vigilancia 0': 'true'}, {'Cerca Centros Comerciales': 'true'}, {'Cerca Colegios / Universidades': 'true'}, {'Cerca Parques': 'true'}, {'Cerca Supermercados': 'true'}, {'Cerca Transporte Público': 'true'}, {'Sobre vía principal': 'true'}, {'Sobre vía secundaria': 'true'}, {'Cerca Centros Comerciales': 'true'}, {'Cerca Colegios / Universidades': 'true'}, {'Cerca Parques': 'true'}, {'Cerca Supermercados': 'true'}, {'Cerca Transporte Público': 'true'}, {'Sobre vía principal': 'true'}, {'Sobre vía secundaria': 'true'}]}",2026-09-16 03:49:15.571201+00:00
https://www.metrocuadrado.com/inmueble/arriendo-apartamento-bogota-el-porvenir-2-habitaciones-2-banos/19374-M7023211?src_url=%2Finmuebles%2Farriendo%2Fbogota%2F%3Fsearch%3Dform,"{'title': 'Apartamento En Arriendo, EL CHANCO', 'location': 'EL CHANCO, Bogotá D.C.', 'price': '$ 1.250.000', 'area': None, 'estrato': None, 'main_specs': '2 hab. | 2 bañ.', 'characteristics': [{'Apto para niños': 'true'}, {'Tipo de Cortinas persianas': 'true'}, {'Hall de Alcobas': 'true'}, {'Zona de lavanderia': 'true'}, {'En interior y/o bloque': 'true'}, {'Horno': 'true'}, {'Tipo instalación de gas natural': 'true'}, {'Luz en la mañana': 'true'}, {'Número de Closets 2': 'true'}, {'Número de piso 1': 'true'}, {'Se Permiten Mascotas': 'true'}, {'Tipo de calentador gas': 'true'}, {'Tipo de Cocina lineal': 'true'}, {'Tipo comedor sala comedor': 'true'}, {'Depósito 0': 'true'}, {'Tipo de estufa gas': 'true'}, {'Tipo de acabado piso cerámica': 'true'}, {'Tipo de piso en alcobas laminado': 'true'}, {'Tipo de piso en comedor cerámica': 'true'}, {'Tipo de piso en sala cerámica': 'true'}, {'Vista interior': 'true'}, {'Cerca a restaurantes': 'true'}, {'Cerca a tiendas de barrio': 'true'}, {'Salón comunal': 'true'}, {'Zona de BBQ': 'true'}, {'Zona para niños': 'true'}, {'Zonas verdes': 'true'}, {'Acceso con tarjetas o dispositivos': 'true'}, {'Acceso para discapacitados': 'true'}, {'Circuito cerrado de TV': 'true'}, {'Conjunto cerrado': 'true'}, {'Número de Ascensores 0': 'true'}, {'Terraza/Balcón ninguno': 'true'}, {'Vigilancia 24hrs': 'true'}, {'Cerca Supermercados': 'true'}, {'Cerca Transporte Público': 'true'}, {'Sobre vía secundaria': 'true'}, {'Cerca Supermercados': 'true'}, {'Cerca Transporte Público': 'true'}, {'Sobre vía secundaria': 'true'}]}",2026-09-16 03:49:21.086032+00:00
https://www.metrocuadrado.com/inmueble/arriendo-casa-bogota-casa-blanca-4-habitaciones-5-banos-4-garajes/10062-M4619165?src_url=%2Finmuebles%2Farriendo%2Fbogota%2F%3Fsearch%3Dform,"{'title': 'Casa En Arriendo, SAN SIMON GUAYMARAL', 'location': 'SAN SIMON GUAYMARAL, Bogotá D.C.', 'price': '$ 13.000.000', 'area': None, 'estrato': None, 'main_specs': '4 hab. | 5 bañ. | 4 par.', 'characteristics': [{'Apto para niños': 'true'}, {'Con chimenea': 'true'}, {'Citófonos': 'true'}, {'Comedor auxiliar': 'true'}, {'Cuarto de servicio': 'true'}, {'Estudio o biblioteca': 'true'}, {'Hall de Alcobas': 'true'}, {'Zona de lavanderia': 'true'}, {'Tipo instalación de gas natural': 'true'}, {'Número de Closets 4': 'true'}, {'Se Permite Fumar': 'true'}, {'Se Permiten Mascotas': 'true'}, {'Tipo de calentador gas': 'true'}, {'Tipo de Casa tradicional': 'true'}, {'Tipo de Cocina abierta': 'true'}, {'Tipo comedor sala comedor': 'true'}, {'Depósito 1': 'true'}, {'Tipo de estufa gas': 'true'}, {'Tipo de acabado piso madera': 'true'}, {'Tipo de piso en alcobas alfombra': 'true'}, {'Tipo de piso en comedor madera': 'true'}, {'Tipo de piso en estudio madera': 'true'}, {'Tipo de piso en sala madera': 'true'}, {'Vista interior': 'true'}, {'Cancha(s) de Fútbol': 'true'}, {'Jardín interior': 'true'}, {'Salón comunal': 'true'}, {'Sendero peatonal': 'true'}, {'Zona de BBQ': 'true'}, {'Zonas verdes': 'true'}, {'&Aacute;rea del lote 1500': 'true'}, {'Área Terraza/Balcón 23': 'true'}, {'Acceso para discapacitados': 'true'}, {'Circuito cerrado de TV': 'true'}, {'Parqueadero cubierto': 'true'}, {'Jardín': 'true'}, {'Conjunto cerrado': 'true'}, {'Número de niveles 2': 'true'}, {'Terraza/Balcón terraza': 'true'}, {'Tipo de parqueadero independiente': 'true'}, {'Vigilancia 24hrs': 'true'}, {'Cerca Centros Comerciales': 'true'}, {'Cerca Colegios / Universidades': 'true'}, {'Cerca Parques': 'true'}, {'Cerca Transporte Público': 'true'}, {'Sobre vía secundaria': 'true'}, {'Cerca Centros Comerciales': 'true'}, {'Cerca Colegios / Universidades': 'true'}, {'Cerca Parques': 'true'}, {'Cerca Transporte Público': 'true'}, {'Sobre vía secundaria': 'true'}]}",2026-09-16 03:49:26.771955+00:00
https://www.metrocuadrado.com/inmueble/arriendo-apartamento-bogota-mazuren-3-habitaciones-2-banos-1-garajes/726-M6868027?src_url=%2Finmuebles%2Farriendo%2Fbogota%2F%3Fsearch%3Dform,"{'title': 'Apartamento En Arriendo, MAZUREN', 'location': 'MAZUREN, Bogotá D.C.', 'price': '$ 2.400.000', 'area': None, 'estrato': None, 'main_specs': '3 hab. | 2 bañ. | 1 par.', 'characteristics': [{'Apto para niños': 'true'}, {'Citófonos': 'true'}, {'Tipo de Cortinas ninguna': 'true'}, {'Zona de lavanderia': 'true'}, {'En interior y/o bloque': 'true'}, {'Tipo instalación de gas natural': 'true'}, {'Número de Closets 3': 'true'}, {'Número de piso 5': 'true'}, {'Se Permite Fumar': 'true'}, {'Tipo de calentador gas': 'true'}, {'Tipo de Cocina lineal': 'true'}, {'Tipo comedor sala comedor': 'true'}, {'Depósito 0': 'true'}, {'Tipo de estufa gas': 'true'}, {'Tipo de acabado piso laminado': 'true'}, {'Vista exterior': 'true'}, {'Cerca a gimnasio': 'true'}, {'Cerca a hospitales': 'true'}, {'Cerca a Jardines y Colegios': 'true'}, {'Cerca a parque industrial': 'true'}, {'Cerca a restaurantes': 'true'}, {'Cerca a tiendas de barrio': 'true'}, {'Gimnasio': 'true'}, {'Salón comunal': 'true'}, {'Zona para niños': 'true'}, {'Zonas verdes': 'true'}, {'Bahias de parqueo': 'true'}, {'Circuito cerrado de TV': 'true'}, {'Vista panorámica': 'true'}, {'Conjunto cerrado': 'true'}, {'Número de Ascensores 0': 'true'}, {'Recepción Lobby': 'true'}, {'Terraza/Balcón ninguno': 'true'}, {'Tipo de parqueadero propio': 'true'}, {'Vigilancia 24hrs': 'true'}, {'Cerca Parques': 'true'}, {'Sobre vía principal': 'true'}, {'Sobre vía secundaria': 'true'}, {'Cerca Parques': 'true'}, {'Sobre vía principal': 'true'}, {'Sobre vía secundaria': 'true'}]}",2026-09-16 03:49:31.759743+00:00
https://www.metrocuadrado.com/inmueble/arriendo-apartaestudio-bogota-samper-1-habitaciones-1-banos/18278-M6962548?src_url=%2Finmuebles%2Farriendo%2Fbogota%2F%3Fsearch%3Dform,"{'title': 'Apartaestudio En Arriendo, CENTRO INTERNACIONAL', 'location': 'CENTRO INTERNACIONAL, Bogotá D.C.', 'price': '$ 2.200.000', 'area': None, 'estrato': None, 'main_specs': '1 hab. | 1 bañ.', 'characteristics': [{'Tipo de Cortinas persianas': 'true'}, {'Equipado / Amoblado': 'true'}, {'Puertas de seguridad': 'true'}, {'Zona de lavanderia': 'true'}, {'Extractor': 'true'}, {'Tipo instalación de gas ninguno': 'true'}, {'Luz en la mañana': 'true'}, {'Monoambiente': 'true'}, {'Número de Closets 2': 'true'}, {'Número de piso 6': 'true'}, {'Se Permiten Mascotas': 'true'}, {'Shut de basura': 'true'}, {'Tipo de calentador electrico': 'true'}, {'Tipo de Cocina lineal': 'true'}, {'Tipo comedor sala comedor': 'true'}, {'Depósito 0': 'true'}, {'Tipo de estufa electrica': 'true'}, {'Vista exterior': 'true'}, {'Cerca a gimnasio': 'true'}, {'Cerca a Jardines y Colegios': 'true'}, {'Cerca a restaurantes': 'true'}, {'Cerca a tiendas de barrio': 'true'}, {'Gimnasio': 'true'}, {'Salón comunal': 'true'}, {'Zona de BBQ': 'true'}, {'Acceso con tarjetas o dispositivos': 'true'}, {'Ascensor': 'true'}, {'Acceso para discapacitados': 'true'}, {'Circuito cerrado de TV': 'true'}, {'Conjunto cerrado': 'true'}, {'Número de Ascensores 2': 'true'}, {'Recepción Lobby': 'true'}, {'Terraza Rooftop': 'true'}, {'Vigilancia 24hrs': 'true'}, {'Cerca Centros Comerciales': 'true'}, {'Cerca Colegios / Universidades': 'true'}, {'Cerca Parques': 'true'}, {'Cerca Supermercados': 'true'}, {'Cerca Transporte Público': 'true'}, {'Cerca Centros Comerciales': 'true'}, {'Cerca Colegios / Universidades': 'true'}, {'Cerca Parques': 'true'}, {'Cerca Supermercados': 'true'}, {'Cerca Transporte Público': 'true'}]}",2026-09-16 03:49:37.182756+00:00
https://www.metrocuadrado.com/inmueble/arriendo-apartamento-bogota-acacias-usaquen-2-habitaciones-3-banos-1-garajes/726-M6855392?src_url=%2Finmuebles%2Farriendo%2Fbogota%2F%3Fsearch%3Dform,"{'title': 'Apartamento En Arriendo, CEDRITOS', 'location': 'CEDRITOS, Bogotá D.C.', 'price': '$ 4.800.000', 'area': None, 'estrato': None, 'main_specs': '2 hab. | 3 bañ. | 1 par.', 'characteristics': [{'Con chimenea': 'true'}, {'Citófonos': 'true'}, {'Comedor auxiliar': 'true'}, {'Tipo de Cortinas persianas': 'true'}, {'Cuarto de servicio': 'true'}, {'Estudio o biblioteca': 'true'}, {'Hall de Alcobas': 'true'}, {'Zona de lavanderia': 'true'}, {'Extractor': 'true'}, {'Horno': 'true'}, {'Tipo instalación de gas natural': 'true'}, {'Lavaplatos': 'true'}, {'Número de Closets 2': 'true'}, {'Número de piso 2': 'true'}, {'Se Permite Fumar': 'true'}, {'Se Permiten Mascotas': 'true'}, {'Tipo de calentador gas': 'true'}, {'Tipo de Cocina isla': 'true'}, {'Depósito 1': 'true'}, {'Tipo de estufa gas': 'true'}, {'Tipo de acabado piso madera': 'true'}, {'Tipo de piso en alcobas madera': 'true'}, {'Tipo de piso en estudio madera': 'true'}, {'Vista exterior': 'true'}, {'Cerca a gimnasio': 'true'}, {'Cerca a hospitales': 'true'}, {'Cerca a Jardines y Colegios': 'true'}, {'Cerca a parque industrial': 'true'}, {'Área Terraza/Balcón 20': 'true'}, {'Parqueadero cubierto': 'true'}, {'Vista panorámica': 'true'}, {'Número de Ascensores 0': 'true'}, {'Terraza/Balcón terraza': 'true'}, {'Tipo de parqueadero propio': 'true'}, {'Vigilancia 12hrs': 'true'}, {'Cerca Centros Comerciales': 'true'}, {'Cerca Colegios / Universidades': 'true'}, {'Cerca Parques': 'true'}, {'Cerca Supermercados': 'true'}, {'Sobre vía secundaria': 'true'}, {'Cerca Centros Comerciales': 'true'}, {'Cerca Colegios / Universidades': 'true'}, {'Cerca Parques': 'true'}, {'Cerca Supermercados': 'true'}, {'Sobre vía secundaria': 'true'}]}",2026-09-16 03:49:42.697384+00:00
https://www.metrocuadrado.com/inmueble/arriendo-apartamento-bogota-chico-norte-et.-iii-3-habitaciones-4-banos-4-garajes/MC6843485?src_url=%2Finmuebles%2Farriendo%2Fbogota%2F%3Fsearch%3Dform,"{'title': 'Apartamento En Arriendo, CHICO Zona Urbana', 'location': 'CHICO Zona Urbana, Bogotá D.C.', 'price': '$ 10.000.000', 'area': None, 'estrato': None, 'main_specs': '3 hab. | 4 bañ. | 4 par.', 'characteristics': [{'Baño Auxiliar': 'true'}, {'Con chimenea': 'true'}, {'Citófonos': 'true'}, {'Cocina Tipo Americano': 'true'}, {'Cocina integral': 'true'}, {'Cuarto de servicio': 'true'}, {'Depósito o cuarto útil': 'true'}, {'Jacuzzi': 'true'}, {'Piso en madera': 'true'}, {'Zona de lavanderia': 'true'}, {'Control de ruido': 'true'}, {'Despensa': 'true'}, {'Detección de humo': 'true'}, {'Extractor': 'true'}, {'Horno': 'true'}, {'Luz en la mañana': 'true'}, {'Luz en la tarde': 'true'}, {'Número de piso 8': 'true'}, {'Shut de basura': 'true'}, {'Walking closet': 'true'}, {'Cerca a gimnasio': 'true'}, {'Cerca a restaurantes': 'true'}, {'Salón comunal': 'true'}, {'Sauna y/o turco': 'true'}, {'Zona para niños': 'true'}, {'Zonas verdes': 'true'}, {'Ascensor': 'true'}, {'Características del Parqueadero cubierto': 'true'}, {'Parqueadero visitantes': 'true'}, {'Con Terraza': 'true'}, {'Vigilancia': 'true'}, {'Conjunto cerrado': 'true'}, {'Recepción Lobby': 'true'}, {'Terraza Rooftop': 'true'}, {'Tipo de parqueadero propio': 'true'}, {'Cerca Parques': 'true'}, {'Cerca Transporte Público': 'true'}, {'Área Urbana': 'true'}, {'Cerca Parques': 'true'}, {'Cerca Transporte Público': 'true'}, {'Área Urbana': 'true'}]}",2026-09-16 03:49:48.089974+00:00
https://www.metrocuadrado.com/inmueble/arriendo-apartaestudio-bogota-chico-norte-et.-iii-1-habitaciones-1-banos-1-garajes/MC6705495?src_url=%2Finmuebles%2Farriendo%2Fbogota%2F%3Fsearch%3Dform,"{'title': 'Apartaestudio En Arriendo, Para Estrenar RESERVA CHICO Zona Urbana', 'location': 'Para Estrenar RESERVA CHICO Zona Urbana, Bogotá D.C.', 'price': '$ 3.500.000', 'area': None, 'estrato': None, 'main_specs': '1 hab. | 1 bañ. | 1 par.', 'characteristics': [{'Depósito o cuarto útil': 'true'}, {'Equipado / Amoblado': 'true'}, {'Piso en madera': 'true'}, {'Zona de lavanderia': 'true'}, {'Detección de humo': 'true'}, {'Extractor': 'true'}, {'Horno': 'true'}, {'Luz en la mañana': 'true'}, {'Luz en la tarde': 'true'}, {'Número de piso 7': 'true'}, {'Puerta eléctrica': 'true'}, {'Shut de basura': 'true'}, {'Cerca a gimnasio': 'true'}, {'Cerca a hospitales': 'true'}, {'Cerca a Jardines y Colegios': 'true'}, {'Cerca a restaurantes': 'true'}, {'Cerca a tiendas de barrio': 'true'}, {'Salón comunal': 'true'}, {'Zona para niños': 'true'}, {'Zonas verdes': 'true'}, {'Acceso con tarjetas o dispositivos': 'true'}, {'Ascensor': 'true'}, {'Características del Parqueadero cubierto': 'true'}, {'Parqueadero visitantes': 'true'}, {'Con Terraza': 'true'}, {'Vigilancia': 'true'}, {'Recepción Lobby': 'true'}, {'Roof garden': 'true'}, {'Terraza Rooftop': 'true'}, {'Tipo de parqueadero propio': 'true'}, {'Cerca Centros Comerciales': 'true'}, {'Cerca Parques': 'true'}, {'Cerca Supermercados': 'true'}, {'Cerca Transporte Público': 'true'}, {'Ubicación zona centros negocios': 'true'}, {'Área Urbana': 'true'}, {'Cerca Centros Comerciales': 'true'}, {'Cerca Parques': 'true'}, {'Cerca Supermercados': 'true'}, {'Cerca Transporte Público': 'true'}, {'Ubicación zona centros negocios': 'true'}, {'Área Urbana': 'true'}]}",2026-09-16 03:49:54.185017+00:00
https://www.metrocuadrado.com/inmueble/arriendo-apartamento-bogota-conejera-4-habitaciones-5-banos-2-garajes/MC6782559?src_url=%2Finmuebles%2Farriendo%2Fbogota%2F%3Fsearch%3Dform,"{'title': 'Apartamento En Arriendo, CONEJERA Guaymaral', 'location': 'CONEJERA Guaymaral, Bogotá D.C.', 'price': '$ 6.000.000', 'area': None, 'estrato': None, 'main_specs': '4 hab. | 5 bañ. | 2 par.', 'characteristics': [{'Baño Auxiliar': 'true'}, {'Baño de Servicio': 'true'}, {'Con chimenea': 'true'}, {'Cocina integral': 'true'}, {'Cuarto de servicio': 'true'}, {'Depósito o cuarto útil': 'true'}, {'Estudio o biblioteca': 'true'}, {'Zona de lavanderia': 'true'}, {'Extractor': 'true'}, {'Horno': 'true'}, {'Lavaplatos': 'true'}, {'Luz en la mañana': 'true'}, {'Luz en la tarde': 'true'}, {'Número de piso 1': 'true'}, {'Shut de basura': 'true'}, {'Cerca a gimnasio': 'true'}, {'Cerca a Jardines y Colegios': 'true'}, {'Cancha(s) de Fútbol': 'true'}, {'Cancha(s) de Tennis': 'true'}, {'Jaula de Golf': 'true'}, {'Salón comunal': 'true'}, {'Sauna y/o turco': 'true'}, {'Zona para niños': 'true'}, {'Zonas verdes': 'true'}, {'Acceso con tarjetas o dispositivos': 'true'}, {'Ascensor': 'true'}, {'Bahias de parqueo': 'true'}, {'Características del Parqueadero cubierto': 'true'}, {'Parqueadero visitantes': 'true'}, {'Piscina': 'true'}, {'Con Terraza': 'true'}, {'Vigilancia': 'true'}, {'Conjunto cerrado': 'true'}, {'Terraza Rooftop': 'true'}, {'Tipo de parqueadero propio': 'true'}, {'Cerca Colegios / Universidades': 'true'}, {'Cerca Parques': 'true'}, {'Área Rural': 'true'}, {'Cerca Colegios / Universidades': 'true'}, {'Cerca Parques': 'true'}, {'Área Rural': 'true'}]}",2026-09-16 03:50:00.082388+00:00
https://www.metrocuadrado.com/inmueble/arriendo-apartamento-bogota-samper-1-habitaciones-2-banos-1-garajes/MC5318396?src_url=%2Finmuebles%2Farriendo%2Fbogota%2F%3Fsearch%3Dform,"{'title': 'Apartamento En Arriendo, CENTRO INTERNACIONAL BAVARIA Centro Y Zona Colonial', 'location': 'CENTRO INTERNACIONAL BAVARIA Centro Y Zona Colonial, Bogotá D.C.', 'price': '$ 3.800.000', 'area': None, 'estrato': None, 'main_specs': '1 hab. | 2 bañ. | 1 par.', 'characteristics': [{'Baño Auxiliar': 'true'}, {'Citófonos': 'true'}, {'Cocina integral': 'true'}, {'Piso en madera': 'true'}, {'Zona de lavanderia': 'true'}, {'Luz en la mañana': 'true'}, {'Luz en la tarde': 'true'}, {'Número de piso 23': 'true'}, {'Walking closet': 'true'}, {'Cerca a gimnasio': 'true'}, {'Cerca a Jardines y Colegios': 'true'}, {'Cerca a restaurantes': 'true'}, {'Cerca a tiendas de barrio': 'true'}, {'Salón comunal': 'true'}, {'Sauna y/o turco': 'true'}, {'Ascensor': 'true'}, {'Características del Parqueadero cubierto': 'true'}, {'Piscina': 'true'}, {'Con Terraza': 'true'}, {'Vigilancia': 'true'}, {'Recepción Lobby': 'true'}, {'Terraza Rooftop': 'true'}, {'Tipo de parqueadero propio': 'true'}, {'Cerca Centros Comerciales': 'true'}, {'Cerca Colegios / Universidades': 'true'}, {'Cerca Parques': 'true'}, {'Cerca Supermercados': 'true'}, {'Cerca Transporte Público': 'true'}, {'Área Urbana': 'true'}, {'Cerca Centros Comerciales': 'true'}, {'Cerca Colegios / Universidades': 'true'}, {'Cerca Parques': 'true'}, {'Cerca Supermercados': 'true'}, {'Cerca Transporte Público': 'true'}, {'Área Urbana': 'true'}]}",2026-09-16 03:50:06.308593+00:00
