url,information,date_time
https://www.metrocuadrado.com/inmueble/arriendo-bodega-bogota-colombia/17061-M6856276?src_url=%2Finmuebles%2Farriendo%2Fbogota,"{'title': 'Bodega En Arriendo, BARRIOS UNIDOS', 'location': 'BARRIOS UNIDOS, Bogotá D.C.', 'price': '$ 3.800.000', 'area': None, 'estrato': None, 'main_specs': None, 'characteristics': [{'Con oficinas': 'true'}, {'Número bodega 1': 'true'}, {'Tipo bodega industrial': 'true'}, {'Tipo de acabado piso cerámica': 'true'}, {'Cerca a gimnasio': 'true'}, {'Cerca a hospitales': 'true'}, {'Cerca a parque industrial': 'true'}, {'Baños Públicos': 'true'}, {'Cerca Centros Comerciales': 'true'}, {'Cerca Colegios / Universidades': 'true'}, {'Cerca Parques': 'true'}, {'Cerca Supermercados': 'true'}, {'Cerca Transporte Público': 'true'}, {'Cerca Centros Comerciales': 'true'}, {'Cerca Colegios / Universidades': 'true'}, {'Cerca Parques': 'true'}, {'Cerca Supermercados': 'true'}, {'Cerca Transporte Público': 'true'}]}",2026-07-28 08:59:36.562525+00:00
https://www.metrocuadrado.com/inmueble/arriendo-apartamento-bogota-santa-bibiana-1-habitaciones-2-banos-1-garajes/3395-M2826405?src_url=%2Finmuebles%2Farriendo%2Fbogota,"{'title': 'Apartamento En Arriendo, CHICO NAVARRA', 'location': 'CHICO NAVARRA, Bogotá D.C.', 'price': '$ 2.500.000', 'area': None, 'estrato': None, 'main_specs': '1 hab. | 2 bañ. | 1 par.', 'characteristics': [{'Citófonos': 'true'}, {'Comedor auxiliar': 'true'}, {'Tipo de Cortinas persianas': 'true'}, {'Zona de lavanderia': 'true'}, {'Extractor': 'true'}, {'Horno': 'true'}, {'Tipo instalación de gas natural': 'true'}, {'Lavaplatos': 'true'}, {'Luz en la tarde': 'true'}, {'Número de Closets 1': 'true'}, {'Número de piso 4': 'true'}, {'Shut de basura': 'true'}, {'Tipo de calentador electrico': 'true'}, {'Tipo de Cocina lineal': 'true'}, {'Tipo comedor sala comedor': 'true'}, {'Depósito 1': 'true'}, {'Tipo de estufa gas': 'true'}, {'Tipo de acabado piso laminado': 'true'}, {'Tipo de piso en alcobas laminado': 'true'}, {'Vista interior': 'true'}, {'Cerca a gimnasio': 'true'}, {'Cerca a restaurantes': 'true'}, {'Salón comunal': 'true'}, {'Zona de BBQ': 'true'}, {'Ascensor': 'true'}, {'Acceso para discapacitados': 'true'}, {'Circuito cerrado de TV': 'true'}, {'Parqueadero cubierto': 'true'}, {'Conjunto cerrado': 'true'}, {'Número de Ascensores 1': 'true'}, {'Terraza/Balcón ninguno': 'true'}, {'Tipo de parqueadero independiente': 'true'}, {'Vigilancia 24hrs': 'true'}, {'Cerca Colegios / Universidades': 'true'}, {'Cerca Transporte Público': 'true'}, {'Sobre vía secundaria': 'true'}, {'Cerca Colegios / Universidades': 'true'}, {'Cerca Transporte Público': 'true'}, {'Sobre vía secundaria': 'true'}]}",2026-07-28 08:59:41.440113+00:00
https://www.metrocuadrado.com/inmueble/arriendo-oficina-bogota-emaus-5-banos-3-garajes/2489-M6063321?src_url=%2Finmuebles%2Farriendo%2Fbogota,"{'title': 'Oficina En Arriendo, LOS ROSALES EMAUS', 'location': 'LOS ROSALES EMAUS, Bogotá D.C.', 'price': '$ 14.000.000', 'area': None, 'estrato': None, 'main_specs': '5 bañ. | 3 par.', 'characteristics': [{'Equipado / Amoblado': 'true'}, {'Número de piso 1': 'true'}, {'Tipo de oficina edificio': 'true'}, {'Vista exterior': 'true'}, {'Ascensor': 'true'}, {'Parqueadero cubierto': 'true'}, {'Número de Ascensores 1': 'true'}, {'Vigilancia 0': 'true'}]}",2026-07-28 08:59:46.205723+00:00
https://www.metrocuadrado.com/inmueble/arriendo-apartamento-bogota-san-gabriel-norte-1-habitaciones-2-banos-1-garajes/MC5080914?src_url=%2Finmuebles%2Farriendo%2Fbogota,"{'title': 'Apartamento En Arriendo, BELLA SUIZA ALTA Santa Bárbara', 'location': 'BELLA SUIZA ALTA Santa Bárbara , Bogotá D.C.', 'price': '$ 2.900.000', 'area': None, 'estrato': None, 'main_specs': '1 hab. | 2 bañ. | 1 par.', 'characteristics': [{'Baño Auxiliar': 'true'}, {'Citófonos': 'true'}, {'Cocina Tipo Americano': 'true'}, {'Cocina integral': 'true'}, {'Depósito o cuarto útil': 'true'}, {'Estudio o biblioteca': 'true'}, {'Piso en baldosa': 'true'}, {'Piso en madera': 'true'}, {'Piso en porcelanato': 'true'}, {'Zona de lavanderia': 'true'}, {'Número de piso 302': 'true'}, {'Salón comunal': 'true'}, {'Ubicado en edificio': 'true'}, {'Ascensor': 'true'}, {'Características del Parqueadero cubierto': 'true'}, {'Cuarto de escoltas': 'true'}, {'Parqueadero visitantes': 'true'}, {'Con Terraza': 'true'}, {'Vigilancia': 'true'}, {'Conjunto cerrado': 'true'}, {'Recepción Lobby': 'true'}, {'Tipo de parqueadero propio': 'true'}, {'Cerca Centros Comerciales': 'true'}, {'Cerca Colegios / Universidades': 'true'}, {'Cerca Parques': 'true'}, {'Cerca Supermercados': 'true'}, {'Cerca Transporte Público': 'true'}, {'Área Rural': 'true'}, {'Ubicación zona centros negocios': 'true'}, {'Área Urbana': 'true'}, {'Cerca Centros Comerciales': 'true'}, {'Cerca Colegios / Universidades': 'true'}, {'Cerca Parques': 'true'}, {'Cerca Supermercados': 'true'}, {'Cerca Transporte Público': 'true'}, {'Área Rural': 'true'}, {'Ubicación zona centros negocios': 'true'}, {'Área Urbana': 'true'}]}",2026-07-28 08:59:51.955550+00:00
https://www.metrocuadrado.com/inmueble/arriendo-apartamento-bogota-chico-4-habitaciones-5-banos-2-garajes/MC6827251?src_url=%2Finmuebles%2Farriendo%2Fbogota,"{'title': 'Apartamento En Arriendo, CHICO VIRREY Zona Urbana', 'location': 'CHICO VIRREY Zona Urbana, Bogotá D.C.', 'price': '$ 17.000.000', 'area': None, 'estrato': None, 'main_specs': '4 hab. | 5 bañ. | 2 par.', 'characteristics': [{'Baño Auxiliar': 'true'}, {'Baño de Servicio': 'true'}, {'Citófonos': 'true'}, {'Cocina Tipo Americano': 'true'}, {'Cocina integral': 'true'}, {'Cuarto de servicio': 'true'}, {'Piso en madera': 'true'}, {'Zona de lavanderia': 'true'}, {'Horno': 'true'}, {'Luz en la mañana': 'true'}, {'Luz en la tarde': 'true'}, {'Número de piso 3': 'true'}, {'Puerta eléctrica': 'true'}, {'Shut de basura': 'true'}, {'Walking closet': 'true'}, {'Cerca a gimnasio': 'true'}, {'Cerca a Jardines y Colegios': 'true'}, {'Cerca a restaurantes': 'true'}, {'Cerca a tiendas de barrio': 'true'}, {'Salón comunal': 'true'}, {'Sauna y/o turco': 'true'}, {'Zonas verdes': 'true'}, {'Ascensor': 'true'}, {'Características del Parqueadero cubierto': 'true'}, {'Parqueadero visitantes': 'true'}, {'Con Terraza': 'true'}, {'Vigilancia': 'true'}, {'Recepción Lobby': 'true'}, {'Tipo de parqueadero propio': 'true'}, {'Cerca Centros Comerciales': 'true'}, {'Cerca Colegios / Universidades': 'true'}, {'Cerca Parques': 'true'}, {'Cerca Supermercados': 'true'}, {'Cerca Transporte Público': 'true'}, {'Área Urbana': 'true'}, {'Cerca Centros Comerciales': 'true'}, {'Cerca Colegios / Universidades': 'true'}, {'Cerca Parques': 'true'}, {'Cerca Supermercados': 'true'}, {'Cerca Transporte Público': 'true'}, {'Área Urbana': 'true'}]}",2026-07-28 08:59:57.872948+00:00
https://www.metrocuadrado.com/inmueble/arriendo-apartamento-bogota-el-nogal-4-habitaciones-4-banos-2-garajes/MC6885032?src_url=%2Finmuebles%2Farriendo%2Fbogota,"{'title': 'Apartamento En Arriendo, EL RETIRO EL NOGAL Zona Urbana', 'location': 'EL RETIRO EL NOGAL Zona Urbana, Bogotá D.C.', 'price': '$ 9.000.000', 'area': None, 'estrato': None, 'main_specs': '4 hab. | 4 bañ. | 2 par.', 'characteristics': [{'Baño Auxiliar': 'true'}, {'Baño de Servicio': 'true'}, {'Con chimenea': 'true'}, {'Citófonos': 'true'}, {'Cocina integral': 'true'}, {'Cuarto de servicio': 'true'}, {'Piso en madera': 'true'}, {'Zona de lavanderia': 'true'}, {'Horno': 'true'}, {'Número de piso 3': 'true'}, {'Cerca a gimnasio': 'true'}, {'Cerca a hospitales': 'true'}, {'Cerca a Jardines y Colegios': 'true'}, {'Cerca a restaurantes': 'true'}, {'Cerca a tiendas de barrio': 'true'}, {'Ubicado en edificio': 'true'}, {'Ascensor': 'true'}, {'Características del Parqueadero cubierto': 'true'}, {'Parqueadero visitantes': 'true'}, {'Vigilancia': 'true'}, {'Recepción Lobby': 'true'}, {'Tipo de parqueadero propio': 'true'}, {'Cerca Centros Comerciales': 'true'}, {'Cerca Colegios / Universidades': 'true'}, {'Cerca Parques': 'true'}, {'Cerca Supermercados': 'true'}, {'Cerca Transporte Público': 'true'}, {'Ubicación zona centros negocios': 'true'}, {'Área Urbana': 'true'}, {'Cerca Centros Comerciales': 'true'}, {'Cerca Colegios / Universidades': 'true'}, {'Cerca Parques': 'true'}, {'Cerca Supermercados': 'true'}, {'Cerca Transporte Público': 'true'}, {'Ubicación zona centros negocios': 'true'}, {'Área Urbana': 'true'}]}",2026-07-28 09:00:03.700998+00:00
https://www.metrocuadrado.com/inmueble/arriendo-apartamento-bogota-ingemar-1-habitaciones-2-banos-1-garajes/MC6276023?src_url=%2Finmuebles%2Farriendo%2Fbogota,"{'title': 'Apartamento En Arriendo, CHAPINERO ALTO EL CASTILLO Chapinero Alto', 'location': 'CHAPINERO ALTO EL CASTILLO Chapinero Alto, Bogotá D.C.', 'price': '$ 2.150.000', 'area': None, 'estrato': None, 'main_specs': '1 hab. | 2 bañ. | 1 par.', 'characteristics': [{'Citófonos': 'true'}, {'Cocina Tipo Americano': 'true'}, {'Cocina integral': 'true'}, {'Piso en baldosa': 'true'}, {'Zona de lavanderia': 'true'}, {'Extractor': 'true'}, {'Número de piso 2': 'true'}, {'Shut de basura': 'true'}, {'Ubicado en edificio': 'true'}, {'Ascensor': 'true'}, {'Características del Parqueadero cubierto': 'true'}, {'Parqueadero visitantes': 'true'}, {'Piscina': 'true'}, {'Con Terraza': 'true'}, {'Vigilancia': 'true'}, {'Conjunto cerrado': 'true'}, {'Recepción Lobby': 'true'}, {'Tipo de parqueadero propio': 'true'}, {'Cerca Centros Comerciales': 'true'}, {'Cerca Colegios / Universidades': 'true'}, {'Cerca Supermercados': 'true'}, {'Área Rural': 'true'}, {'Área Urbana': 'true'}, {'Cerca Centros Comerciales': 'true'}, {'Cerca Colegios / Universidades': 'true'}, {'Cerca Supermercados': 'true'}, {'Área Rural': 'true'}, {'Área Urbana': 'true'}]}",2026-07-28 09:00:08.997904+00:00
https://www.metrocuadrado.com/inmueble/arriendo-apartamento-bogota-bellavista-1-habitaciones-1-banos-1-garajes/MC6881385?src_url=%2Finmuebles%2Farriendo%2Fbogota,"{'title': 'Apartamento En Arriendo, LAS ROSALES Zona Urbana', 'location': 'LAS ROSALES Zona Urbana, Bogotá D.C.', 'price': '$ 3.200.000', 'area': None, 'estrato': None, 'main_specs': '1 hab. | 1 bañ. | 1 par.', 'characteristics': [{'Baño de Servicio': 'true'}, {'Con chimenea': 'true'}, {'Citófonos': 'true'}, {'Cocina Tipo Americano': 'true'}, {'Cocina integral': 'true'}, {'Depósito o cuarto útil': 'true'}, {'Piso en baldosa': 'true'}, {'Piso en madera': 'true'}, {'Zona de lavanderia': 'true'}, {'Control de ruido': 'true'}, {'Despensa': 'true'}, {'Extractor': 'true'}, {'Horno': 'true'}, {'Luz en la mañana': 'true'}, {'Luz en la tarde': 'true'}, {'Monoambiente': 'true'}, {'Número de piso 4': 'true'}, {'Shut de basura': 'true'}, {'Cerca a gimnasio': 'true'}, {'Cerca a hospitales': 'true'}, {'Cerca a Jardines y Colegios': 'true'}, {'Cerca a restaurantes': 'true'}, {'Cerca a tiendas de barrio': 'true'}, {'Salón comunal': 'true'}, {'Ubicado en edificio': 'true'}, {'Ascensor': 'true'}, {'Bahias de parqueo': 'true'}, {'Características del Parqueadero cubierto': 'true'}, {'Parqueadero visitantes': 'true'}, {'Con Terraza': 'true'}, {'Vigilancia': 'true'}, {'Conjunto cerrado': 'true'}, {'Recepción Lobby': 'true'}, {'Tipo de parqueadero propio': 'true'}, {'Vivienda Bifamiliar': 'true'}, {'Cerca Centros Comerciales': 'true'}, {'Cerca Colegios / Universidades': 'true'}, {'Cerca Parques': 'true'}, {'Cerca Supermercados': 'true'}, {'Cerca Transporte Público': 'true'}, {'Ubicación zona centros negocios': 'true'}, {'Área Urbana': 'true'}, {'Cerca Centros Comerciales': 'true'}, {'Cerca Colegios / Universidades': 'true'}, {'Cerca Parques': 'true'}, {'Cerca Supermercados': 'true'}, {'Cerca Transporte Público': 'true'}, {'Ubicación zona centros negocios': 'true'}, {'Área Urbana': 'true'}]}",2026-07-28 09:00:15.235103+00:00
https://www.metrocuadrado.com/inmueble/arriendo-consultorio-bogota-lago-gaitan-1-banos/MC6872230?src_url=%2Finmuebles%2Farriendo%2Fbogota,"{'title': 'Consultorio En Arriendo, EL LAGO GAITAN Zona Urbana', 'location': 'EL LAGO GAITAN Zona Urbana, Bogotá D.C.', 'price': '$ 1.756.000', 'area': None, 'estrato': None, 'main_specs': '1 bañ.', 'characteristics': [{'Citófonos': 'true'}, {'Piso en baldosa': 'true'}, {'Escalera de Emergencia': 'true'}, {'Número de piso 2': 'true'}, {'Puerta de seguridad': 'true'}, {'Ubicado en edificio': 'true'}, {'Ascensor': 'true'}, {'Baños Públicos': 'true'}, {'Vigilancia': 'true'}, {'Recepción Lobby': 'true'}, {'Cerca Centros Comerciales': 'true'}, {'Cerca Colegios / Universidades': 'true'}, {'Cerca Supermercados': 'true'}, {'Cerca Transporte Público': 'true'}, {'Ubicación zona centros negocios': 'true'}, {'Cerca Centros Comerciales': 'true'}, {'Cerca Colegios / Universidades': 'true'}, {'Cerca Supermercados': 'true'}, {'Cerca Transporte Público': 'true'}, {'Ubicación zona centros negocios': 'true'}]}",2026-07-28 09:00:20.505013+00:00
https://www.metrocuadrado.com/inmueble/arriendo-bodega-bogota-san-patricio/MC6544915?src_url=%2Finmuebles%2Farriendo%2Fbogota,"{'title': 'Bodega En Arriendo, CHICO SAN PATRICIO Zona Urbana', 'location': 'CHICO SAN PATRICIO Zona Urbana, Bogotá D.C.', 'price': '$ 1.800.000', 'area': None, 'estrato': None, 'main_specs': None, 'characteristics': [{'Tipo bodega almacenamiento': 'true'}, {'Bahias de parqueo': 'true'}, {'Área Urbana': 'true'}, {'Cerca Centros Comerciales': 'true'}, {'Cerca Transporte Público': 'true'}, {'Restaurantes': 'true'}, {'Ubicación zona centros negocios': 'true'}, {'Área Urbana': 'true'}, {'Cerca Centros Comerciales': 'true'}, {'Cerca Transporte Público': 'true'}, {'Restaurantes': 'true'}, {'Ubicación zona centros negocios': 'true'}]}",2026-07-28 09:00:25.838332+00:00
https://www.metrocuadrado.com/sistema-alarma-seguridad?cd_origin=result_result-grid_detail-card,"{'title': None, 'location': None, 'price': None, 'area': None, 'estrato': None, 'main_specs': None, 'characteristics': [{'key_0': 'true'}]}",2026-07-28 09:01:30.005569+00:00
https://www.metrocuadrado.com/inmueble/arriendo-apartaestudio-bogota-la-asuncion-1-habitaciones-1-banos/MC6808199?src_url=%2Finmuebles%2Farriendo%2Fbogota,"{'title': 'Apartaestudio En Arriendo, LA ASUNCION Puente Aranda', 'location': 'LA ASUNCION Puente Aranda, Bogotá D.C.', 'price': '$ 1.200.000', 'area': None, 'estrato': None, 'main_specs': '1 hab. | 1 bañ.', 'characteristics': [{'Cocina Tipo Americano': 'true'}, {'Cocina integral': 'true'}, {'Piso en baldosa': 'true'}, {'Zona de lavanderia': 'true'}, {'Extractor': 'true'}, {'Lavaplatos': 'true'}, {'Luz en la mañana': 'true'}, {'Número de piso 2': 'true'}, {'Cerca a hospitales': 'true'}, {'Cerca a Jardines y Colegios': 'true'}, {'Cerca a restaurantes': 'true'}, {'Cerca a tiendas de barrio': 'true'}, {'Ubicado en edificio': 'true'}, {'Acceso con tarjetas o dispositivos': 'true'}, {'Cerca Centros Comerciales': 'true'}, {'Cerca Colegios / Universidades': 'true'}, {'Cerca Parques': 'true'}, {'Cerca Supermercados': 'true'}, {'Cerca Transporte Público': 'true'}, {'Área Urbana': 'true'}, {'Cerca Centros Comerciales': 'true'}, {'Cerca Colegios / Universidades': 'true'}, {'Cerca Parques': 'true'}, {'Cerca Supermercados': 'true'}, {'Cerca Transporte Público': 'true'}, {'Área Urbana': 'true'}]}",2026-07-28 09:01:35.218426+00:00
https://www.metrocuadrado.com/inmueble/arriendo-apartamento-bogota-cedro-salazar-2-habitaciones-2-banos-1-garajes/MC6339134?src_url=%2Finmuebles%2Farriendo%2Fbogota,"{'title': 'Apartamento En Arriendo, CEDRITOS Cedritos', 'location': 'CEDRITOS Cedritos, Bogotá D.C.', 'price': '$ 2.490.000', 'area': None, 'estrato': None, 'main_specs': '2 hab. | 2 bañ. | 1 par.', 'characteristics': [{'Baño Auxiliar': 'true'}, {'Citófonos': 'true'}, {'Cocina Tipo Americano': 'true'}, {'Cocina integral': 'true'}, {'Depósito o cuarto útil': 'true'}, {'Piso en madera': 'true'}, {'Zona de lavanderia': 'true'}, {'Extractor': 'true'}, {'Horno': 'true'}, {'Lavaplatos': 'true'}, {'Luz en la mañana': 'true'}, {'Luz en la tarde': 'true'}, {'Número de piso 3': 'true'}, {'Shut de basura': 'true'}, {'Walking closet': 'true'}, {'Cerca a gimnasio': 'true'}, {'Cerca a hospitales': 'true'}, {'Cerca a Jardines y Colegios': 'true'}, {'Cerca a restaurantes': 'true'}, {'Cerca a tiendas de barrio': 'true'}, {'Zonas verdes': 'true'}, {'Acceso con tarjetas o dispositivos': 'true'}, {'Ascensor': 'true'}, {'Características del Parqueadero cubierto': 'true'}, {'Parqueadero visitantes': 'true'}, {'Vigilancia': 'true'}, {'Parqueadero inteligente': 'true'}, {'Recepción Lobby': 'true'}, {'Tipo de parqueadero independiente': 'true'}, {'Cerca Centros Comerciales': 'true'}, {'Cerca Colegios / Universidades': 'true'}, {'Cerca Parques': 'true'}, {'Cerca Supermercados': 'true'}, {'Cerca Transporte Público': 'true'}, {'Área Urbana': 'true'}, {'Cerca Centros Comerciales': 'true'}, {'Cerca Colegios / Universidades': 'true'}, {'Cerca Parques': 'true'}, {'Cerca Supermercados': 'true'}, {'Cerca Transporte Público': 'true'}, {'Área Urbana': 'true'}]}",2026-07-28 09:01:40.998568+00:00
https://www.metrocuadrado.com/inmueble/arriendo-apartamento-bogota-bella-suiza-1-habitaciones-2-banos-1-garajes/MC6855481?src_url=%2Finmuebles%2Farriendo%2Fbogota,"{'title': 'Apartamento En Arriendo, BELLA SUIZA Zona Urbana', 'location': 'BELLA SUIZA Zona Urbana, Bogotá D.C.', 'price': '$ 2.800.000', 'area': None, 'estrato': None, 'main_specs': '1 hab. | 2 bañ. | 1 par.', 'characteristics': [{'Baño Auxiliar': 'true'}, {'Con chimenea': 'true'}, {'Citófonos': 'true'}, {'Cocina integral': 'true'}, {'Depósito o cuarto útil': 'true'}, {'Piso en madera': 'true'}, {'Piso en porcelanato': 'true'}, {'Zona de lavanderia': 'true'}, {'Extractor': 'true'}, {'Horno': 'true'}, {'Lavaplatos': 'true'}, {'Luz en la mañana': 'true'}, {'Luz en la tarde': 'true'}, {'Número de piso 2': 'true'}, {'Shut de basura': 'true'}, {'Ubicado en edificio': 'true'}, {'Ascensor': 'true'}, {'Bahias de parqueo': 'true'}, {'Características del Parqueadero cubierto': 'true'}, {'Parqueadero visitantes': 'true'}, {'Vigilancia': 'true'}, {'Recepción Lobby': 'true'}, {'Tipo de parqueadero propio': 'true'}, {'Cerca Centros Comerciales': 'true'}, {'Cerca Colegios / Universidades': 'true'}, {'Cerca Parques': 'true'}, {'Cerca Supermercados': 'true'}, {'Cerca Transporte Público': 'true'}, {'Área Rural': 'true'}, {'Ubicación zona centros negocios': 'true'}, {'Área Urbana': 'true'}, {'Cerca Centros Comerciales': 'true'}, {'Cerca Colegios / Universidades': 'true'}, {'Cerca Parques': 'true'}, {'Cerca Supermercados': 'true'}, {'Cerca Transporte Público': 'true'}, {'Área Rural': 'true'}, {'Ubicación zona centros negocios': 'true'}, {'Área Urbana': 'true'}]}",2026-07-28 09:01:46.457188+00:00
https://www.metrocuadrado.com/inmueble/arriendo-local-comercial-bogota-la-castellana/18479-M6892642?src_url=%2Finmuebles%2Farriendo%2Fbogota,"{'title': 'Local Comercial En Arriendo, LA CASTELLANA', 'location': 'LA CASTELLANA, Bogotá D.C.', 'price': '$ 36.500.000', 'area': None, 'estrato': None, 'main_specs': None, 'characteristics': [{'Alarma': 'true'}, {'Citófonos': 'true'}, {'Depósito Bodega': 'true'}, {'Número de líneas teléfonicas 0': 'true'}, {'Número local 1': 'true'}, {'Número de piso 3': 'true'}, {'Tipo local afueras centro comercial': 'true'}, {'Tipo de acabado piso baldosa': 'true'}, {'Ventilación Natural': 'true'}, {'Vista exterior': 'true'}, {'Cerca a hospitales': 'true'}, {'Ubicado en edificio': 'true'}, {'Acceso con tarjetas o dispositivos': 'true'}, {'&Aacute;rea del lote 720': 'true'}, {'Acceso para discapacitados': 'true'}, {'Circuito cerrado de TV': 'true'}, {'En oficinas': 'true'}, {'En supermercado': 'true'}, {'Sistema contra incendio': 'true'}, {'Vigilancia 24hrs': 'true'}, {'Cerca Centros Comerciales': 'true'}, {'Cerca Colegios / Universidades': 'true'}, {'Cerca Parques': 'true'}, {'Cerca Supermercados': 'true'}, {'Cerca Transporte Público': 'true'}, {'Sobre vía secundaria': 'true'}, {'Cerca Centros Comerciales': 'true'}, {'Cerca Colegios / Universidades': 'true'}, {'Cerca Parques': 'true'}, {'Cerca Supermercados': 'true'}, {'Cerca Transporte Público': 'true'}, {'Sobre vía secundaria': 'true'}]}",2026-07-28 09:01:51.326367+00:00
https://www.metrocuadrado.com/inmueble/arriendo-apartamento-bogota-san-martin-1-habitaciones-1-banos/MC5191252?src_url=%2Finmuebles%2Farriendo%2Fbogota,"{'title': 'Apartamento En Arriendo, SAN MARTIN CENTRO Centro Internacional', 'location': 'SAN MARTIN CENTRO Centro Internacional, Bogotá D.C.', 'price': '$ 2.200.000', 'area': None, 'estrato': None, 'main_specs': '1 hab. | 1 bañ.', 'characteristics': [{'Baño de Servicio': 'true'}, {'Citófonos': 'true'}, {'Cocina integral': 'true'}, {'Equipado / Amoblado': 'true'}, {'Piso en baldosa': 'true'}, {'Número de piso 13': 'true'}, {'Salón comunal': 'true'}, {'Ubicado en edificio': 'true'}, {'Ascensor': 'true'}, {'Parqueadero visitantes': 'true'}, {'Con Terraza': 'true'}, {'Vivienda Bifamiliar': 'true'}, {'Cerca Centros Comerciales': 'true'}, {'Cerca Colegios / Universidades': 'true'}, {'Cerca Parques': 'true'}, {'Cerca Supermercados': 'true'}, {'Cerca Transporte Público': 'true'}, {'Ubicación zona centros negocios': 'true'}, {'Área Urbana': 'true'}, {'Cerca Centros Comerciales': 'true'}, {'Cerca Colegios / Universidades': 'true'}, {'Cerca Parques': 'true'}, {'Cerca Supermercados': 'true'}, {'Cerca Transporte Público': 'true'}, {'Ubicación zona centros negocios': 'true'}, {'Área Urbana': 'true'}]}",2026-07-28 09:01:56.614479+00:00
https://www.metrocuadrado.com/inmueble/arriendo-apartamento-bogota-san-luis-2-habitaciones-2-banos-1-garajes/MC6884698?src_url=%2Finmuebles%2Farriendo%2Fbogota,"{'title': 'Apartamento En Arriendo, San Luis Galerias Chapinero', 'location': 'San Luis Galerias Chapinero, Bogotá D.C.', 'price': '$ 2.938.000', 'area': None, 'estrato': None, 'main_specs': '2 hab. | 2 bañ. | 1 par.', 'characteristics': [{'Baño Auxiliar': 'true'}, {'Citófonos': 'true'}, {'Cocina integral': 'true'}, {'Piso en madera': 'true'}, {'Zona de lavanderia': 'true'}, {'Luz en la mañana': 'true'}, {'Luz en la tarde': 'true'}, {'Número de piso 4': 'true'}, {'Ubicado en edificio': 'true'}, {'Ascensor': 'true'}, {'Características del Parqueadero cubierto': 'true'}, {'Vigilancia': 'true'}, {'Conjunto cerrado': 'true'}, {'Recepción Lobby': 'true'}, {'Tipo de parqueadero propio': 'true'}, {'Cerca Centros Comerciales': 'true'}, {'Cerca Colegios / Universidades': 'true'}, {'Cerca Parques': 'true'}, {'Cerca Supermercados': 'true'}, {'Cerca Transporte Público': 'true'}, {'Área Urbana': 'true'}, {'Cerca Centros Comerciales': 'true'}, {'Cerca Colegios / Universidades': 'true'}, {'Cerca Parques': 'true'}, {'Cerca Supermercados': 'true'}, {'Cerca Transporte Público': 'true'}, {'Área Urbana': 'true'}]}",2026-07-28 09:02:01.877241+00:00
https://www.metrocuadrado.com/inmueble/arriendo-apartamento-bogota-jose-joaquin-vargas-1-habitaciones-1-banos/19935-M6441179?src_url=%2Finmuebles%2Farriendo%2Fbogota,"{'title': 'Apartamento En Arriendo, MODELO NORTE', 'location': 'MODELO NORTE, Bogotá D.C.', 'price': '$ 1.680.000', 'area': None, 'estrato': None, 'main_specs': '1 hab. | 1 bañ.', 'characteristics': [{'Apto para niños': 'true'}, {'Citófonos': 'true'}, {'Tipo de Cortinas persianas': 'true'}, {'Zona de lavanderia': 'true'}, {'Despensa': 'true'}, {'Detección de humo': 'true'}, {'En interior y/o bloque': 'true'}, {'Extractor': 'true'}, {'Horno': 'true'}, {'Tipo instalación de gas natural': 'true'}, {'Luz en la mañana': 'true'}, {'Luz en la tarde': 'true'}, {'Número de Closets 1': 'true'}, {'Número de piso 7': 'true'}, {'Se Permite Fumar': 'true'}, {'Se Permiten Mascotas': 'true'}, {'Shut de basura': 'true'}, {'Tipo de calentador gas': 'true'}, {'Tipo de Cocina paralela': 'true'}, {'Tipo comedor sala comedor': 'true'}, {'Depósito 0': 'true'}, {'Tipo de estufa gas': 'true'}, {'Tipo de acabado piso laminado': 'true'}, {'Tipo de piso en alcobas laminado': 'true'}, {'Tipo de piso en comedor laminado': 'true'}, {'Tipo de piso en estudio laminado': 'true'}, {'Tipo de piso en sala laminado': 'true'}, {'Vista exterior': 'true'}, {'Cerca a gimnasio': 'true'}, {'Cerca a hospitales': 'true'}, {'Cerca a Jardines y Colegios': 'true'}, {'Cerca a parque industrial': 'true'}, {'Cerca a restaurantes': 'true'}, {'Cerca a tiendas de barrio': 'true'}, {'Cerca playa': 'true'}, {'Gimnasio': 'true'}, {'Salón comunal': 'true'}, {'Zona de BBQ': 'true'}, {'Zona para niños': 'true'}, {'Zonas verdes': 'true'}, {'Ascensor': 'true'}, {'Acceso para discapacitados': 'true'}, {'Circuito cerrado de TV': 'true'}, {'Vista panorámica': 'true'}, {'Conjunto cerrado': 'true'}, {'Número de Ascensores 2': 'true'}, {'Recepción Lobby': 'true'}, {'Terraza/Balcón ninguno': 'true'}, {'Vigilancia 24hrs': 'true'}, {'Cerca Centros Comerciales': 'true'}, {'Cerca Colegios / Universidades': 'true'}, {'Cerca Parques': 'true'}, {'Cerca Supermercados': 'true'}, {'Cerca Transporte Público': 'true'}, {'Sobre vía principal': 'true'}, {'Sobre vía secundaria': 'true'}, {'Cerca Centros Comerciales': 'true'}, {'Cerca Colegios / Universidades': 'true'}, {'Cerca Parques': 'true'}, {'Cerca Supermercados': 'true'}, {'Cerca Transporte Público': 'true'}, {'Sobre vía principal': 'true'}, {'Sobre vía secundaria': 'true'}]}",2026-07-28 09:02:07.341835+00:00
https://www.metrocuadrado.com/inmueble/arriendo-apartaestudio-bogota-prado-veraniego-1-habitaciones-1-banos/21944-M6872291?src_url=%2Finmuebles%2Farriendo%2Fbogota,"{'title': 'Apartaestudio En Arriendo, PRADO VERANIEGO NORTE', 'location': 'PRADO VERANIEGO NORTE, Bogotá D.C.', 'price': '$ 1.800.000', 'area': None, 'estrato': None, 'main_specs': '1 hab. | 1 bañ.', 'characteristics': [{'Tipo de Cortinas persianas': 'true'}, {'Equipado / Amoblado': 'true'}, {'Lavaplatos': 'true'}, {'Luz en la mañana': 'true'}, {'Monoambiente': 'true'}, {'Número de piso 4': 'true'}, {'Se Permiten Mascotas': 'true'}, {'Shut de basura': 'true'}, {'Tipo de calentador electrico': 'true'}, {'Tipo de Cocina abierta': 'true'}, {'Tipo comedor sala comedor': 'true'}, {'Tipo de estufa electrica': 'true'}, {'Tipo de acabado piso laminado': 'true'}, {'Vista interior': 'true'}, {'Cerca a gimnasio': 'true'}, {'Cerca a hospitales': 'true'}, {'Cerca a Jardines y Colegios': 'true'}, {'Cerca a restaurantes': 'true'}, {'Cerca a tiendas de barrio': 'true'}, {'Gimnasio': 'true'}, {'Salón comunal': 'true'}, {'Ascensor': 'true'}, {'Acceso para discapacitados': 'true'}, {'Circuito cerrado de TV': 'true'}, {'Conjunto cerrado': 'true'}, {'Número de Ascensores 1': 'true'}, {'Recepción Lobby': 'true'}, {'Cerca Colegios / Universidades': 'true'}, {'Cerca Supermercados': 'true'}, {'Cerca Transporte Público': 'true'}, {'Sobre vía secundaria': 'true'}, {'Cerca Colegios / Universidades': 'true'}, {'Cerca Supermercados': 'true'}, {'Cerca Transporte Público': 'true'}, {'Sobre vía secundaria': 'true'}]}",2026-07-28 09:02:12.159581+00:00
https://www.metrocuadrado.com/inmueble/arriendo-apartamento-bogota-lisboa-3-habitaciones-5-banos-2-garajes/5340-M6602654?src_url=%2Finmuebles%2Farriendo%2Fbogota,"{'title': 'Apartamento En Arriendo, Lisboa', 'location': 'Lisboa, Bogotá D.C.', 'price': '$ 4.700.000', 'area': None, 'estrato': None, 'main_specs': '3 hab. | 5 bañ. | 2 par.', 'characteristics': [{'Baño Auxiliar': 'true'}, {'Baño de Servicio': 'true'}, {'Con calefacción': 'true'}, {'Citófonos': 'true'}, {'Cocina integral': 'true'}, {'Estudio o biblioteca': 'true'}, {'Hall de Alcobas': 'true'}, {'Zona de lavanderia': 'true'}, {'Control térmico': 'true'}, {'Despensa': 'true'}, {'Extractor': 'true'}, {'Horno': 'true'}, {'Lavaplatos': 'true'}, {'Luz en la mañana': 'true'}, {'Luz en la tarde': 'true'}, {'Monoambiente': 'true'}, {'Número de piso 2': 'true'}, {'Shut de basura': 'true'}, {'Depósito 1': 'true'}, {'Tipo de acabado piso cerámica': 'true'}, {'Walking closet': 'true'}, {'Cerca a Jardines y Colegios': 'true'}, {'Cerca a restaurantes': 'true'}, {'Gimnasio': 'true'}, {'Salón comunal': 'true'}, {'Zona para niños': 'true'}, {'Zonas verdes': 'true'}, {'Ascensor': 'true'}, {'Circuito cerrado de TV': 'true'}, {'Parqueadero visitantes': 'true'}, {'Vigilancia': 'true'}, {'Conjunto cerrado': 'true'}, {'Recepción Lobby': 'true'}, {'Terraza/Balcón balcón': 'true'}, {'Cerca Colegios / Universidades': 'true'}, {'Cerca Parques': 'true'}, {'Cerca Transporte Público': 'true'}, {'Área Urbana': 'true'}, {'Cerca Colegios / Universidades': 'true'}, {'Cerca Parques': 'true'}, {'Cerca Transporte Público': 'true'}, {'Área Urbana': 'true'}]}",2026-07-28 09:02:17.019490+00:00
https://www.metrocuadrado.com/inmueble/arriendo-casa-bogota-bosque-de-pinos-5-habitaciones-5-banos-4-garajes/19579-M6798839?src_url=%2Finmuebles%2Farriendo%2Fbogota,"{'title': 'Casa En Arriendo, Bosque De Pinos', 'location': 'Bosque De Pinos, Bogotá D.C.', 'price': '$ 28.000.000', 'area': None, 'estrato': None, 'main_specs': '5 hab. | 5 bañ. | 4 par.', 'characteristics': [{'Baño Auxiliar': 'true'}, {'Aire acondicionado': 'true'}, {'Baño de Servicio': 'true'}, {'Con calefacción': 'true'}, {'Cocina integral': 'true'}, {'Comedor auxiliar': 'true'}, {'Cuarto de servicio': 'true'}, {'Estudio o biblioteca': 'true'}, {'Hall de Alcobas': 'true'}, {'Zona de lavanderia': 'true'}, {'Despensa': 'true'}, {'Extractor': 'true'}, {'Horno': 'true'}, {'Lavaplatos': 'true'}, {'Luz en la mañana': 'true'}, {'Luz en la tarde': 'true'}, {'Número de piso 1': 'true'}, {'Depósito 1': 'true'}, {'Tipo de acabado piso cerámica': 'true'}, {'Walking-closet': 'true'}, {'Cerca a Jardines y Colegios': 'true'}, {'Cerca a restaurantes': 'true'}, {'Cerca a tiendas de barrio': 'true'}, {'Cancha(s) de Basket': 'true'}, {'Cancha(s) de squash': 'true'}, {'Cancha(s) de Tennis': 'true'}, {'Gimnasio': 'true'}, {'Salón comunal': 'true'}, {'Zonas verdes': 'true'}, {'&Aacute;rea del lote 520': 'true'}, {'Circuito cerrado de TV': 'true'}, {'Jardín': 'true'}, {'Parqueadero visitantes': 'true'}, {'Piscina': 'true'}, {'Vigilancia': 'true'}, {'Vista panorámica': 'true'}, {'Conjunto cerrado': 'true'}, {'Terraza/Balcón balcón': 'true'}, {'Cerca Colegios / Universidades': 'true'}, {'Cerca Parques': 'true'}, {'Cerca Transporte Público': 'true'}, {'Área Urbana': 'true'}, {'Cerca Colegios / Universidades': 'true'}, {'Cerca Parques': 'true'}, {'Cerca Transporte Público': 'true'}, {'Área Urbana': 'true'}]}",2026-07-28 09:02:21.815428+00:00
https://www.metrocuadrado.com/inmueble/arriendo-apartamento-bogota-chico-4-habitaciones-4-banos-3-garajes/5545-M6895795?src_url=%2Finmuebles%2Farriendo%2Fbogota,"{'title': 'Apartamento En Arriendo, CHICO VIRREY', 'location': 'CHICO VIRREY, Bogotá D.C.', 'price': '$ 10.000.000', 'area': None, 'estrato': None, 'main_specs': '4 hab. | 4 bañ. | 3 par.', 'characteristics': [{'Apto para niños': 'true'}, {'Con chimenea': 'true'}, {'Citófonos': 'true'}, {'Comedor auxiliar': 'true'}, {'Tipo de Cortinas persianas': 'true'}, {'Cuarto de servicio': 'true'}, {'Estudio o biblioteca': 'true'}, {'Hall de Alcobas': 'true'}, {'Puertas de seguridad': 'true'}, {'Zona de lavanderia': 'true'}, {'Despensa': 'true'}, {'Extractor': 'true'}, {'Horno': 'true'}, {'Tipo instalación de gas natural': 'true'}, {'Lavaplatos': 'true'}, {'Luz en la mañana': 'true'}, {'Luz en la tarde': 'true'}, {'Número de Closets 4': 'true'}, {'Número de piso 3': 'true'}, {'Se Permiten Mascotas': 'true'}, {'Shut de basura': 'true'}, {'Tipo de calentador gas': 'true'}, {'Tipo de Cocina en u': 'true'}, {'Tipo comedor comedor independiente': 'true'}, {'Depósito 1': 'true'}, {'Tipo de estufa gas': 'true'}, {'Tipo de acabado piso madera': 'true'}, {'Tipo de piso en alcobas laminado': 'true'}, {'Tipo de piso en comedor madera': 'true'}, {'Tipo de piso en estudio madera': 'true'}, {'Tipo de piso en sala madera': 'true'}, {'Vista exterior': 'true'}, {'Walking closet': 'true'}, {'Cerca a gimnasio': 'true'}, {'Cerca a Jardines y Colegios': 'true'}, {'Cerca a parque industrial': 'true'}, {'Cerca a restaurantes': 'true'}, {'Cerca a tiendas de barrio': 'true'}, {'Salón comunal': 'true'}, {'Zonas verdes': 'true'}, {'Ascensor': 'true'}, {'Acceso para discapacitados': 'true'}, {'Circuito cerrado de TV': 'true'}, {'Parqueadero cubierto': 'true'}, {'Número de Ascensores 1': 'true'}, {'Recepción Lobby': 'true'}, {'Terraza/Balcón ninguno': 'true'}, {'Tipo de parqueadero independiente': 'true'}, {'Vigilancia 24hrs': 'true'}, {'Cerca Parques': 'true'}, {'Cerca Supermercados': 'true'}, {'Cerca Transporte Público': 'true'}, {'Sobre vía secundaria': 'true'}, {'Cerca Parques': 'true'}, {'Cerca Supermercados': 'true'}, {'Cerca Transporte Público': 'true'}, {'Sobre vía secundaria': 'true'}]}",2026-07-28 09:02:27.169350+00:00
https://www.metrocuadrado.com/inmueble/arriendo-apartamento-bogota-gran-america-1-habitaciones-1-banos-1-garajes/5545-M6205132?src_url=%2Finmuebles%2Farriendo%2Fbogota,"{'title': 'Apartamento En Arriendo, CORFERIAS', 'location': 'CORFERIAS, Bogotá D.C.', 'price': '$ 4.000.000', 'area': None, 'estrato': None, 'main_specs': '1 hab. | 1 bañ. | 1 par.', 'characteristics': [{'Apto para niños': 'true'}, {'Citófonos': 'true'}, {'Tipo de Cortinas persianas': 'true'}, {'Estudio o biblioteca': 'true'}, {'Equipado / Amoblado': 'true'}, {'Puertas de seguridad': 'true'}, {'Zona de lavanderia': 'true'}, {'Control de ruido': 'true'}, {'Control térmico': 'true'}, {'Despensa': 'true'}, {'Extractor': 'true'}, {'Horno': 'true'}, {'Tipo instalación de gas ninguno': 'true'}, {'Lavaplatos': 'true'}, {'Luz en la tarde': 'true'}, {'Monoambiente': 'true'}, {'Número de Closets 2': 'true'}, {'Número de piso 2': 'true'}, {'Se Permiten Mascotas': 'true'}, {'Shut de basura': 'true'}, {'Tipo de calentador caldera': 'true'}, {'Tipo de Cocina lineal': 'true'}, {'Tipo comedor sala comedor': 'true'}, {'Depósito 0': 'true'}, {'Tipo de estufa electrica': 'true'}, {'Tipo de acabado piso madera': 'true'}, {'Tipo de piso en alcobas madera': 'true'}, {'Tipo de piso en comedor madera': 'true'}, {'Tipo de piso en estudio madera': 'true'}, {'Tipo de piso en sala madera': 'true'}, {'Vista exterior': 'true'}, {'Cerca a parque industrial': 'true'}, {'Cerca a restaurantes': 'true'}, {'Cerca a tiendas de barrio': 'true'}, {'Gimnasio': 'true'}, {'Salón comunal': 'true'}, {'Zona de BBQ': 'true'}, {'Zona para niños': 'true'}, {'Zonas verdes': 'true'}, {'Área Terraza/Balcón 77': 'true'}, {'Ascensor': 'true'}, {'Bahias de parqueo': 'true'}, {'Acceso para discapacitados': 'true'}, {'Circuito cerrado de TV': 'true'}, {'Cuarto de escoltas': 'true'}, {'Parqueadero cubierto': 'true'}, {'Conjunto cerrado': 'true'}, {'Número de Ascensores 2': 'true'}, {'Parqueadero inteligente': 'true'}, {'Recepción Lobby': 'true'}, {'Roof garden': 'true'}, {'Terraza/Balcón terraza': 'true'}, {'Terraza Rooftop': 'true'}, {'Tipo de parqueadero propio': 'true'}, {'Vigilancia 24hrs': 'true'}, {'Cerca Centros Comerciales': 'true'}, {'Cerca Colegios / Universidades': 'true'}, {'Cerca Parques': 'true'}, {'Cerca Supermercados': 'true'}, {'Cerca Transporte Público': 'true'}, {'Sobre vía secundaria': 'true'}, {'Cerca Centros Comerciales': 'true'}, {'Cerca Colegios / Universidades': 'true'}, {'Cerca Parques': 'true'}, {'Cerca Supermercados': 'true'}, {'Cerca Transporte Público': 'true'}, {'Sobre vía secundaria': 'true'}]}",2026-07-28 09:02:32.587308+00:00
https://www.metrocuadrado.com/inmueble/arriendo-apartamento-bogota-chico-norte-4-habitaciones-5-banos-4-garajes/5545-M6205017?src_url=%2Finmuebles%2Farriendo%2Fbogota,"{'title': 'Apartamento En Arriendo, CHICO MUSEO', 'location': 'CHICO MUSEO, Bogotá D.C.', 'price': '$ 29.000.000', 'area': None, 'estrato': None, 'main_specs': '4 hab. | 5 bañ. | 4 par.', 'characteristics': [{'Apto para niños': 'true'}, {'Alarma': 'true'}, {'Con chimenea': 'true'}, {'Citófonos': 'true'}, {'Comedor auxiliar': 'true'}, {'Tipo de Cortinas persianas': 'true'}, {'Cuarto de servicio': 'true'}, {'Estudio o biblioteca': 'true'}, {'Hall de Alcobas': 'true'}, {'Puertas de seguridad': 'true'}, {'Zona de lavanderia': 'true'}, {'Control de ruido': 'true'}, {'Control térmico': 'true'}, {'Despensa': 'true'}, {'Detección de humo': 'true'}, {'Extractor': 'true'}, {'Horno': 'true'}, {'Tipo instalación de gas natural': 'true'}, {'Lavaplatos': 'true'}, {'Luz en la mañana': 'true'}, {'Luz en la tarde': 'true'}, {'Número de Closets 4': 'true'}, {'Número de piso 5': 'true'}, {'Se Permiten Mascotas': 'true'}, {'Shut de basura': 'true'}, {'Tipo de calentador caldera': 'true'}, {'Tipo de Cocina en u': 'true'}, {'Tipo comedor comedor independiente': 'true'}, {'Depósito 1': 'true'}, {'Tipo de estufa gas': 'true'}, {'Tipo de acabado piso madera': 'true'}, {'Tipo de piso en alcobas alfombra': 'true'}, {'Tipo de piso en comedor madera': 'true'}, {'Tipo de piso en estudio madera': 'true'}, {'Tipo de piso en sala madera': 'true'}, {'Vista exterior': 'true'}, {'Walking closet': 'true'}, {'Cerca a restaurantes': 'true'}, {'Cerca a tiendas de barrio': 'true'}, {'Gimnasio': 'true'}, {'Salón comunal': 'true'}, {'Zona de BBQ': 'true'}, {'Zona para niños': 'true'}, {'Zonas verdes': 'true'}, {'Área Terraza/Balcón 8': 'true'}, {'Ascensor': 'true'}, {'Bahias de parqueo': 'true'}, {'Acceso para discapacitados': 'true'}, {'Circuito cerrado de TV': 'true'}, {'Número de Ascensores 2': 'true'}, {'Recepción Lobby': 'true'}, {'Terraza/Balcón balcón': 'true'}, {'Tipo de parqueadero propio': 'true'}, {'Vigilancia 24hrs': 'true'}, {'Cerca Centros Comerciales': 'true'}, {'Cerca Parques': 'true'}, {'Cerca Supermercados': 'true'}, {'Cerca Transporte Público': 'true'}, {'Sobre vía secundaria': 'true'}, {'Cerca Centros Comerciales': 'true'}, {'Cerca Parques': 'true'}, {'Cerca Supermercados': 'true'}, {'Cerca Transporte Público': 'true'}, {'Sobre vía secundaria': 'true'}]}",2026-07-28 09:02:37.941211+00:00
https://www.metrocuadrado.com/inmueble/arriendo-casa-bogota-los-cedritos-5-habitaciones-5-banos-4-garajes/20690-M6722826?src_url=%2Finmuebles%2Farriendo%2Fbogota,"{'title': 'Casa En Arriendo, NUEVA AUTOPISTA', 'location': 'NUEVA AUTOPISTA, Bogotá D.C.', 'price': '$ 12.000.000', 'area': None, 'estrato': None, 'main_specs': '5 hab. | 5 bañ. | 4 par.', 'characteristics': [{'Con chimenea': 'true'}, {'Comedor auxiliar': 'true'}, {'Tipo de Cortinas persianas': 'true'}, {'Cuarto de servicio': 'true'}, {'Estudio o biblioteca': 'true'}, {'Hall de Alcobas': 'true'}, {'Equipado / Amoblado': 'true'}, {'Despensa': 'true'}, {'Tipo instalación de gas propano': 'true'}, {'Lavaplatos': 'true'}, {'Luz en la mañana': 'true'}, {'Luz en la tarde': 'true'}, {'Número de líneas teléfonicas 1': 'true'}, {'Tipo de calentador electrico': 'true'}, {'Tipo de Casa tradicional': 'true'}, {'Tipo de Cocina lineal': 'true'}, {'Tipo comedor comedor independiente': 'true'}, {'Depósito 1': 'true'}, {'Tipo de estufa electrica': 'true'}, {'Tipo de acabado piso marmol': 'true'}, {'Tipo de piso en alcobas marmol': 'true'}, {'Tipo de piso en comedor baldosa': 'true'}, {'Tipo de piso en estudio marmol': 'true'}, {'Tipo de piso en sala marmol': 'true'}, {'Vista exterior': 'true'}, {'Cerca a gimnasio': 'true'}, {'Cerca a hospitales': 'true'}, {'Cerca a Jardines y Colegios': 'true'}, {'Cerca a restaurantes': 'true'}, {'Cerca a tiendas de barrio': 'true'}, {'Jardín interior': 'true'}, {'Zonas verdes': 'true'}, {'&Aacute;rea del lote 420': 'true'}, {'Área Terraza/Balcón 5': 'true'}, {'Circuito cerrado de TV': 'true'}, {'Jardín': 'true'}, {'Esquinero': 'true'}, {'Número de niveles 2': 'true'}, {'Tanques de Agua': 'true'}, {'Terraza/Balcón balcón': 'true'}, {'Tipo de parqueadero propio': 'true'}, {'Vigilancia 24hrs': 'true'}, {'Cerca Centros Comerciales': 'true'}, {'Cerca Colegios / Universidades': 'true'}, {'Cerca Parques': 'true'}, {'Cerca Supermercados': 'true'}, {'Cerca Transporte Público': 'true'}, {'Sobre vía secundaria': 'true'}, {'Cerca Centros Comerciales': 'true'}, {'Cerca Colegios / Universidades': 'true'}, {'Cerca Parques': 'true'}, {'Cerca Supermercados': 'true'}, {'Cerca Transporte Público': 'true'}, {'Sobre vía secundaria': 'true'}]}",2026-07-28 09:02:43.411249+00:00
https://www.metrocuadrado.com/inmueble/arriendo-casa-bogota-casa-blanca-3-habitaciones-4-banos-2-garajes/20197-M6690634?src_url=%2Finmuebles%2Farriendo%2Fbogota,"{'title': 'Casa En Arriendo, MORA VERDE ETAPA 1', 'location': 'MORA VERDE ETAPA 1, Bogotá D.C.', 'price': '$ 6.200.000', 'area': None, 'estrato': None, 'main_specs': '3 hab. | 4 bañ. | 2 par.', 'characteristics': [{'Apto para niños': 'true'}, {'Casa campestre': 'true'}, {'Tipo de Cortinas persianas': 'true'}, {'Estudio o biblioteca': 'true'}, {'Zona de lavanderia': 'true'}, {'Extractor': 'true'}, {'Horno': 'true'}, {'Tipo instalación de gas natural': 'true'}, {'Lavaplatos': 'true'}, {'Número de Closets 3': 'true'}, {'Número de líneas teléfonicas 0': 'true'}, {'Se Permiten Mascotas': 'true'}, {'Tipo de Casa condominio': 'true'}, {'Tipo de Cocina abierta': 'true'}, {'Tipo comedor sala comedor': 'true'}, {'Depósito 0': 'true'}, {'Tipo de estufa electrica': 'true'}, {'Tipo de acabado piso laminado': 'true'}, {'Tipo de piso en alcobas laminado': 'true'}, {'Tipo de piso en comedor laminado': 'true'}, {'Tipo de piso en estudio laminado': 'true'}, {'Tipo de piso en sala laminado': 'true'}, {'Vista exterior': 'true'}, {'Cancha(s) de Basket': 'true'}, {'Cancha(s) de Fútbol': 'true'}, {'Gimnasio': 'true'}, {'Jardín interior': 'true'}, {'Salón comunal': 'true'}, {'Sendero peatonal': 'true'}, {'Zona para niños': 'true'}, {'Zonas verdes': 'true'}, {'&Aacute;rea del lote 170.12': 'true'}, {'Área Terraza/Balcón 12': 'true'}, {'Parqueadero cubierto': 'true'}, {'Piscina': 'true'}, {'Conjunto cerrado': 'true'}, {'Número de Ascensores 0': 'true'}, {'Número de niveles 3': 'true'}, {'Terraza/Balcón terraza': 'true'}, {'Tipo de parqueadero propio': 'true'}, {'Vigilancia 24hrs': 'true'}, {'Cerca Colegios / Universidades': 'true'}, {'Área Rural': 'true'}, {'Cerca Colegios / Universidades': 'true'}, {'Área Rural': 'true'}]}",2026-07-28 09:02:48.725552+00:00
https://www.metrocuadrado.com/inmueble/arriendo-apartamento-bogota-na-4-habitaciones-5-banos-2-garajes/3664-M6604701?src_url=%2Finmuebles%2Farriendo%2Fbogota,"{'title': 'Apartamento En Arriendo, Rosales', 'location': 'Rosales, Bogotá D.C.', 'price': '$ 21.000.000', 'area': None, 'estrato': None, 'main_specs': '4 hab. | 5 bañ. | 2 par.', 'characteristics': [{'Baño Auxiliar': 'true'}, {'Baño de Servicio': 'true'}, {'Con chimenea': 'true'}, {'Citófonos': 'true'}, {'Cocina integral': 'true'}, {'Comedor auxiliar': 'true'}, {'Cuarto de servicio': 'true'}, {'Estudio o biblioteca': 'true'}, {'Hall de Alcobas': 'true'}, {'Zona de lavanderia': 'true'}, {'Control de ruido': 'true'}, {'Control térmico': 'true'}, {'Despensa': 'true'}, {'Detección de humo': 'true'}, {'Extractor': 'true'}, {'Horno': 'true'}, {'Lavaplatos': 'true'}, {'Luz en la tarde': 'true'}, {'Monoambiente': 'true'}, {'Número de piso 6': 'true'}, {'Shut de basura': 'true'}, {'Depósito 1': 'true'}, {'Walking closet': 'true'}, {'Cerca a Jardines y Colegios': 'true'}, {'Cerca a restaurantes': 'true'}, {'Gimnasio': 'true'}, {'Salón comunal': 'true'}, {'Zona para niños': 'true'}, {'Ascensor': 'true'}, {'Circuito cerrado de TV': 'true'}, {'Parqueadero visitantes': 'true'}, {'Vigilancia': 'true'}, {'Recepción Lobby': 'true'}, {'Terraza/Balcón balcón': 'true'}, {'Cerca Colegios / Universidades': 'true'}, {'Cerca Parques': 'true'}, {'Cerca Transporte Público': 'true'}, {'Área Urbana': 'true'}, {'Cerca Colegios / Universidades': 'true'}, {'Cerca Parques': 'true'}, {'Cerca Transporte Público': 'true'}, {'Área Urbana': 'true'}]}",2026-07-28 09:02:53.527948+00:00
https://www.metrocuadrado.com/inmueble/arriendo-apartamento-bogota-bella-suiza-3-habitaciones-2-banos-2-garajes/3340-M6586210?src_url=%2Finmuebles%2Farriendo%2Fbogota,"{'title': 'Apartamento En Arriendo, BELLA SUIZA', 'location': 'BELLA SUIZA, Bogotá D.C.', 'price': '$ 4.200.000', 'area': None, 'estrato': None, 'main_specs': '3 hab. | 2 bañ. | 2 par.', 'characteristics': [{'Apto para niños': 'true'}, {'Con chimenea': 'true'}, {'Citófonos': 'true'}, {'Tipo de Cortinas persianas': 'true'}, {'Cuarto de servicio': 'true'}, {'Estudio o biblioteca': 'true'}, {'Hall de Alcobas': 'true'}, {'Zona de lavanderia': 'true'}, {'Extractor': 'true'}, {'Tipo instalación de gas natural': 'true'}, {'Luz en la mañana': 'true'}, {'Número de Closets 3': 'true'}, {'Número de piso 1': 'true'}, {'Se Permiten Mascotas': 'true'}, {'Tipo de calentador gas': 'true'}, {'Tipo de Cocina abierta': 'true'}, {'Tipo comedor sala comedor': 'true'}, {'Depósito 1': 'true'}, {'Tipo de estufa gas': 'true'}, {'Tipo de acabado piso laminado': 'true'}, {'Tipo de piso en alcobas laminado': 'true'}, {'Tipo de piso en comedor laminado': 'true'}, {'Tipo de piso en sala laminado': 'true'}, {'Vista exterior': 'true'}, {'Cerca a gimnasio': 'true'}, {'Cerca a hospitales': 'true'}, {'Cerca a Jardines y Colegios': 'true'}, {'Cerca a restaurantes': 'true'}, {'Cerca a tiendas de barrio': 'true'}, {'Zona de BBQ': 'true'}, {'Zonas verdes': 'true'}, {'Ascensor': 'true'}, {'Circuito cerrado de TV': 'true'}, {'Parqueadero cubierto': 'true'}, {'Número de Ascensores 1': 'true'}, {'Tipo de parqueadero independiente': 'true'}, {'Vigilancia 12hrs': 'true'}, {'Cerca Centros Comerciales': 'true'}, {'Cerca Colegios / Universidades': 'true'}, {'Cerca Parques': 'true'}, {'Cerca Supermercados': 'true'}, {'Cerca Transporte Público': 'true'}, {'Sobre vía secundaria': 'true'}, {'Cerca Centros Comerciales': 'true'}, {'Cerca Colegios / Universidades': 'true'}, {'Cerca Parques': 'true'}, {'Cerca Supermercados': 'true'}, {'Cerca Transporte Público': 'true'}, {'Sobre vía secundaria': 'true'}]}",2026-07-28 09:02:58.870692+00:00
https://www.metrocuadrado.com/inmueble/arriendo-apartamento-bogota-santa-ana-oriental-3-habitaciones-5-banos-3-garajes/523-M2847333?src_url=%2Finmuebles%2Farriendo%2Fbogota,"{'title': 'Apartamento En Arriendo, SANTA ANA', 'location': 'SANTA ANA, Bogotá D.C.', 'price': '$ 24.000.000', 'area': None, 'estrato': None, 'main_specs': '3 hab. | 5 bañ. | 3 par.', 'characteristics': [{'Apto para niños': 'true'}, {'Con chimenea': 'true'}, {'Citófonos': 'true'}, {'Estudio o biblioteca': 'true'}, {'Zona de lavanderia': 'true'}, {'Tipo instalación de gas natural': 'true'}, {'Número de piso 99': 'true'}, {'Se Permiten Mascotas': 'true'}, {'Tipo de calentador gas': 'true'}, {'Tipo de Cocina abierta': 'true'}, {'Tipo comedor sala comedor': 'true'}, {'Depósito 1': 'true'}, {'Tipo de estufa gas': 'true'}, {'Tipo de acabado piso madera': 'true'}, {'Tipo de piso en alcobas madera': 'true'}, {'Tipo de piso en comedor madera': 'true'}, {'Tipo de piso en estudio madera': 'true'}, {'Tipo de piso en sala madera': 'true'}, {'Vista exterior': 'true'}, {'Cancha(s) de squash': 'true'}, {'Gimnasio': 'true'}, {'Salón comunal': 'true'}, {'Zona para niños': 'true'}, {'Zonas verdes': 'true'}, {'Área Terraza/Balcón 10': 'true'}, {'Parqueadero cubierto': 'true'}, {'Piscina': 'true'}, {'Conjunto cerrado': 'true'}, {'Terraza/Balcón balcón': 'true'}, {'Tipo de parqueadero propio': 'true'}, {'Vigilancia 24hrs': 'true'}, {'Cerca Centros Comerciales': 'true'}, {'Cerca Colegios / Universidades': 'true'}, {'Cerca Parques': 'true'}, {'Cerca Supermercados': 'true'}, {'Sobre vía secundaria': 'true'}, {'Cerca Centros Comerciales': 'true'}, {'Cerca Colegios / Universidades': 'true'}, {'Cerca Parques': 'true'}, {'Cerca Supermercados': 'true'}, {'Sobre vía secundaria': 'true'}]}",2026-07-28 09:03:03.631257+00:00
https://www.metrocuadrado.com/inmueble/arriendo-apartamento-bogota-chico-3-habitaciones-5-banos-3-garajes/523-M2966765?src_url=%2Finmuebles%2Farriendo%2Fbogota,"{'title': 'Apartamento En Arriendo, CHICO', 'location': 'CHICO, Bogotá D.C.', 'price': '$ 20.000.000', 'area': None, 'estrato': None, 'main_specs': '3 hab. | 5 bañ. | 3 par.', 'characteristics': [{'Apto para niños': 'true'}, {'Con chimenea': 'true'}, {'Citófonos': 'true'}, {'Estudio o biblioteca': 'true'}, {'Zona de lavanderia': 'true'}, {'Tipo instalación de gas natural': 'true'}, {'Número de piso 99': 'true'}, {'Se Permiten Mascotas': 'true'}, {'Tipo de calentador gas': 'true'}, {'Tipo de Cocina abierta': 'true'}, {'Tipo comedor sala comedor': 'true'}, {'Depósito 1': 'true'}, {'Tipo de estufa gas': 'true'}, {'Tipo de acabado piso madera': 'true'}, {'Tipo de piso en alcobas madera': 'true'}, {'Tipo de piso en comedor madera': 'true'}, {'Tipo de piso en estudio madera': 'true'}, {'Tipo de piso en sala madera': 'true'}, {'Vista exterior': 'true'}, {'Gimnasio': 'true'}, {'Salón comunal': 'true'}, {'Área Terraza/Balcón 40': 'true'}, {'Ascensor': 'true'}, {'Parqueadero cubierto': 'true'}, {'Piscina': 'true'}, {'Vista panorámica': 'true'}, {'Conjunto cerrado': 'true'}, {'Número de Ascensores 2': 'true'}, {'Terraza/Balcón balcón': 'true'}, {'Tipo de parqueadero propio': 'true'}, {'Vigilancia 24hrs': 'true'}, {'Cerca Centros Comerciales': 'true'}, {'Cerca Colegios / Universidades': 'true'}, {'Cerca Parques': 'true'}, {'Cerca Supermercados': 'true'}, {'Cerca Transporte Público': 'true'}, {'Sobre vía secundaria': 'true'}, {'Cerca Centros Comerciales': 'true'}, {'Cerca Colegios / Universidades': 'true'}, {'Cerca Parques': 'true'}, {'Cerca Supermercados': 'true'}, {'Cerca Transporte Público': 'true'}, {'Sobre vía secundaria': 'true'}]}",2026-07-28 09:03:08.462099+00:00
https://www.metrocuadrado.com/inmueble/arriendo-casa-bogota-ciudadela-real-4-habitaciones-5-banos-4-garajes/5044-M6802635?src_url=%2Finmuebles%2Farriendo%2Fbogota,"{'title': 'Casa En Arriendo, Bosques Del Marques', 'location': 'Bosques Del Marques, Bogotá D.C.', 'price': '$ 28.000.000', 'area': None, 'estrato': None, 'main_specs': '4 hab. | 5 bañ. | 4 par.', 'characteristics': [{'Baño Auxiliar': 'true'}, {'Aire acondicionado': 'true'}, {'Baño de Servicio': 'true'}, {'Con calefacción': 'true'}, {'Con chimenea': 'true'}, {'Cocina integral': 'true'}, {'Comedor auxiliar': 'true'}, {'Cuarto de servicio': 'true'}, {'Estudio o biblioteca': 'true'}, {'Jacuzzi': 'true'}, {'Zona de lavanderia': 'true'}, {'Extractor': 'true'}, {'Lavaplatos': 'true'}, {'Luz en la mañana': 'true'}, {'Luz en la tarde': 'true'}, {'Número de piso 3': 'true'}, {'Depósito 1': 'true'}, {'Tipo de acabado piso cerámica': 'true'}, {'Cerca a Jardines y Colegios': 'true'}, {'Cancha(s) de Basket': 'true'}, {'Cancha(s) de Fútbol': 'true'}, {'Cancha(s) de squash': 'true'}, {'Cancha(s) de Tennis': 'true'}, {'Gimnasio': 'true'}, {'Jardín interior': 'true'}, {'Salón comunal': 'true'}, {'Sauna y/o turco': 'true'}, {'Zonas verdes': 'true'}, {'&Aacute;rea del lote 520': 'true'}, {'Jardín': 'true'}, {'Parqueadero visitantes': 'true'}, {'Piscina': 'true'}, {'Vigilancia': 'true'}, {'Vista panorámica': 'true'}, {'Terraza/Balcón balcón': 'true'}, {'Cerca Parques': 'true'}, {'Cerca Transporte Público': 'true'}, {'Sobre vía principal': 'true'}, {'Cerca Parques': 'true'}, {'Cerca Transporte Público': 'true'}, {'Sobre vía principal': 'true'}]}",2026-07-28 09:03:13.244513+00:00
https://www.metrocuadrado.com/inmueble/arriendo-apartaestudio-bogota-chico-norte-et-ii-1-habitaciones-1-banos/22377-M6628937?src_url=%2Finmuebles%2Farriendo%2Fbogota,"{'title': 'Apartaestudio En Arriendo, CHICO NORTE', 'location': 'CHICO NORTE, Bogotá D.C.', 'price': '$ 3.000.000', 'area': None, 'estrato': None, 'main_specs': '1 hab. | 1 bañ.', 'characteristics': [{'Alarma': 'true'}, {'Tipo de Cortinas pesadas': 'true'}, {'Jacuzzi': 'true'}, {'Equipado / Amoblado': 'true'}, {'Puertas de seguridad': 'true'}, {'Zona de lavanderia': 'true'}, {'Control de ruido': 'true'}, {'Despensa': 'true'}, {'Detección de humo': 'true'}, {'Extractor': 'true'}, {'Horno': 'true'}, {'Tipo instalación de gas ninguno': 'true'}, {'Lavaplatos': 'true'}, {'Luz en la mañana': 'true'}, {'Luz en la tarde': 'true'}, {'Monoambiente': 'true'}, {'Número de Closets 3': 'true'}, {'Número de piso 4': 'true'}, {'Puerta eléctrica': 'true'}, {'Shut de basura': 'true'}, {'Tipo de calentador caldera': 'true'}, {'Tipo de Cocina lineal': 'true'}, {'Tipo comedor sala comedor': 'true'}, {'Depósito 0': 'true'}, {'Tipo de estufa electrica': 'true'}, {'Tipo de acabado piso madera': 'true'}, {'Tipo de piso en alcobas madera': 'true'}, {'Tipo de piso en comedor madera': 'true'}, {'Tipo de piso en estudio madera': 'true'}, {'Tipo de piso en sala madera': 'true'}, {'Vista interior': 'true'}, {'Cerca a gimnasio': 'true'}, {'Cerca a hospitales': 'true'}, {'Cerca a restaurantes': 'true'}, {'Cerca a tiendas de barrio': 'true'}, {'Gimnasio': 'true'}, {'Salón comunal': 'true'}, {'Sauna y/o turco': 'true'}, {'Zona de BBQ': 'true'}, {'Zonas verdes': 'true'}, {'Acceso con tarjetas o dispositivos': 'true'}, {'Área Terraza/Balcón 2': 'true'}, {'Ascensor': 'true'}, {'Número de Ascensores 3': 'true'}, {'Recepción Lobby': 'true'}, {'Roof garden': 'true'}, {'Senderos ecológicos': 'true'}, {'Terraza/Balcón balcón': 'true'}, {'Terraza Rooftop': 'true'}, {'Vigilancia 24hrs': 'true'}, {'Cerca Centros Comerciales': 'true'}, {'Cerca Parques': 'true'}, {'Cerca Supermercados': 'true'}, {'Cerca Transporte Público': 'true'}, {'Sobre vía secundaria': 'true'}, {'Cerca Centros Comerciales': 'true'}, {'Cerca Parques': 'true'}, {'Cerca Supermercados': 'true'}, {'Cerca Transporte Público': 'true'}, {'Sobre vía secundaria': 'true'}]}",2026-07-28 09:03:18.665936+00:00
https://www.metrocuadrado.com/inmueble/arriendo-apartamento-bogota-chico-navarra-3-habitaciones-4-banos-3-garajes/11079-M6767802?src_url=%2Finmuebles%2Farriendo%2Fbogota,"{'title': 'Apartamento En Arriendo, Chico Navarra', 'location': 'Chico Navarra, Bogotá D.C.', 'price': '$ 16.000.000', 'area': None, 'estrato': None, 'main_specs': '3 hab. | 4 bañ. | 3 par.', 'characteristics': [{'Baño Auxiliar': 'true'}, {'Baño de Servicio': 'true'}, {'Con calefacción': 'true'}, {'Con chimenea': 'true'}, {'Citófonos': 'true'}, {'Cocina Tipo Americano': 'true'}, {'Cocina integral': 'true'}, {'Cuarto de servicio': 'true'}, {'Estudio o biblioteca': 'true'}, {'Equipado / Amoblado': 'true'}, {'Zona de lavanderia': 'true'}, {'Despensa': 'true'}, {'Detección de humo': 'true'}, {'Extractor': 'true'}, {'Horno': 'true'}, {'Lavaplatos': 'true'}, {'Monoambiente': 'true'}, {'Número de piso 6': 'true'}, {'Shut de basura': 'true'}, {'Walking closet': 'true'}, {'Cerca a Jardines y Colegios': 'true'}, {'Cerca a restaurantes': 'true'}, {'Cerca a tiendas de barrio': 'true'}, {'Gimnasio': 'true'}, {'Salón comunal': 'true'}, {'Zonas verdes': 'true'}, {'Ascensor': 'true'}, {'Parqueadero visitantes': 'true'}, {'Con Terraza': 'true'}, {'Vigilancia': 'true'}, {'Vista panorámica': 'true'}, {'Recepción Lobby': 'true'}, {'Terraza/Balcón balcón': 'true'}, {'Terraza Rooftop': 'true'}, {'Cerca Parques': 'true'}, {'Cerca Transporte Público': 'true'}, {'Área Urbana': 'true'}, {'Cerca Parques': 'true'}, {'Cerca Transporte Público': 'true'}, {'Área Urbana': 'true'}]}",2026-07-28 09:03:23.412002+00:00
https://www.metrocuadrado.com/inmueble/arriendo-apartamento-bogota-el-refugio-2-habitaciones-3-banos-2-garajes/21619-M6607257?src_url=%2Finmuebles%2Farriendo%2Fbogota,"{'title': 'Apartamento En Arriendo, El Refugio', 'location': 'El Refugio, Bogotá D.C.', 'price': '$ 15.000.000', 'area': None, 'estrato': None, 'main_specs': '2 hab. | 3 bañ. | 2 par.', 'characteristics': [{'Baño Auxiliar': 'true'}, {'Baño de Servicio': 'true'}, {'Con calefacción': 'true'}, {'Con chimenea': 'true'}, {'Citófonos': 'true'}, {'Cocina integral': 'true'}, {'Comedor auxiliar': 'true'}, {'Cuarto de servicio': 'true'}, {'Estudio o biblioteca': 'true'}, {'Hall de Alcobas': 'true'}, {'Equipado / Amoblado': 'true'}, {'Zona de lavanderia': 'true'}, {'Extractor': 'true'}, {'Horno': 'true'}, {'Monoambiente': 'true'}, {'Número de piso 6': 'true'}, {'Shut de basura': 'true'}, {'Depósito 1': 'true'}, {'Tipo de acabado piso cerámica': 'true'}, {'Walking closet': 'true'}, {'Cerca a Jardines y Colegios': 'true'}, {'Cerca a restaurantes': 'true'}, {'Cancha(s) de squash': 'true'}, {'Gimnasio': 'true'}, {'Salón comunal': 'true'}, {'Sauna y/o turco': 'true'}, {'Zona para niños': 'true'}, {'Ascensor': 'true'}, {'Circuito cerrado de TV': 'true'}, {'Parqueadero visitantes': 'true'}, {'Piscina': 'true'}, {'Vigilancia': 'true'}, {'Vista panorámica': 'true'}, {'Recepción Lobby': 'true'}, {'Cerca Colegios / Universidades': 'true'}, {'Cerca Parques': 'true'}, {'Cerca Transporte Público': 'true'}, {'Área Urbana': 'true'}, {'Cerca Colegios / Universidades': 'true'}, {'Cerca Parques': 'true'}, {'Cerca Transporte Público': 'true'}, {'Área Urbana': 'true'}]}",2026-07-28 09:03:28.260412+00:00
https://www.metrocuadrado.com/inmueble/arriendo-apartamento-bogota-provenza-4-habitaciones-5-banos-3-garajes/21414-M6329093?src_url=%2Finmuebles%2Farriendo%2Fbogota,"{'title': 'Apartamento En Arriendo, Provenza', 'location': 'Provenza, Bogotá D.C.', 'price': '$ 8.500.000', 'area': None, 'estrato': None, 'main_specs': '4 hab. | 5 bañ. | 3 par.', 'characteristics': [{'Baño Auxiliar': 'true'}, {'Baño de Servicio': 'true'}, {'Con calefacción': 'true'}, {'Con chimenea': 'true'}, {'Citófonos': 'true'}, {'Cocina Tipo Americano': 'true'}, {'Cocina integral': 'true'}, {'Comedor auxiliar': 'true'}, {'Cuarto de servicio': 'true'}, {'Hall de Alcobas': 'true'}, {'Equipado / Amoblado': 'true'}, {'Zona de lavanderia': 'true'}, {'Número de piso 7': 'true'}, {'Depósito 1': 'true'}, {'Tipo de acabado piso cerámica': 'true'}, {'Cancha(s) de Basket': 'true'}, {'Cancha(s) de squash': 'true'}, {'Cancha(s) de Tennis': 'true'}, {'Gimnasio': 'true'}, {'Salón comunal': 'true'}, {'Sauna y/o turco': 'true'}, {'Zona de BBQ': 'true'}, {'Zona para niños': 'true'}, {'Zonas verdes': 'true'}, {'Ascensor': 'true'}, {'Circuito cerrado de TV': 'true'}, {'Parqueadero visitantes': 'true'}, {'Con Terraza': 'true'}, {'Vigilancia': 'true'}, {'Vista panorámica': 'true'}, {'Conjunto cerrado': 'true'}, {'Recepción Lobby': 'true'}, {'Terraza/Balcón balcón': 'true'}, {'Terraza Rooftop': 'true'}, {'Cerca Colegios / Universidades': 'true'}, {'Cerca Parques': 'true'}, {'Cerca Transporte Público': 'true'}, {'Sobre vía principal': 'true'}, {'Área Rural': 'true'}, {'Área Urbana': 'true'}, {'Cerca Colegios / Universidades': 'true'}, {'Cerca Parques': 'true'}, {'Cerca Transporte Público': 'true'}, {'Sobre vía principal': 'true'}, {'Área Rural': 'true'}, {'Área Urbana': 'true'}]}",2026-07-28 09:03:33.070675+00:00
https://www.metrocuadrado.com/inmueble/arriendo-apartamento-bogota-chico-4-habitaciones-5-banos-3-garajes/523-M2909766?src_url=%2Finmuebles%2Farriendo%2Fbogota,"{'title': 'Apartamento En Arriendo, CHICO', 'location': 'CHICO, Bogotá D.C.', 'price': '$ 20.000.000', 'area': None, 'estrato': None, 'main_specs': '4 hab. | 5 bañ. | 3 par.', 'characteristics': [{'Apto para niños': 'true'}, {'Con chimenea': 'true'}, {'Citófonos': 'true'}, {'Zona de lavanderia': 'true'}, {'Tipo instalación de gas natural': 'true'}, {'Número de piso 99': 'true'}, {'Se Permiten Mascotas': 'true'}, {'Tipo de calentador gas': 'true'}, {'Tipo de Cocina paralela': 'true'}, {'Tipo comedor sala comedor': 'true'}, {'Depósito 1': 'true'}, {'Tipo de estufa gas': 'true'}, {'Tipo de acabado piso madera': 'true'}, {'Tipo de piso en alcobas madera': 'true'}, {'Tipo de piso en comedor madera': 'true'}, {'Tipo de piso en estudio madera': 'true'}, {'Tipo de piso en sala madera': 'true'}, {'Vista exterior': 'true'}, {'Cancha(s) de Tennis': 'true'}, {'Gimnasio': 'true'}, {'Salón comunal': 'true'}, {'Área Terraza/Balcón 40': 'true'}, {'Ascensor': 'true'}, {'Parqueadero cubierto': 'true'}, {'Piscina': 'true'}, {'Vista panorámica': 'true'}, {'Conjunto cerrado': 'true'}, {'Número de Ascensores 1': 'true'}, {'Terraza/Balcón balcón': 'true'}, {'Tipo de parqueadero propio': 'true'}, {'Vigilancia 24hrs': 'true'}, {'Cerca Centros Comerciales': 'true'}, {'Cerca Colegios / Universidades': 'true'}, {'Cerca Parques': 'true'}, {'Cerca Supermercados': 'true'}, {'Cerca Transporte Público': 'true'}, {'Sobre vía secundaria': 'true'}, {'Cerca Centros Comerciales': 'true'}, {'Cerca Colegios / Universidades': 'true'}, {'Cerca Parques': 'true'}, {'Cerca Supermercados': 'true'}, {'Cerca Transporte Público': 'true'}, {'Sobre vía secundaria': 'true'}]}",2026-07-28 09:03:38.279436+00:00
https://www.metrocuadrado.com/inmueble/arriendo-apartamento-bogota-bella-suiza-3-habitaciones-3-banos-2-garajes/21122-M6199050?src_url=%2Finmuebles%2Farriendo%2Fbogota,"{'title': 'Apartamento En Arriendo, BELLA SUIZA', 'location': 'BELLA SUIZA, Bogotá D.C.', 'price': '$ 6.000.000', 'area': None, 'estrato': None, 'main_specs': '3 hab. | 3 bañ. | 2 par.', 'characteristics': [{'Apto para niños': 'true'}, {'Con chimenea': 'true'}, {'Citófonos': 'true'}, {'Comedor auxiliar': 'true'}, {'Tipo de Cortinas con velos': 'true'}, {'Cuarto de servicio': 'true'}, {'Estudio o biblioteca': 'true'}, {'Hall de Alcobas': 'true'}, {'Zona de lavanderia': 'true'}, {'Despensa': 'true'}, {'En interior y/o bloque': 'true'}, {'Extractor': 'true'}, {'Horno': 'true'}, {'Tipo instalación de gas natural': 'true'}, {'Lavaplatos': 'true'}, {'Luz en la tarde': 'true'}, {'Número de Closets 3': 'true'}, {'Número de piso 1': 'true'}, {'Se Permiten Mascotas': 'true'}, {'Shut de basura': 'true'}, {'Tipo de calentador gas': 'true'}, {'Tipo de Cocina paralela': 'true'}, {'Tipo comedor comedor independiente': 'true'}, {'Depósito 0': 'true'}, {'Tipo de estufa gas': 'true'}, {'Tipo de acabado piso cerámica': 'true'}, {'Tipo de piso en alcobas laminado': 'true'}, {'Tipo de piso en comedor cerámica': 'true'}, {'Tipo de piso en estudio laminado': 'true'}, {'Tipo de piso en sala cerámica': 'true'}, {'Vista interior': 'true'}, {'Walking closet': 'true'}, {'Cerca a gimnasio': 'true'}, {'Cerca a hospitales': 'true'}, {'Cerca a Jardines y Colegios': 'true'}, {'Cerca a restaurantes': 'true'}, {'Área Terraza/Balcón 35': 'true'}, {'Ascensor': 'true'}, {'Circuito cerrado de TV': 'true'}, {'Parqueadero cubierto': 'true'}, {'Conjunto cerrado': 'true'}, {'Número de Ascensores 1': 'true'}, {'Recepción Lobby': 'true'}, {'Terraza/Balcón terraza': 'true'}, {'Tipo de parqueadero propio': 'true'}, {'Vigilancia 24hrs': 'true'}, {'Cerca Centros Comerciales': 'true'}, {'Cerca Colegios / Universidades': 'true'}, {'Cerca Parques': 'true'}, {'Cerca Supermercados': 'true'}, {'Cerca Transporte Público': 'true'}, {'Sobre vía secundaria': 'true'}, {'Cerca Centros Comerciales': 'true'}, {'Cerca Colegios / Universidades': 'true'}, {'Cerca Parques': 'true'}, {'Cerca Supermercados': 'true'}, {'Cerca Transporte Público': 'true'}, {'Sobre vía secundaria': 'true'}]}",2026-07-28 09:03:43.681364+00:00
https://www.metrocuadrado.com/inmueble/arriendo-apartamento-bogota-cabrera-3-habitaciones-4-banos-4-garajes/19579-M6732931?src_url=%2Finmuebles%2Farriendo%2Fbogota,"{'title': 'Apartamento En Arriendo, Cabrera', 'location': 'Cabrera, Bogotá D.C.', 'price': '$ 33.000.000', 'area': None, 'estrato': None, 'main_specs': '3 hab. | 4 bañ. | 4 par.', 'characteristics': [{'Altillo': 'true'}, {'Baño Auxiliar': 'true'}, {'Aire acondicionado': 'true'}, {'Alarma': 'true'}, {'Baño de Servicio': 'true'}, {'Con calefacción': 'true'}, {'Con chimenea': 'true'}, {'Citófonos': 'true'}, {'Cocina Tipo Americano': 'true'}, {'Cocina integral': 'true'}, {'Comedor auxiliar': 'true'}, {'Cuarto de servicio': 'true'}, {'Depósito o cuarto útil': 'true'}, {'Estudio o biblioteca': 'true'}, {'Hall de Alcobas': 'true'}, {'Jacuzzi': 'true'}, {'Equipado / Amoblado': 'true'}, {'Zona de lavanderia': 'true'}, {'Control de ruido': 'true'}, {'Control térmico': 'true'}, {'Despensa': 'true'}, {'Detección de humo': 'true'}, {'Extractor': 'true'}, {'Horno': 'true'}, {'Lavaplatos': 'true'}, {'Luz en la mañana': 'true'}, {'Luz en la tarde': 'true'}, {'Monoambiente': 'true'}, {'Número de piso 12': 'true'}, {'Puerta eléctrica': 'true'}, {'Shut de basura': 'true'}, {'Depósito 1': 'true'}, {'Tipo de acabado piso cerámica': 'true'}, {'Walking closet': 'true'}, {'Cerca a hospitales': 'true'}, {'Cerca a Jardines y Colegios': 'true'}, {'Cerca a restaurantes': 'true'}, {'Cerca a tiendas de barrio': 'true'}, {'Cerca playa': 'true'}, {'Cancha(s) de Basket': 'true'}, {'Cancha(s) de Fútbol': 'true'}, {'Cancha(s) de squash': 'true'}, {'Cancha(s) de Tennis': 'true'}, {'Gimnasio': 'true'}, {'Jaula de Golf': 'true'}, {'Salón comunal': 'true'}, {'Sauna y/o turco': 'true'}, {'Zona de BBQ': 'true'}, {'Zona para niños': 'true'}, {'Zonas verdes': 'true'}, {'Acceso con tarjetas o dispositivos': 'true'}, {'Ascensor': 'true'}, {'Bahias de parqueo': 'true'}, {'Circuito cerrado de TV': 'true'}, {'Parqueadero visitantes': 'true'}, {'Piscina': 'true'}, {'Con Terraza': 'true'}, {'Vigilancia': 'true'}, {'Vista panorámica': 'true'}, {'Conjunto cerrado': 'true'}, {'Energia solar': 'true'}, {'Parqueadero inteligente': 'true'}, {'Recepción Lobby': 'true'}, {'Roof garden': 'true'}, {'Terraza/Balcón balcón': 'true'}, {'Terraza Rooftop': 'true'}, {'Vivienda Bifamiliar': 'true'}, {'Cerca Colegios / Universidades': 'true'}, {'Cerca Parques': 'true'}, {'Cerca Transporte Público': 'true'}, {'Sobre vía principal': 'true'}, {'Área Rural': 'true'}, {'Ubicación zona centros negocios': 'true'}, {'Área Urbana': 'true'}, {'Cerca Colegios / Universidades': 'true'}, {'Cerca Parques': 'true'}, {'Cerca Transporte Público': 'true'}, {'Sobre vía principal': 'true'}, {'Área Rural': 'true'}, {'Ubicación zona centros negocios': 'true'}, {'Área Urbana': 'true'}]}",2026-07-28 09:03:49.114048+00:00
https://www.metrocuadrado.com/inmueble/arriendo-casa-bogota-casa-blanca-3-habitaciones-3-banos-2-garajes/22854-M6632018?src_url=%2Finmuebles%2Farriendo%2Fbogota,"{'title': 'Casa En Arriendo, GUAYMARAL', 'location': 'GUAYMARAL, Bogotá D.C.', 'price': '$ 6.500.000', 'area': None, 'estrato': None, 'main_specs': '3 hab. | 3 bañ. | 2 par.', 'characteristics': [{'Altillo': 'true'}, {'Apto para niños': 'true'}, {'Con chimenea': 'true'}, {'Tipo de Cortinas persianas': 'true'}, {'Hall de Alcobas': 'true'}, {'Zona de lavanderia': 'true'}, {'Despensa': 'true'}, {'Extractor': 'true'}, {'Horno': 'true'}, {'Tipo instalación de gas natural': 'true'}, {'Lavaplatos': 'true'}, {'Luz en la mañana': 'true'}, {'Luz en la tarde': 'true'}, {'Número de Closets 3': 'true'}, {'Número de líneas teléfonicas 0': 'true'}, {'Se Permiten Mascotas': 'true'}, {'Tipo de calentador gas': 'true'}, {'Tipo de Casa tradicional': 'true'}, {'Tipo de Cocina otra': 'true'}, {'Tipo comedor comedor independiente': 'true'}, {'Depósito 1': 'true'}, {'Tipo de estufa gas': 'true'}, {'Tipo de acabado piso madera': 'true'}, {'Tipo de piso en alcobas madera': 'true'}, {'Tipo de piso en comedor madera': 'true'}, {'Tipo de piso en sala madera': 'true'}, {'Vista exterior': 'true'}, {'Cerca a gimnasio': 'true'}, {'Cerca a hospitales': 'true'}, {'Cerca a Jardines y Colegios': 'true'}, {'Cerca a restaurantes': 'true'}, {'Cerca a tiendas de barrio': 'true'}, {'Zona de BBQ': 'true'}, {'Acceso con tarjetas o dispositivos': 'true'}, {'&Aacute;rea del lote 1200': 'true'}, {'Área Terraza/Balcón 3': 'true'}, {'Acceso para discapacitados': 'true'}, {'Circuito cerrado de TV': 'true'}, {'Jardín': 'true'}, {'Vista panorámica': 'true'}, {'Conjunto cerrado': 'true'}, {'Número de Ascensores 0': 'true'}, {'Número de niveles 2': 'true'}, {'Terraza/Balcón balcón': 'true'}, {'Tipo de parqueadero propio': 'true'}, {'Vigilancia 0': 'true'}, {'Cerca Centros Comerciales': 'true'}, {'Cerca Colegios / Universidades': 'true'}, {'Cerca Parques': 'true'}, {'Cerca Supermercados': 'true'}, {'Cerca Transporte Público': 'true'}, {'Sobre vía secundaria': 'true'}, {'Área Rural': 'true'}, {'Cerca Centros Comerciales': 'true'}, {'Cerca Colegios / Universidades': 'true'}, {'Cerca Parques': 'true'}, {'Cerca Supermercados': 'true'}, {'Cerca Transporte Público': 'true'}, {'Sobre vía secundaria': 'true'}, {'Área Rural': 'true'}]}",2026-07-28 09:03:54.597359+00:00
https://www.metrocuadrado.com/inmueble/arriendo-apartamento-bogota-chico-3-habitaciones-5-banos-3-garajes/19579-M5855049?src_url=%2Finmuebles%2Farriendo%2Fbogota,"{'title': 'Apartamento En Arriendo, Cabrera', 'location': 'Cabrera, Bogotá D.C.', 'price': '$ 15.998.000', 'area': None, 'estrato': None, 'main_specs': '3 hab. | 5 bañ. | 3 par.', 'characteristics': [{'Baño Auxiliar': 'true'}, {'Baño de Servicio': 'true'}, {'Con chimenea': 'true'}, {'Citófonos': 'true'}, {'Cocina Tipo Americano': 'true'}, {'Cocina integral': 'true'}, {'Comedor auxiliar': 'true'}, {'Cuarto de servicio': 'true'}, {'Estudio o biblioteca': 'true'}, {'Hall de Alcobas': 'true'}, {'Zona de lavanderia': 'true'}, {'Despensa': 'true'}, {'Monoambiente': 'true'}, {'Número de piso 9': 'true'}, {'Depósito 1': 'true'}, {'Tipo de acabado piso cerámica': 'true'}, {'Gimnasio': 'true'}, {'Jaula de Golf': 'true'}, {'Salón comunal': 'true'}, {'Sauna y/o turco': 'true'}, {'Zona para niños': 'true'}, {'Zonas verdes': 'true'}, {'Ascensor': 'true'}, {'Circuito cerrado de TV': 'true'}, {'Parqueadero visitantes': 'true'}, {'Piscina': 'true'}, {'Con Terraza': 'true'}, {'Vigilancia': 'true'}, {'Vista panorámica': 'true'}, {'Conjunto cerrado': 'true'}, {'Recepción Lobby': 'true'}, {'Terraza/Balcón balcón': 'true'}, {'Terraza Rooftop': 'true'}, {'Cerca Colegios / Universidades': 'true'}, {'Cerca Parques': 'true'}, {'Cerca Transporte Público': 'true'}, {'Área Urbana': 'true'}, {'Cerca Colegios / Universidades': 'true'}, {'Cerca Parques': 'true'}, {'Cerca Transporte Público': 'true'}, {'Área Urbana': 'true'}]}",2026-07-28 09:03:59.912796+00:00
https://www.metrocuadrado.com/inmueble/arriendo-apartamento-bogota-chico-norte-3-habitaciones-5-banos-3-garajes/3774-M6895970?src_url=%2Finmuebles%2Farriendo%2Fbogota,"{'title': 'Apartamento En Arriendo, LA CABRERA CHICO', 'location': 'LA CABRERA CHICO, Bogotá D.C.', 'price': '$ 15.000.000', 'area': None, 'estrato': None, 'main_specs': '3 hab. | 5 bañ. | 3 par.', 'characteristics': [{'Apto para niños': 'true'}, {'Con chimenea': 'true'}, {'Citófonos': 'true'}, {'Cuarto de servicio': 'true'}, {'Hall de Alcobas': 'true'}, {'Equipado / Amoblado': 'true'}, {'Puertas de seguridad': 'true'}, {'Zona de lavanderia': 'true'}, {'Control de ruido': 'true'}, {'Despensa': 'true'}, {'Extractor': 'true'}, {'Horno': 'true'}, {'Tipo instalación de gas natural': 'true'}, {'Lavaplatos': 'true'}, {'Número de Closets 4': 'true'}, {'Número de piso 2': 'true'}, {'Shut de basura': 'true'}, {'Tipo de calentador gas': 'true'}, {'Tipo comedor sala comedor': 'true'}, {'Depósito 1': 'true'}, {'Tipo de estufa gas': 'true'}, {'Tipo de acabado piso laminado': 'true'}, {'Tipo de piso en alcobas laminado': 'true'}, {'Tipo de piso en comedor laminado': 'true'}, {'Tipo de piso en estudio otro': 'true'}, {'Tipo de piso en sala laminado': 'true'}, {'Vista exterior': 'true'}, {'Walking closet': 'true'}, {'Cerca a gimnasio': 'true'}, {'Cerca a Jardines y Colegios': 'true'}, {'Cerca a restaurantes': 'true'}, {'Cerca a tiendas de barrio': 'true'}, {'Gimnasio': 'true'}, {'Salón comunal': 'true'}, {'Zona de BBQ': 'true'}, {'Área Terraza/Balcón 70': 'true'}, {'Ascensor': 'true'}, {'Acceso para discapacitados': 'true'}, {'Circuito cerrado de TV': 'true'}, {'Parqueadero cubierto': 'true'}, {'Número de Ascensores 2': 'true'}, {'Recepción Lobby': 'true'}, {'Terraza/Balcón terraza': 'true'}, {'Tipo de parqueadero independiente': 'true'}, {'Vigilancia 24hrs': 'true'}, {'Cerca Centros Comerciales': 'true'}, {'Cerca Parques': 'true'}, {'Cerca Supermercados': 'true'}, {'Cerca Transporte Público': 'true'}, {'Sobre vía secundaria': 'true'}, {'Cerca Centros Comerciales': 'true'}, {'Cerca Parques': 'true'}, {'Cerca Supermercados': 'true'}, {'Cerca Transporte Público': 'true'}, {'Sobre vía secundaria': 'true'}]}",2026-07-28 09:04:05.234820+00:00
https://www.metrocuadrado.com/inmueble/arriendo-apartamento-bogota-bellavista-3-habitaciones-4-banos-2-garajes/38-M6811393?src_url=%2Finmuebles%2Farriendo%2Fbogota,"{'title': 'Apartamento En Arriendo, LOS ROSALES EMAUS', 'location': 'LOS ROSALES EMAUS, Bogotá D.C.', 'price': '$ 9.200.000', 'area': None, 'estrato': None, 'main_specs': '3 hab. | 4 bañ. | 2 par.', 'characteristics': [{'Apto para niños': 'true'}, {'Con chimenea': 'true'}, {'Citófonos': 'true'}, {'Tipo de Cortinas persianas': 'true'}, {'Cuarto de servicio': 'true'}, {'Estudio o biblioteca': 'true'}, {'Hall de Alcobas': 'true'}, {'Puertas de seguridad': 'true'}, {'Zona de lavanderia': 'true'}, {'Despensa': 'true'}, {'Extractor': 'true'}, {'Horno': 'true'}, {'Tipo instalación de gas natural': 'true'}, {'Lavaplatos': 'true'}, {'Luz en la mañana': 'true'}, {'Luz en la tarde': 'true'}, {'Número de Closets 4': 'true'}, {'Número de piso 5': 'true'}, {'Se Permiten Mascotas': 'true'}, {'Shut de basura': 'true'}, {'Tipo de calentador gas': 'true'}, {'Tipo de Cocina en l': 'true'}, {'Tipo comedor sala comedor': 'true'}, {'Depósito 1': 'true'}, {'Tipo de estufa gas': 'true'}, {'Tipo de acabado piso madera': 'true'}, {'Tipo de piso en alcobas madera': 'true'}, {'Tipo de piso en comedor madera': 'true'}, {'Tipo de piso en estudio madera': 'true'}, {'Tipo de piso en sala madera': 'true'}, {'Vista exterior': 'true'}, {'Cerca a gimnasio': 'true'}, {'Cerca a Jardines y Colegios': 'true'}, {'Cerca a restaurantes': 'true'}, {'Cerca a tiendas de barrio': 'true'}, {'Salón comunal': 'true'}, {'Ascensor': 'true'}, {'Acceso para discapacitados': 'true'}, {'Circuito cerrado de TV': 'true'}, {'Parqueadero cubierto': 'true'}, {'Vista panorámica': 'true'}, {'Número de Ascensores 2': 'true'}, {'Terraza/Balcón ninguno': 'true'}, {'Tipo de parqueadero propio': 'true'}, {'Vigilancia 24hrs': 'true'}, {'Cerca Colegios / Universidades': 'true'}, {'Cerca Parques': 'true'}, {'Cerca Supermercados': 'true'}, {'Sobre vía secundaria': 'true'}, {'Cerca Colegios / Universidades': 'true'}, {'Cerca Parques': 'true'}, {'Cerca Supermercados': 'true'}, {'Sobre vía secundaria': 'true'}]}",2026-07-28 09:04:10.629423+00:00
https://www.metrocuadrado.com/inmueble/arriendo-oficina-bogota-la-porciuncula-5-banos-4-garajes/848-M6867776?src_url=%2Finmuebles%2Farriendo%2Fbogota,"{'title': 'Oficina En Arriendo', 'location': 'Bogotá D.C.', 'price': '$ 46.530.000', 'area': None, 'estrato': None, 'main_specs': '5 bañ. | 4 par.', 'characteristics': [{'Aire acondicionado': 'true'}, {'Con calefacción': 'true'}, {'Citófonos': 'true'}, {'Equipado / Amoblado': 'true'}, {'Puertas de seguridad': 'true'}, {'Control de ruido': 'true'}, {'Control térmico': 'true'}, {'Depósito Bodega': 'true'}, {'Detección de humo': 'true'}, {'Equipado': 'true'}, {'Escalera de Emergencia': 'true'}, {'Número de piso 6': 'true'}, {'Salón de conferencias': 'true'}, {'Se Permite Fumar': 'true'}, {'Tipo de oficina edificio': 'true'}, {'Tipo de acabado piso laminado': 'true'}, {'Vista exterior': 'true'}, {'Cerca a gimnasio': 'true'}, {'Cerca a hospitales': 'true'}, {'Acceso con tarjetas o dispositivos': 'true'}, {'Ascensor': 'true'}, {'Acceso para discapacitados': 'true'}, {'Circuito cerrado de TV': 'true'}, {'Parqueadero cubierto': 'true'}, {'Número de Ascensores 4': 'true'}, {'Recepción Lobby': 'true'}, {'Sistema contra incendio': 'true'}, {'Vigilancia 24hrs': 'true'}, {'Cerca Colegios / Universidades': 'true'}, {'Cerca Parques': 'true'}, {'Cerca Supermercados': 'true'}, {'Cerca Transporte Público': 'true'}, {'Sobre vía principal': 'true'}, {'Sobre vía secundaria': 'true'}, {'Cerca Colegios / Universidades': 'true'}, {'Cerca Parques': 'true'}, {'Cerca Supermercados': 'true'}, {'Cerca Transporte Público': 'true'}, {'Sobre vía principal': 'true'}, {'Sobre vía secundaria': 'true'}]}",2026-07-28 09:04:15.483370+00:00
https://www.metrocuadrado.com/inmueble/arriendo-apartamento-bogota-chico-norte-et.-ii-1-habitaciones-2-banos-2-garajes/12494-M5738764?src_url=%2Finmuebles%2Farriendo%2Fbogota,"{'title': 'Apartamento En Arriendo, CHICO RESERVADO', 'location': 'CHICO RESERVADO, Bogotá D.C.', 'price': '$ 7.500.000', 'area': None, 'estrato': None, 'main_specs': '1 hab. | 2 bañ. | 2 par.', 'characteristics': [{'Apto para niños': 'true'}, {'Alarma': 'true'}, {'Citófonos': 'true'}, {'Tipo de Cortinas persianas': 'true'}, {'Equipado / Amoblado': 'true'}, {'Puertas de seguridad': 'true'}, {'Zona de lavanderia': 'true'}, {'Control de ruido': 'true'}, {'Despensa': 'true'}, {'En interior y/o bloque': 'true'}, {'Horno': 'true'}, {'Tipo instalación de gas natural': 'true'}, {'Lavaplatos': 'true'}, {'Luz en la tarde': 'true'}, {'Número de Closets 1': 'true'}, {'Número de piso 9': 'true'}, {'Se Permite Fumar': 'true'}, {'Shut de basura': 'true'}, {'Tipo de calentador gas': 'true'}, {'Tipo de Cocina abierta': 'true'}, {'Tipo comedor sala comedor': 'true'}, {'Depósito 1': 'true'}, {'Tipo de estufa mixta': 'true'}, {'Tipo de acabado piso madera': 'true'}, {'Tipo de piso en alcobas madera': 'true'}, {'Tipo de piso en comedor madera': 'true'}, {'Tipo de piso en estudio madera': 'true'}, {'Tipo de piso en sala madera': 'true'}, {'Vista exterior': 'true'}, {'Walking closet': 'true'}, {'Cerca a gimnasio': 'true'}, {'Cerca a Jardines y Colegios': 'true'}, {'Cerca a restaurantes': 'true'}, {'Cerca a tiendas de barrio': 'true'}, {'Cancha(s) de squash': 'true'}, {'Gimnasio': 'true'}, {'Salón comunal': 'true'}, {'Sauna y/o turco': 'true'}, {'Zona de BBQ': 'true'}, {'Zona para niños': 'true'}, {'Zonas verdes': 'true'}, {'Área Terraza/Balcón 35': 'true'}, {'Ascensor': 'true'}, {'Acceso para discapacitados': 'true'}, {'Circuito cerrado de TV': 'true'}, {'Parqueadero cubierto': 'true'}, {'Conjunto cerrado': 'true'}, {'Número de Ascensores 2': 'true'}, {'Terraza/Balcón terraza': 'true'}, {'Tipo de parqueadero propio': 'true'}, {'Cerca Centros Comerciales': 'true'}, {'Cerca Colegios / Universidades': 'true'}, {'Cerca Parques': 'true'}, {'Cerca Supermercados': 'true'}, {'Cerca Transporte Público': 'true'}, {'Sobre vía secundaria': 'true'}, {'Cerca Centros Comerciales': 'true'}, {'Cerca Colegios / Universidades': 'true'}, {'Cerca Parques': 'true'}, {'Cerca Supermercados': 'true'}, {'Cerca Transporte Público': 'true'}, {'Sobre vía secundaria': 'true'}]}",2026-07-28 09:04:20.800899+00:00
https://www.metrocuadrado.com/inmueble/arriendo-apartamento-bogota-chico-norte-et-iii-3-habitaciones-3-banos-2-garajes/2832-M6896473?src_url=%2Finmuebles%2Farriendo%2Fbogota,"{'title': 'Apartamento En Arriendo, CHICO NORTE', 'location': 'CHICO NORTE, Bogotá D.C.', 'price': '$ 11.000.000', 'area': None, 'estrato': None, 'main_specs': '3 hab. | 3 bañ. | 2 par.', 'characteristics': [{'Citófonos': 'true'}, {'Comedor auxiliar': 'true'}, {'Cuarto de servicio': 'true'}, {'Estudio o biblioteca': 'true'}, {'Equipado / Amoblado': 'true'}, {'Puertas de seguridad': 'true'}, {'Zona de lavanderia': 'true'}, {'Tipo instalación de gas natural': 'true'}, {'Número de piso 9': 'true'}, {'PentHouse': 'true'}, {'Tipo de calentador gas': 'true'}, {'Tipo de Cocina lineal': 'true'}, {'Tipo comedor sala comedor': 'true'}, {'Depósito 1': 'true'}, {'Tipo de estufa gas': 'true'}, {'Tipo de acabado piso madera': 'true'}, {'Vista exterior': 'true'}, {'Cerca a gimnasio': 'true'}, {'Cerca a Jardines y Colegios': 'true'}, {'Cerca a restaurantes': 'true'}, {'Cerca a tiendas de barrio': 'true'}, {'Gimnasio': 'true'}, {'Salón comunal': 'true'}, {'Zona para niños': 'true'}, {'Zonas verdes': 'true'}, {'Área Terraza/Balcón 4': 'true'}, {'Ascensor': 'true'}, {'Acceso para discapacitados': 'true'}, {'Circuito cerrado de TV': 'true'}, {'Parqueadero cubierto': 'true'}, {'Vista panorámica': 'true'}, {'Conjunto cerrado': 'true'}, {'Número de Ascensores 1': 'true'}, {'Terraza/Balcón balcón': 'true'}, {'Tipo de parqueadero independiente': 'true'}, {'Vigilancia 24hrs': 'true'}, {'Cerca Centros Comerciales': 'true'}, {'Cerca Colegios / Universidades': 'true'}, {'Cerca Supermercados': 'true'}, {'Cerca Centros Comerciales': 'true'}, {'Cerca Colegios / Universidades': 'true'}, {'Cerca Supermercados': 'true'}]}",2026-07-28 09:04:25.575416+00:00
https://www.metrocuadrado.com/inmueble/arriendo-apartamento-bogota-santa-barbara-alta-1-habitaciones-1-banos/16916-M6452874?src_url=%2Finmuebles%2Farriendo%2Fbogota,"{'title': 'Apartamento En Arriendo, SANTA BARBARA ALTA USAQUEN', 'location': 'SANTA BARBARA ALTA USAQUEN, Bogotá D.C.', 'price': '$ 2.418.000', 'area': None, 'estrato': None, 'main_specs': '1 hab. | 1 bañ.', 'characteristics': [{'Citófonos': 'true'}, {'Tipo de Cortinas persianas': 'true'}, {'Puertas de seguridad': 'true'}, {'Extractor': 'true'}, {'Horno': 'true'}, {'Tipo instalación de gas natural': 'true'}, {'Lavaplatos': 'true'}, {'Luz en la mañana': 'true'}, {'Número de Closets 1': 'true'}, {'Número de piso 2': 'true'}, {'Tipo de calentador electrico': 'true'}, {'Tipo de Cocina lineal': 'true'}, {'Tipo comedor sala comedor': 'true'}, {'Depósito 0': 'true'}, {'Tipo de estufa mixta': 'true'}, {'Tipo de acabado piso porcelanato': 'true'}, {'Tipo de piso en alcobas porcelanato': 'true'}, {'Tipo de piso en comedor porcelanato': 'true'}, {'Tipo de piso en sala porcelanato': 'true'}, {'Vista interior': 'true'}, {'Walking closet': 'true'}, {'Cerca a gimnasio': 'true'}, {'Cerca a hospitales': 'true'}, {'Cerca a Jardines y Colegios': 'true'}, {'Cerca a restaurantes': 'true'}, {'Cerca a tiendas de barrio': 'true'}, {'Área Terraza/Balcón 7': 'true'}, {'Ascensor': 'true'}, {'Circuito cerrado de TV': 'true'}, {'Conjunto cerrado': 'true'}, {'Número de Ascensores 1': 'true'}, {'Terraza/Balcón balcón': 'true'}, {'Vigilancia 24hrs': 'true'}, {'Cerca Centros Comerciales': 'true'}, {'Cerca Colegios / Universidades': 'true'}, {'Cerca Parques': 'true'}, {'Cerca Supermercados': 'true'}, {'Cerca Transporte Público': 'true'}, {'Sobre vía secundaria': 'true'}, {'Cerca Centros Comerciales': 'true'}, {'Cerca Colegios / Universidades': 'true'}, {'Cerca Parques': 'true'}, {'Cerca Supermercados': 'true'}, {'Cerca Transporte Público': 'true'}, {'Sobre vía secundaria': 'true'}]}",2026-07-28 09:04:30.989750+00:00
https://www.metrocuadrado.com/inmueble/arriendo-apartamento-bogota-chico-norte-et.-ii-3-habitaciones-5-banos-3-garajes/12494-M5615493?src_url=%2Finmuebles%2Farriendo%2Fbogota,"{'title': 'Apartamento En Arriendo, Chico Reservado', 'location': 'Chico Reservado, Bogotá D.C.', 'price': '$ 20.000.000', 'area': None, 'estrato': None, 'main_specs': '3 hab. | 5 bañ. | 3 par.', 'characteristics': [{'Apto para niños': 'true'}, {'Citófonos': 'true'}, {'Tipo de Cortinas persianas': 'true'}, {'Cuarto de servicio': 'true'}, {'Puertas de seguridad': 'true'}, {'Zona de lavanderia': 'true'}, {'Control de ruido': 'true'}, {'Despensa': 'true'}, {'Detección de humo': 'true'}, {'En interior y/o bloque': 'true'}, {'Extractor': 'true'}, {'Horno': 'true'}, {'Tipo instalación de gas ninguno': 'true'}, {'Lavaplatos': 'true'}, {'Luz en la tarde': 'true'}, {'Número de Closets 2': 'true'}, {'Número de piso 4': 'true'}, {'Se Permite Fumar': 'true'}, {'Shut de basura': 'true'}, {'Tipo de calentador caldera': 'true'}, {'Tipo de Cocina lineal': 'true'}, {'Tipo comedor sala comedor': 'true'}, {'Depósito 1': 'true'}, {'Tipo de estufa electrica': 'true'}, {'Tipo de acabado piso madera': 'true'}, {'Tipo de piso en alcobas madera': 'true'}, {'Tipo de piso en comedor madera': 'true'}, {'Tipo de piso en sala madera': 'true'}, {'Vista exterior': 'true'}, {'Cerca a gimnasio': 'true'}, {'Cerca a hospitales': 'true'}, {'Cerca a Jardines y Colegios': 'true'}, {'Cerca a restaurantes': 'true'}, {'Cancha(s) de Fútbol': 'true'}, {'Gimnasio': 'true'}, {'Salón comunal': 'true'}, {'Zona de BBQ': 'true'}, {'Zona para niños': 'true'}, {'Zonas verdes': 'true'}, {'Área Terraza/Balcón 4': 'true'}, {'Ascensor': 'true'}, {'Acceso para discapacitados': 'true'}, {'Circuito cerrado de TV': 'true'}, {'Parqueadero cubierto': 'true'}, {'Piscina': 'true'}, {'Vista panorámica': 'true'}, {'Conjunto cerrado': 'true'}, {'Número de Ascensores 3': 'true'}, {'Recepción Lobby': 'true'}, {'Terraza/Balcón balcón': 'true'}, {'Tipo de parqueadero propio': 'true'}, {'Vigilancia 24hrs': 'true'}, {'Cerca Centros Comerciales': 'true'}, {'Cerca Colegios / Universidades': 'true'}, {'Cerca Parques': 'true'}, {'Cerca Supermercados': 'true'}, {'Cerca Transporte Público': 'true'}, {'Sobre vía secundaria': 'true'}, {'Cerca Centros Comerciales': 'true'}, {'Cerca Colegios / Universidades': 'true'}, {'Cerca Parques': 'true'}, {'Cerca Supermercados': 'true'}, {'Cerca Transporte Público': 'true'}, {'Sobre vía secundaria': 'true'}]}",2026-07-28 09:04:36.473723+00:00
https://www.metrocuadrado.com/inmueble/arriendo-casa-bogota-na-4-habitaciones-4-banos-4-garajes/14356-M6519846?src_url=%2Finmuebles%2Farriendo%2Fbogota,"{'title': 'Casa En Arriendo, Guaymaral', 'location': 'Guaymaral, Bogotá D.C.', 'price': '$ 10.000.000', 'area': None, 'estrato': None, 'main_specs': '4 hab. | 4 bañ. | 4 par.', 'characteristics': [{'Apto para niños': 'true'}, {'Baño Auxiliar': 'true'}, {'Casa campestre': 'true'}, {'Baño de Servicio': 'true'}, {'Con chimenea': 'true'}, {'Citófonos': 'true'}, {'Cocina Tipo Americano': 'true'}, {'Cocina integral': 'true'}, {'Comedor auxiliar': 'true'}, {'Tipo de Cortinas persianas': 'true'}, {'Cuarto de servicio': 'true'}, {'Estudio o biblioteca': 'true'}, {'Hall de Alcobas': 'true'}, {'Jacuzzi': 'true'}, {'Zona de lavanderia': 'true'}, {'Despensa': 'true'}, {'Tipo instalación de gas natural': 'true'}, {'Lavaplatos': 'true'}, {'Luz en la mañana': 'true'}, {'Luz en la tarde': 'true'}, {'Número de Closets 4': 'true'}, {'Tipo de calentador gas': 'true'}, {'Tipo de Casa tradicional': 'true'}, {'Tipo de Cocina isla': 'true'}, {'Tipo comedor comedor independiente': 'true'}, {'Depósito 1': 'true'}, {'Tipo de estufa gas': 'true'}, {'Tipo de acabado piso marmol': 'true'}, {'Tipo de piso en alcobas laminado': 'true'}, {'Tipo de piso en comedor madera': 'true'}, {'Tipo de piso en estudio madera': 'true'}, {'Tipo de piso en sala madera': 'true'}, {'Vista exterior': 'true'}, {'Walking-closet': 'true'}, {'Cerca a gimnasio': 'true'}, {'Cerca a hospitales': 'true'}, {'Cerca a Jardines y Colegios': 'true'}, {'Cerca a restaurantes': 'true'}, {'Jardín interior': 'true'}, {'Salón comunal': 'true'}, {'Zona de BBQ': 'true'}, {'Zona para niños': 'true'}, {'Zonas verdes': 'true'}, {'&Aacute;rea del lote 3200': 'true'}, {'Circuito cerrado de TV': 'true'}, {'Parqueadero cubierto': 'true'}, {'Jardín': 'true'}, {'Parqueadero visitantes': 'true'}, {'Vigilancia': 'true'}, {'Vista panorámica': 'true'}, {'Conjunto cerrado': 'true'}, {'Número de niveles 2': 'true'}, {'Tanques de Agua': 'true'}, {'Terraza/Balcón ninguno': 'true'}, {'Tipo de parqueadero propio': 'true'}, {'Vigilancia 24hrs': 'true'}, {'Cerca Centros Comerciales': 'true'}, {'Cerca Colegios / Universidades': 'true'}, {'Cerca Parques': 'true'}, {'Cerca Supermercados': 'true'}, {'Cerca Transporte Público': 'true'}, {'Sobre vía secundaria': 'true'}, {'Área Rural': 'true'}, {'Ubicación zona centros negocios': 'true'}, {'Área Urbana': 'true'}, {'Cerca Centros Comerciales': 'true'}, {'Cerca Colegios / Universidades': 'true'}, {'Cerca Parques': 'true'}, {'Cerca Supermercados': 'true'}, {'Cerca Transporte Público': 'true'}, {'Sobre vía secundaria': 'true'}, {'Área Rural': 'true'}, {'Ubicación zona centros negocios': 'true'}, {'Área Urbana': 'true'}]}",2026-07-28 09:04:41.856012+00:00
https://www.metrocuadrado.com/inmueble/arriendo-apartamento-bogota-antiguo-country-3-habitaciones-5-banos-4-garajes/14390-M6722923?src_url=%2Finmuebles%2Farriendo%2Fbogota,"{'title': 'Apartamento En Arriendo, EL VIRREY', 'location': 'EL VIRREY, Bogotá D.C.', 'price': '$ 13.110.000', 'area': None, 'estrato': None, 'main_specs': '3 hab. | 5 bañ. | 4 par.', 'characteristics': [{'Apto para niños': 'true'}, {'Con chimenea': 'true'}, {'Citófonos': 'true'}, {'Comedor auxiliar': 'true'}, {'Tipo de Cortinas persianas': 'true'}, {'Cuarto de servicio': 'true'}, {'Estudio o biblioteca': 'true'}, {'Hall de Alcobas': 'true'}, {'Puertas de seguridad': 'true'}, {'Zona de lavanderia': 'true'}, {'Despensa': 'true'}, {'En interior y/o bloque': 'true'}, {'Extractor': 'true'}, {'Horno': 'true'}, {'Tipo instalación de gas natural': 'true'}, {'Luz en la mañana': 'true'}, {'Luz en la tarde': 'true'}, {'Número de Closets 3': 'true'}, {'Número de piso 4': 'true'}, {'Tipo de calentador gas': 'true'}, {'Tipo de Cocina abierta': 'true'}, {'Tipo comedor sala comedor': 'true'}, {'Depósito 1': 'true'}, {'Tipo de estufa gas': 'true'}, {'Tipo de acabado piso laminado': 'true'}, {'Tipo de piso en alcobas laminado': 'true'}, {'Tipo de piso en comedor laminado': 'true'}, {'Tipo de piso en estudio laminado': 'true'}, {'Tipo de piso en sala laminado': 'true'}, {'Vista exterior': 'true'}, {'Walking closet': 'true'}, {'Cerca a gimnasio': 'true'}, {'Cerca a hospitales': 'true'}, {'Cerca a Jardines y Colegios': 'true'}, {'Cerca a restaurantes': 'true'}, {'Cerca a tiendas de barrio': 'true'}, {'Gimnasio': 'true'}, {'Salón comunal': 'true'}, {'Zona de BBQ': 'true'}, {'Zona para niños': 'true'}, {'Área Terraza/Balcón 10': 'true'}, {'Ascensor': 'true'}, {'Acceso para discapacitados': 'true'}, {'Circuito cerrado de TV': 'true'}, {'Parqueadero cubierto': 'true'}, {'Vista panorámica': 'true'}, {'Conjunto cerrado': 'true'}, {'Número de Ascensores 2': 'true'}, {'Recepción Lobby': 'true'}, {'Terraza/Balcón balcón': 'true'}, {'Tipo de parqueadero propio': 'true'}, {'Vigilancia 24hrs': 'true'}, {'Cerca Centros Comerciales': 'true'}, {'Cerca Colegios / Universidades': 'true'}, {'Cerca Parques': 'true'}, {'Cerca Supermercados': 'true'}, {'Cerca Transporte Público': 'true'}, {'Sobre vía principal': 'true'}, {'Sobre vía secundaria': 'true'}, {'Cerca Centros Comerciales': 'true'}, {'Cerca Colegios / Universidades': 'true'}, {'Cerca Parques': 'true'}, {'Cerca Supermercados': 'true'}, {'Cerca Transporte Público': 'true'}, {'Sobre vía principal': 'true'}, {'Sobre vía secundaria': 'true'}]}",2026-07-28 09:04:47.360226+00:00
https://www.metrocuadrado.com/inmueble/arriendo-apartamento-bogota-refugio-3-habitaciones-4-banos-3-garajes/18942-M6652530?src_url=%2Finmuebles%2Farriendo%2Fbogota,"{'title': 'Apartamento En Arriendo, Refugio', 'location': 'Refugio, Bogotá D.C.', 'price': '$ 18.000.000', 'area': None, 'estrato': None, 'main_specs': '3 hab. | 4 bañ. | 3 par.', 'characteristics': [{'Baño Auxiliar': 'true'}, {'Baño de Servicio': 'true'}, {'Con calefacción': 'true'}, {'Con chimenea': 'true'}, {'Citófonos': 'true'}, {'Cocina Tipo Americano': 'true'}, {'Cocina integral': 'true'}, {'Comedor auxiliar': 'true'}, {'Cuarto de servicio': 'true'}, {'Estudio o biblioteca': 'true'}, {'Zona de lavanderia': 'true'}, {'Horno': 'true'}, {'Lavaplatos': 'true'}, {'Luz en la mañana': 'true'}, {'Luz en la tarde': 'true'}, {'Monoambiente': 'true'}, {'Número de piso 3': 'true'}, {'Depósito 1': 'true'}, {'Cerca a Jardines y Colegios': 'true'}, {'Cancha(s) de squash': 'true'}, {'Cancha(s) de Tennis': 'true'}, {'Gimnasio': 'true'}, {'Salón comunal': 'true'}, {'Zona de BBQ': 'true'}, {'Zona para niños': 'true'}, {'Zonas verdes': 'true'}, {'Ascensor': 'true'}, {'Parqueadero visitantes': 'true'}, {'Con Terraza': 'true'}, {'Vigilancia': 'true'}, {'Vista panorámica': 'true'}, {'Conjunto cerrado': 'true'}, {'Recepción Lobby': 'true'}, {'Terraza/Balcón balcón': 'true'}, {'Terraza Rooftop': 'true'}, {'Cerca Parques': 'true'}, {'Cerca Transporte Público': 'true'}, {'Área Urbana': 'true'}, {'Cerca Parques': 'true'}, {'Cerca Transporte Público': 'true'}, {'Área Urbana': 'true'}]}",2026-07-28 09:04:52.078380+00:00
https://www.metrocuadrado.com/inmueble/arriendo-apartamento-bogota-gratamira-3-habitaciones-3-banos-3-garajes/16913-M6020289?src_url=%2Finmuebles%2Farriendo%2Fbogota,"{'title': 'Apartamento En Arriendo, Gratamira', 'location': 'Gratamira, Bogotá D.C.', 'price': '$ 7.350.000', 'area': None, 'estrato': None, 'main_specs': '3 hab. | 3 bañ. | 3 par.', 'characteristics': [{'Baño Auxiliar': 'true'}, {'Baño de Servicio': 'true'}, {'Con calefacción': 'true'}, {'Con chimenea': 'true'}, {'Citófonos': 'true'}, {'Cocina Tipo Americano': 'true'}, {'Tipo de Cortinas persianas': 'true'}, {'Cuarto de servicio': 'true'}, {'Estudio o biblioteca': 'true'}, {'Zona de lavanderia': 'true'}, {'En interior y/o bloque': 'true'}, {'Tipo instalación de gas natural': 'true'}, {'Monoambiente': 'true'}, {'Número de Closets 4': 'true'}, {'Número de piso 2': 'true'}, {'Tipo de calentador gas': 'true'}, {'Tipo de Cocina abierta': 'true'}, {'Tipo comedor sala comedor': 'true'}, {'Depósito 1': 'true'}, {'Tipo de estufa gas': 'true'}, {'Vista exterior': 'true'}, {'Cancha(s) de Tennis': 'true'}, {'Gimnasio': 'true'}, {'Zona de BBQ': 'true'}, {'Zonas verdes': 'true'}, {'Área Terraza/Balcón 40': 'true'}, {'Ascensor': 'true'}, {'Circuito cerrado de TV': 'true'}, {'Parqueadero cubierto': 'true'}, {'Parqueadero visitantes': 'true'}, {'Con Terraza': 'true'}, {'Vigilancia': 'true'}, {'Vista panorámica': 'true'}, {'Conjunto cerrado': 'true'}, {'Número de Ascensores 1': 'true'}, {'Recepción Lobby': 'true'}, {'Terraza/Balcón terraza': 'true'}, {'Terraza Rooftop': 'true'}, {'Tipo de parqueadero propio': 'true'}, {'Vigilancia 24hrs': 'true'}, {'Cerca Parques': 'true'}, {'Cerca Transporte Público': 'true'}, {'Área Urbana': 'true'}, {'Cerca Parques': 'true'}, {'Cerca Transporte Público': 'true'}, {'Área Urbana': 'true'}]}",2026-07-28 09:04:57.417962+00:00
https://www.metrocuadrado.com/inmueble/arriendo-apartamento-bogota-el-rosario-1-habitaciones-1-banos/14388-M5309081?src_url=%2Finmuebles%2Farriendo%2Fbogota,"{'title': 'Apartamento En Arriendo, El Rosario Barrios Unidos', 'location': 'El Rosario Barrios Unidos, Bogotá D.C.', 'price': '$ 2.800.000', 'area': None, 'estrato': None, 'main_specs': '1 hab. | 1 bañ.', 'characteristics': [{'Apto para niños': 'true'}, {'Citófonos': 'true'}, {'Tipo de Cortinas persianas': 'true'}, {'Equipado / Amoblado': 'true'}, {'Puertas de seguridad': 'true'}, {'Zona de lavanderia': 'true'}, {'Control de ruido': 'true'}, {'Detección de humo': 'true'}, {'Extractor': 'true'}, {'Horno': 'true'}, {'Tipo instalación de gas ninguno': 'true'}, {'Lavaplatos': 'true'}, {'Luz en la mañana': 'true'}, {'Monoambiente': 'true'}, {'Número de Closets 1': 'true'}, {'Número de piso 9': 'true'}, {'Se Permite Fumar': 'true'}, {'Se Permiten Mascotas': 'true'}, {'Shut de basura': 'true'}, {'Tipo de calentador electrico': 'true'}, {'Tipo de Cocina lineal': 'true'}, {'Tipo comedor sala comedor': 'true'}, {'Depósito 1': 'true'}, {'Tipo de estufa electrica': 'true'}, {'Tipo de acabado piso laminado': 'true'}, {'Tipo de piso en alcobas laminado': 'true'}, {'Tipo de piso en comedor laminado': 'true'}, {'Tipo de piso en estudio laminado': 'true'}, {'Tipo de piso en sala laminado': 'true'}, {'Vista exterior': 'true'}, {'Cerca a hospitales': 'true'}, {'Cerca a tiendas de barrio': 'true'}, {'Cancha(s) de Fútbol': 'true'}, {'Gimnasio': 'true'}, {'Zona de BBQ': 'true'}, {'Zona para niños': 'true'}, {'Zonas verdes': 'true'}, {'Acceso con tarjetas o dispositivos': 'true'}, {'Ascensor': 'true'}, {'Bahias de parqueo': 'true'}, {'Acceso para discapacitados': 'true'}, {'Piscina': 'true'}, {'Vista panorámica': 'true'}, {'Conjunto cerrado': 'true'}, {'Número de Ascensores 2': 'true'}, {'Recepción Lobby': 'true'}, {'Terraza/Balcón ninguno': 'true'}, {'Terraza Rooftop': 'true'}, {'Vigilancia 24hrs': 'true'}, {'Cerca Colegios / Universidades': 'true'}, {'Cerca Parques': 'true'}, {'Cerca Supermercados': 'true'}, {'Cerca Transporte Público': 'true'}, {'Sobre vía secundaria': 'true'}, {'Cerca Colegios / Universidades': 'true'}, {'Cerca Parques': 'true'}, {'Cerca Supermercados': 'true'}, {'Cerca Transporte Público': 'true'}, {'Sobre vía secundaria': 'true'}]}",2026-07-28 09:05:02.751579+00:00
https://www.metrocuadrado.com/inmueble/arriendo-apartamento-bogota-el-refugio-3-habitaciones-4-banos-3-garajes/13194-M6881592?src_url=%2Finmuebles%2Farriendo%2Fbogota,"{'title': 'Apartamento En Arriendo, CHICO REFUGIO', 'location': 'CHICO REFUGIO, Bogotá D.C.', 'price': '$ 17.000.000', 'area': None, 'estrato': None, 'main_specs': '3 hab. | 4 bañ. | 3 par.', 'characteristics': [{'Apto para niños': 'true'}, {'Con chimenea': 'true'}, {'Citófonos': 'true'}, {'Comedor auxiliar': 'true'}, {'Tipo de Cortinas persianas': 'true'}, {'Estudio o biblioteca': 'true'}, {'Hall de Alcobas': 'true'}, {'Puertas de seguridad': 'true'}, {'Zona de lavanderia': 'true'}, {'Despensa': 'true'}, {'Dúplex': 'true'}, {'Horno': 'true'}, {'Tipo instalación de gas natural': 'true'}, {'Lavaplatos': 'true'}, {'Luz en la mañana': 'true'}, {'Luz en la tarde': 'true'}, {'Número de Closets 4': 'true'}, {'Número de piso 6': 'true'}, {'PentHouse': 'true'}, {'Se Permite Fumar': 'true'}, {'Se Permiten Mascotas': 'true'}, {'Shut de basura': 'true'}, {'Tipo de calentador gas': 'true'}, {'Tipo de Cocina abierta': 'true'}, {'Tipo comedor sala comedor': 'true'}, {'Depósito 1': 'true'}, {'Tipo de estufa gas': 'true'}, {'Tipo de acabado piso madera': 'true'}, {'Tipo de piso en alcobas alfombra': 'true'}, {'Tipo de piso en comedor madera': 'true'}, {'Tipo de piso en estudio alfombra': 'true'}, {'Tipo de piso en sala madera': 'true'}, {'Vista exterior': 'true'}, {'Walking closet': 'true'}, {'Cerca a gimnasio': 'true'}, {'Cerca a hospitales': 'true'}, {'Cerca a Jardines y Colegios': 'true'}, {'Cerca a restaurantes': 'true'}, {'Salón comunal': 'true'}, {'Zona de BBQ': 'true'}, {'Área Terraza/Balcón 99': 'true'}, {'Ascensor': 'true'}, {'Acceso para discapacitados': 'true'}, {'Circuito cerrado de TV': 'true'}, {'Parqueadero cubierto': 'true'}, {'Vista panorámica': 'true'}, {'Número de Ascensores 1': 'true'}, {'Terraza/Balcón terraza': 'true'}, {'Tipo de parqueadero propio': 'true'}, {'Vigilancia 24hrs': 'true'}, {'Cerca Centros Comerciales': 'true'}, {'Cerca Colegios / Universidades': 'true'}, {'Cerca Parques': 'true'}, {'Cerca Supermercados': 'true'}, {'Cerca Transporte Público': 'true'}, {'Sobre vía secundaria': 'true'}, {'Cerca Centros Comerciales': 'true'}, {'Cerca Colegios / Universidades': 'true'}, {'Cerca Parques': 'true'}, {'Cerca Supermercados': 'true'}, {'Cerca Transporte Público': 'true'}, {'Sobre vía secundaria': 'true'}]}",2026-07-28 09:05:08.176269+00:00
https://www.metrocuadrado.com/inmueble/arriendo-apartamento-bogota-lisboa-4-habitaciones-5-banos-2-garajes/2162-M6450175?src_url=%2Finmuebles%2Farriendo%2Fbogota,"{'title': 'Apartamento En Arriendo, LA ALAMEDA', 'location': 'LA ALAMEDA, Bogotá D.C.', 'price': '$ 10.500.000', 'area': None, 'estrato': None, 'main_specs': '4 hab. | 5 bañ. | 2 par.', 'characteristics': [{'Apto para niños': 'true'}, {'Con chimenea': 'true'}, {'Citófonos': 'true'}, {'Tipo de Cortinas ninguna': 'true'}, {'Estudio o biblioteca': 'true'}, {'Hall de Alcobas': 'true'}, {'Jacuzzi': 'true'}, {'Puertas de seguridad': 'true'}, {'Zona de lavanderia': 'true'}, {'Despensa': 'true'}, {'Dúplex': 'true'}, {'En interior y/o bloque': 'true'}, {'Extractor': 'true'}, {'Horno': 'true'}, {'Tipo instalación de gas natural': 'true'}, {'Luz en la mañana': 'true'}, {'Luz en la tarde': 'true'}, {'Número de Closets 4': 'true'}, {'Número de piso 12': 'true'}, {'PentHouse': 'true'}, {'Se Permiten Mascotas': 'true'}, {'Shut de basura': 'true'}, {'Tipo de calentador gas': 'true'}, {'Tipo de Cocina abierta': 'true'}, {'Tipo comedor comedor independiente': 'true'}, {'Depósito 1': 'true'}, {'Tipo de estufa gas': 'true'}, {'Tipo de acabado piso laminado': 'true'}, {'Tipo de piso en alcobas laminado': 'true'}, {'Tipo de piso en comedor porcelanato': 'true'}, {'Tipo de piso en estudio laminado': 'true'}, {'Tipo de piso en sala porcelanato': 'true'}, {'Vista exterior': 'true'}, {'Walking closet': 'true'}, {'Cerca a gimnasio': 'true'}, {'Cerca a hospitales': 'true'}, {'Cerca a Jardines y Colegios': 'true'}, {'Cerca a restaurantes': 'true'}, {'Cerca a tiendas de barrio': 'true'}, {'Cancha(s) de squash': 'true'}, {'Gimnasio': 'true'}, {'Salón comunal': 'true'}, {'Sauna y/o turco': 'true'}, {'Zona para niños': 'true'}, {'Zonas verdes': 'true'}, {'Área Terraza/Balcón 30': 'true'}, {'Ascensor': 'true'}, {'Bahias de parqueo': 'true'}, {'Acceso para discapacitados': 'true'}, {'Circuito cerrado de TV': 'true'}, {'Cuarto de escoltas': 'true'}, {'Parqueadero cubierto': 'true'}, {'Piscina': 'true'}, {'Vista panorámica': 'true'}, {'Conjunto cerrado': 'true'}, {'Número de Ascensores 2': 'true'}, {'Recepción Lobby': 'true'}, {'Terraza/Balcón terraza': 'true'}, {'Tipo de parqueadero independiente': 'true'}, {'Vigilancia 24hrs': 'true'}, {'Cerca Centros Comerciales': 'true'}, {'Cerca Colegios / Universidades': 'true'}, {'Cerca Parques': 'true'}, {'Cerca Supermercados': 'true'}, {'Cerca Transporte Público': 'true'}, {'Sobre vía secundaria': 'true'}, {'Cerca Centros Comerciales': 'true'}, {'Cerca Colegios / Universidades': 'true'}, {'Cerca Parques': 'true'}, {'Cerca Supermercados': 'true'}, {'Cerca Transporte Público': 'true'}, {'Sobre vía secundaria': 'true'}]}",2026-07-28 09:05:13.706634+00:00
https://www.metrocuadrado.com/inmueble/arriendo-apartamento-bogota-ub-bosques-de-medina-3-habitaciones-5-banos-3-garajes/2162-M6351960?src_url=%2Finmuebles%2Farriendo%2Fbogota,"{'title': 'Apartamento En Arriendo, BOSQUES DE MEDINA', 'location': 'BOSQUES DE MEDINA, Bogotá D.C.', 'price': '$ 15.800.000', 'area': None, 'estrato': None, 'main_specs': '3 hab. | 5 bañ. | 3 par.', 'characteristics': [{'Apto para niños': 'true'}, {'Alarma': 'true'}, {'Con chimenea': 'true'}, {'Citófonos': 'true'}, {'Comedor auxiliar': 'true'}, {'Cuarto de servicio': 'true'}, {'Estudio o biblioteca': 'true'}, {'Hall de Alcobas': 'true'}, {'Puertas de seguridad': 'true'}, {'Zona de lavanderia': 'true'}, {'Despensa': 'true'}, {'Dúplex': 'true'}, {'Extractor': 'true'}, {'Horno': 'true'}, {'Tipo instalación de gas natural': 'true'}, {'Lavaplatos': 'true'}, {'Luz en la mañana': 'true'}, {'Luz en la tarde': 'true'}, {'Número de Closets 4': 'true'}, {'Número de piso 4': 'true'}, {'PentHouse': 'true'}, {'Se Permiten Mascotas': 'true'}, {'Shut de basura': 'true'}, {'Tipo de calentador gas': 'true'}, {'Tipo de Cocina en u': 'true'}, {'Tipo comedor sala comedor': 'true'}, {'Depósito 1': 'true'}, {'Tipo de estufa electrica': 'true'}, {'Tipo de acabado piso laminado': 'true'}, {'Tipo de piso en alcobas laminado': 'true'}, {'Tipo de piso en comedor laminado': 'true'}, {'Tipo de piso en estudio laminado': 'true'}, {'Tipo de piso en sala laminado': 'true'}, {'Vista exterior': 'true'}, {'Walking closet': 'true'}, {'Cerca a gimnasio': 'true'}, {'Cerca a hospitales': 'true'}, {'Cerca a Jardines y Colegios': 'true'}, {'Cerca a restaurantes': 'true'}, {'Cerca a tiendas de barrio': 'true'}, {'Sauna y/o turco': 'true'}, {'Zonas verdes': 'true'}, {'Acceso con tarjetas o dispositivos': 'true'}, {'Área Terraza/Balcón 24': 'true'}, {'Ascensor': 'true'}, {'Bahias de parqueo': 'true'}, {'Acceso para discapacitados': 'true'}, {'Circuito cerrado de TV': 'true'}, {'Parqueadero cubierto': 'true'}, {'Vista panorámica': 'true'}, {'Conjunto cerrado': 'true'}, {'Número de Ascensores 1': 'true'}, {'Recepción Lobby': 'true'}, {'Terraza/Balcón terraza': 'true'}, {'Tipo de parqueadero independiente': 'true'}, {'Vigilancia 24hrs': 'true'}, {'Cerca Centros Comerciales': 'true'}, {'Cerca Colegios / Universidades': 'true'}, {'Cerca Parques': 'true'}, {'Cerca Supermercados': 'true'}, {'Cerca Transporte Público': 'true'}, {'Sobre vía secundaria': 'true'}, {'Cerca Centros Comerciales': 'true'}, {'Cerca Colegios / Universidades': 'true'}, {'Cerca Parques': 'true'}, {'Cerca Supermercados': 'true'}, {'Cerca Transporte Público': 'true'}, {'Sobre vía secundaria': 'true'}]}",2026-07-28 09:05:19.131901+00:00
https://www.metrocuadrado.com/inmueble/arriendo-apartamento-bogota-rincon-del-chico-4-habitaciones-5-banos-2-garajes/800-M5816996?src_url=%2Finmuebles%2Farriendo%2Fbogota,"{'title': 'Apartamento En Arriendo, RINCON DE CHICO', 'location': 'RINCON DE CHICO, Bogotá D.C.', 'price': '$ 12.500.000', 'area': None, 'estrato': None, 'main_specs': '4 hab. | 5 bañ. | 2 par.', 'characteristics': [{'Apto para niños': 'true'}, {'Alarma': 'true'}, {'Con chimenea': 'true'}, {'Citófonos': 'true'}, {'Comedor auxiliar': 'true'}, {'Cuarto de servicio': 'true'}, {'Estudio o biblioteca': 'true'}, {'Hall de Alcobas': 'true'}, {'Puertas de seguridad': 'true'}, {'Zona de lavanderia': 'true'}, {'Control de ruido': 'true'}, {'Despensa': 'true'}, {'Extractor': 'true'}, {'Horno': 'true'}, {'Tipo instalación de gas natural': 'true'}, {'Lavaplatos': 'true'}, {'Luz en la tarde': 'true'}, {'Número de Closets 4': 'true'}, {'Número de piso 6': 'true'}, {'PentHouse': 'true'}, {'Se Permite Fumar': 'true'}, {'Se Permiten Mascotas': 'true'}, {'Shut de basura': 'true'}, {'Tipo de calentador caldera': 'true'}, {'Tipo de Cocina abierta': 'true'}, {'Tipo comedor comedor independiente': 'true'}, {'Depósito 1': 'true'}, {'Tipo de estufa gas': 'true'}, {'Vista exterior': 'true'}, {'Walking closet': 'true'}, {'Cerca a gimnasio': 'true'}, {'Cerca a restaurantes': 'true'}, {'Gimnasio': 'true'}, {'Salón comunal': 'true'}, {'Zona de BBQ': 'true'}, {'Zona para niños': 'true'}, {'Zonas verdes': 'true'}, {'Área Terraza/Balcón 20': 'true'}, {'Ascensor': 'true'}, {'Acceso para discapacitados': 'true'}, {'Circuito cerrado de TV': 'true'}, {'Parqueadero cubierto': 'true'}, {'Conjunto cerrado': 'true'}, {'Número de Ascensores 2': 'true'}, {'Recepción Lobby': 'true'}, {'Terraza/Balcón terraza': 'true'}, {'Terraza Rooftop': 'true'}, {'Tipo de parqueadero propio': 'true'}, {'Vigilancia 24hrs': 'true'}, {'Cerca Centros Comerciales': 'true'}, {'Cerca Colegios / Universidades': 'true'}, {'Cerca Parques': 'true'}, {'Cerca Supermercados': 'true'}, {'Cerca Transporte Público': 'true'}, {'Sobre vía secundaria': 'true'}, {'Cerca Centros Comerciales': 'true'}, {'Cerca Colegios / Universidades': 'true'}, {'Cerca Parques': 'true'}, {'Cerca Supermercados': 'true'}, {'Cerca Transporte Público': 'true'}, {'Sobre vía secundaria': 'true'}]}",2026-07-28 09:05:24.573311+00:00
https://www.metrocuadrado.com/inmueble/arriendo-apartamento-bogota-el-nogal-2-habitaciones-3-banos-2-garajes/15920-M6896884?src_url=%2Finmuebles%2Farriendo%2Fbogota,"{'title': 'Apartamento En Arriendo, EL NOGAL', 'location': 'EL NOGAL, Bogotá D.C.', 'price': '$ 8.733.000', 'area': None, 'estrato': None, 'main_specs': '2 hab. | 3 bañ. | 2 par.', 'characteristics': [{'Apto para niños': 'true'}, {'Alarma': 'true'}, {'Con chimenea': 'true'}, {'Citófonos': 'true'}, {'Tipo de Cortinas persianas': 'true'}, {'Estudio o biblioteca': 'true'}, {'Hall de Alcobas': 'true'}, {'Equipado / Amoblado': 'true'}, {'Puertas de seguridad': 'true'}, {'Zona de lavanderia': 'true'}, {'Control de ruido': 'true'}, {'Control térmico': 'true'}, {'Despensa': 'true'}, {'Detección de humo': 'true'}, {'Extractor': 'true'}, {'Horno': 'true'}, {'Tipo instalación de gas natural': 'true'}, {'Lavaplatos': 'true'}, {'Luz en la mañana': 'true'}, {'Luz en la tarde': 'true'}, {'Número de Closets 4': 'true'}, {'Número de piso 0': 'true'}, {'Puerta eléctrica': 'true'}, {'Se Permite Fumar': 'true'}, {'Se Permiten Mascotas': 'true'}, {'Shut de basura': 'true'}, {'Tipo de calentador gas': 'true'}, {'Tipo de Cocina en l': 'true'}, {'Tipo comedor sala comedor': 'true'}, {'Depósito 1': 'true'}, {'Tipo de estufa gas': 'true'}, {'Tipo de acabado piso laminado': 'true'}, {'Tipo de piso en alcobas laminado': 'true'}, {'Tipo de piso en comedor laminado': 'true'}, {'Tipo de piso en estudio laminado': 'true'}, {'Tipo de piso en sala laminado': 'true'}, {'Vista exterior': 'true'}, {'Walking closet': 'true'}, {'Cerca a gimnasio': 'true'}, {'Cerca a Jardines y Colegios': 'true'}, {'Cerca a parque industrial': 'true'}, {'Cerca a restaurantes': 'true'}, {'Cerca a tiendas de barrio': 'true'}, {'Salón comunal': 'true'}, {'Zona de BBQ': 'true'}, {'Zona para niños': 'true'}, {'Zonas verdes': 'true'}, {'Ascensor': 'true'}, {'Acceso para discapacitados': 'true'}, {'Circuito cerrado de TV': 'true'}, {'Parqueadero cubierto': 'true'}, {'Vista panorámica': 'true'}, {'Conjunto cerrado': 'true'}, {'Número de Ascensores 1': 'true'}, {'Recepción Lobby': 'true'}, {'Roof garden': 'true'}, {'Terraza/Balcón ninguno': 'true'}, {'Terraza Rooftop': 'true'}, {'Tipo de parqueadero propio': 'true'}, {'Vigilancia 24hrs': 'true'}, {'Cerca Centros Comerciales': 'true'}, {'Cerca Colegios / Universidades': 'true'}, {'Cerca Parques': 'true'}, {'Cerca Supermercados': 'true'}, {'Cerca Transporte Público': 'true'}, {'Sobre vía secundaria': 'true'}, {'Cerca Centros Comerciales': 'true'}, {'Cerca Colegios / Universidades': 'true'}, {'Cerca Parques': 'true'}, {'Cerca Supermercados': 'true'}, {'Cerca Transporte Público': 'true'}, {'Sobre vía secundaria': 'true'}]}",2026-07-28 09:05:29.904236+00:00
https://www.metrocuadrado.com/inmueble/arriendo-casa-bogota-san-jose-de-bavaria-4-habitaciones-5-banos-4-garajes/4058-M6354441?src_url=%2Finmuebles%2Farriendo%2Fbogota,"{'title': 'Casa En Arriendo, SUBA', 'location': 'SUBA, Bogotá D.C.', 'price': '$ 14.000.000', 'area': None, 'estrato': None, 'main_specs': '4 hab. | 5 bañ. | 4 par.', 'characteristics': [{'Altillo': 'true'}, {'Casa campestre': 'true'}, {'Aire acondicionado': 'true'}, {'Con calefacción': 'true'}, {'Con chimenea': 'true'}, {'Citófonos': 'true'}, {'Tipo de Cortinas ninguna': 'true'}, {'Cuarto de servicio': 'true'}, {'Estudio o biblioteca': 'true'}, {'Hall de Alcobas': 'true'}, {'Equipado / Amoblado': 'true'}, {'Puertas de seguridad': 'true'}, {'Zona de lavanderia': 'true'}, {'Extractor': 'true'}, {'Tipo instalación de gas natural': 'true'}, {'Lavaplatos': 'true'}, {'Luz en la mañana': 'true'}, {'Luz en la tarde': 'true'}, {'Número de Closets 4': 'true'}, {'Número de líneas teléfonicas 0': 'true'}, {'Se Permiten Mascotas': 'true'}, {'Tipo de calentador gas': 'true'}, {'Tipo de Casa condominio': 'true'}, {'Tipo de Cocina isla': 'true'}, {'Tipo comedor sala comedor': 'true'}, {'Depósito 1': 'true'}, {'Tipo de estufa gas': 'true'}, {'Tipo de acabado piso laminado': 'true'}, {'Tipo de piso en alcobas laminado': 'true'}, {'Tipo de piso en estudio laminado': 'true'}, {'Tipo de piso en sala laminado': 'true'}, {'Vista exterior': 'true'}, {'Walking-closet': 'true'}, {'Cerca a gimnasio': 'true'}, {'Cerca a Jardines y Colegios': 'true'}, {'Cerca a restaurantes': 'true'}, {'Cerca a tiendas de barrio': 'true'}, {'Gimnasio': 'true'}, {'Jardín interior': 'true'}, {'Sendero peatonal': 'true'}, {'Zona de BBQ': 'true'}, {'Zona para niños': 'true'}, {'Zonas verdes': 'true'}, {'&Aacute;rea del lote 858': 'true'}, {'Área Terraza/Balcón 35': 'true'}, {'Parqueadero cubierto': 'true'}, {'Jardín': 'true'}, {'Vista panorámica': 'true'}, {'Conjunto cerrado': 'true'}, {'Número de Ascensores 0': 'true'}, {'Número de niveles 3': 'true'}, {'Terraza/Balcón balcón': 'true'}, {'Tipo de parqueadero propio': 'true'}, {'Vigilancia 24hrs': 'true'}, {'Cerca Centros Comerciales': 'true'}, {'Cerca Colegios / Universidades': 'true'}, {'Cerca Parques': 'true'}, {'Cerca Supermercados': 'true'}, {'Cerca Transporte Público': 'true'}, {'Sobre vía principal': 'true'}, {'Sobre vía secundaria': 'true'}, {'Área Rural': 'true'}, {'Cerca Centros Comerciales': 'true'}, {'Cerca Colegios / Universidades': 'true'}, {'Cerca Parques': 'true'}, {'Cerca Supermercados': 'true'}, {'Cerca Transporte Público': 'true'}, {'Sobre vía principal': 'true'}, {'Sobre vía secundaria': 'true'}, {'Área Rural': 'true'}]}",2026-07-28 09:05:35.382850+00:00
https://www.metrocuadrado.com/inmueble/arriendo-apartamento-bogota-el-nogal-5-habitaciones-5-banos-4-garajes/800-M6098391?src_url=%2Finmuebles%2Farriendo%2Fbogota,"{'title': 'Apartamento En Arriendo, LA CABRERA', 'location': 'LA CABRERA, Bogotá D.C.', 'price': '$ 30.900.000', 'area': None, 'estrato': None, 'main_specs': '5 hab. | 5 bañ. | 4 par.', 'characteristics': [{'Altillo': 'true'}, {'Apto para niños': 'true'}, {'Alarma': 'true'}, {'Con chimenea': 'true'}, {'Citófonos': 'true'}, {'Comedor auxiliar': 'true'}, {'Cuarto de servicio': 'true'}, {'Estudio o biblioteca': 'true'}, {'Hall de Alcobas': 'true'}, {'Jacuzzi': 'true'}, {'Puertas de seguridad': 'true'}, {'Zona de lavanderia': 'true'}, {'Control de ruido': 'true'}, {'Control térmico': 'true'}, {'Despensa': 'true'}, {'Detección de humo': 'true'}, {'Extractor': 'true'}, {'Tipo instalación de gas natural': 'true'}, {'Lavaplatos': 'true'}, {'Luz en la mañana': 'true'}, {'Luz en la tarde': 'true'}, {'Monoambiente': 'true'}, {'Número de Closets 4': 'true'}, {'Número de piso 9': 'true'}, {'PentHouse': 'true'}, {'Puerta eléctrica': 'true'}, {'Se Permite Fumar': 'true'}, {'Se Permiten Mascotas': 'true'}, {'Shut de basura': 'true'}, {'Tipo de calentador caldera': 'true'}, {'Tipo de Cocina paralela': 'true'}, {'Tipo comedor comedor independiente': 'true'}, {'Depósito 1': 'true'}, {'Tipo de estufa gas': 'true'}, {'Tipo de acabado piso madera': 'true'}, {'Vista exterior': 'true'}, {'Walking closet': 'true'}, {'Cerca a gimnasio': 'true'}, {'Cerca a Jardines y Colegios': 'true'}, {'Cerca a restaurantes': 'true'}, {'Gimnasio': 'true'}, {'Salón comunal': 'true'}, {'Sauna y/o turco': 'true'}, {'Zona de BBQ': 'true'}, {'Zona para niños': 'true'}, {'Zonas verdes': 'true'}, {'Área Terraza/Balcón 50': 'true'}, {'Ascensor': 'true'}, {'Acceso para discapacitados': 'true'}, {'Circuito cerrado de TV': 'true'}, {'Cuarto de escoltas': 'true'}, {'Parqueadero cubierto': 'true'}, {'Vista panorámica': 'true'}, {'Conjunto cerrado': 'true'}, {'Número de Ascensores 2': 'true'}, {'Recepción Lobby': 'true'}, {'Terraza/Balcón terraza': 'true'}, {'Tipo de parqueadero propio': 'true'}, {'Vigilancia 24hrs': 'true'}, {'Cerca Centros Comerciales': 'true'}, {'Cerca Colegios / Universidades': 'true'}, {'Cerca Parques': 'true'}, {'Cerca Supermercados': 'true'}, {'Cerca Transporte Público': 'true'}, {'Sobre vía secundaria': 'true'}, {'Cerca Centros Comerciales': 'true'}, {'Cerca Colegios / Universidades': 'true'}, {'Cerca Parques': 'true'}, {'Cerca Supermercados': 'true'}, {'Cerca Transporte Público': 'true'}, {'Sobre vía secundaria': 'true'}]}",2026-07-28 09:05:40.839521+00:00
https://www.metrocuadrado.com/inmueble/arriendo-apartamento-bogota-ciudadela-real-4-habitaciones-5-banos-4-garajes/17016-M6204951?src_url=%2Finmuebles%2Farriendo%2Fbogota,"{'title': 'Apartamento En Arriendo, BOSQUES DEL MARQUES', 'location': 'BOSQUES DEL MARQUES, Bogotá D.C.', 'price': '$ 25.000.000', 'area': None, 'estrato': None, 'main_specs': '4 hab. | 5 bañ. | 4 par.', 'characteristics': [{'Apto para niños': 'true'}, {'Con calefacción': 'true'}, {'Con chimenea': 'true'}, {'Citófonos': 'true'}, {'Comedor auxiliar': 'true'}, {'Tipo de Cortinas con velos': 'true'}, {'Cuarto de servicio': 'true'}, {'Estudio o biblioteca': 'true'}, {'Hall de Alcobas': 'true'}, {'Jacuzzi': 'true'}, {'Puertas de seguridad': 'true'}, {'Zona de lavanderia': 'true'}, {'Control de ruido': 'true'}, {'Despensa': 'true'}, {'Dúplex': 'true'}, {'Extractor': 'true'}, {'Horno': 'true'}, {'Tipo instalación de gas natural': 'true'}, {'Lavaplatos': 'true'}, {'Luz en la mañana': 'true'}, {'Luz en la tarde': 'true'}, {'Número de Closets 4': 'true'}, {'Número de piso 8': 'true'}, {'PentHouse': 'true'}, {'Se Permiten Mascotas': 'true'}, {'Shut de basura': 'true'}, {'Tipo de calentador caldera': 'true'}, {'Tipo de Cocina isla': 'true'}, {'Tipo comedor comedor independiente': 'true'}, {'Depósito 1': 'true'}, {'Tipo de estufa gas': 'true'}, {'Tipo de acabado piso madera': 'true'}, {'Tipo de piso en alcobas madera': 'true'}, {'Tipo de piso en comedor madera': 'true'}, {'Tipo de piso en estudio madera': 'true'}, {'Tipo de piso en sala madera': 'true'}, {'Vista exterior': 'true'}, {'Walking closet': 'true'}, {'Cerca a gimnasio': 'true'}, {'Cerca a hospitales': 'true'}, {'Cerca a Jardines y Colegios': 'true'}, {'Cerca a restaurantes': 'true'}, {'Cerca a tiendas de barrio': 'true'}, {'Cancha(s) de Basket': 'true'}, {'Cancha(s) de Fútbol': 'true'}, {'Cancha(s) de squash': 'true'}, {'Cancha(s) de Tennis': 'true'}, {'Gimnasio': 'true'}, {'Salón comunal': 'true'}, {'Sauna y/o turco': 'true'}, {'Zona de BBQ': 'true'}, {'Zona para niños': 'true'}, {'Zonas verdes': 'true'}, {'Área Terraza/Balcón 125': 'true'}, {'Ascensor': 'true'}, {'Bahias de parqueo': 'true'}, {'Acceso para discapacitados': 'true'}, {'Circuito cerrado de TV': 'true'}, {'Parqueadero cubierto': 'true'}, {'Piscina': 'true'}, {'Vista panorámica': 'true'}, {'Conjunto cerrado': 'true'}, {'Número de Ascensores 2': 'true'}, {'Terraza/Balcón terraza': 'true'}, {'Tipo de parqueadero propio': 'true'}, {'Vigilancia 24hrs': 'true'}, {'Cerca Centros Comerciales': 'true'}, {'Cerca Colegios / Universidades': 'true'}, {'Cerca Parques': 'true'}, {'Cerca Supermercados': 'true'}, {'Cerca Transporte Público': 'true'}, {'Sobre vía secundaria': 'true'}, {'Cerca Centros Comerciales': 'true'}, {'Cerca Colegios / Universidades': 'true'}, {'Cerca Parques': 'true'}, {'Cerca Supermercados': 'true'}, {'Cerca Transporte Público': 'true'}, {'Sobre vía secundaria': 'true'}]}",2026-07-28 09:05:46.576187+00:00
https://www.metrocuadrado.com/inmueble/arriendo-casa-bogota-la-esmeralda-4-habitaciones-3-banos-1-garajes/4162-M6886958?src_url=%2Finmuebles%2Farriendo%2Fbogota,"{'title': 'Casa En Arriendo, LA ESMERALDA', 'location': 'LA ESMERALDA, Bogotá D.C.', 'price': '$ 6.328.000', 'area': None, 'estrato': None, 'main_specs': '4 hab. | 3 bañ. | 1 par.', 'characteristics': [{'Ancho 0 m': 'true'}, {'Apto para niños': 'true'}, {'Tipo de Cortinas persianas': 'true'}, {'Estudio o biblioteca': 'true'}, {'Zona de lavanderia': 'true'}, {'Fondo 0 m': 'true'}, {'Tipo instalación de gas natural': 'true'}, {'Luz en la mañana': 'true'}, {'Luz en la tarde': 'true'}, {'Número de Closets 4': 'true'}, {'Número de líneas teléfonicas 0': 'true'}, {'Se Permiten Mascotas': 'true'}, {'Tipo de calentador gas': 'true'}, {'Tipo de Casa tradicional': 'true'}, {'Tipo de Cocina abierta': 'true'}, {'Tipo comedor sala comedor': 'true'}, {'Depósito 0': 'true'}, {'Tipo de estufa gas': 'true'}, {'Tipo de acabado piso cerámica': 'true'}, {'Tipo de piso en alcobas cerámica': 'true'}, {'Tipo de piso en comedor cerámica': 'true'}, {'Tipo de piso en estudio cerámica': 'true'}, {'Tipo de piso en sala cerámica': 'true'}, {'Vista exterior': 'true'}, {'Cerca a gimnasio': 'true'}, {'Cerca a hospitales': 'true'}, {'Cerca a Jardines y Colegios': 'true'}, {'Cerca a parque industrial': 'true'}, {'Cerca a restaurantes': 'true'}, {'Cerca a tiendas de barrio': 'true'}, {'Sendero peatonal': 'true'}, {'Zona para niños': 'true'}, {'Zonas verdes': 'true'}, {'&Aacute;rea del lote 216': 'true'}, {'Acceso para discapacitados': 'true'}, {'Vista panorámica': 'true'}, {'Conjunto cerrado': 'true'}, {'Número de Ascensores 0': 'true'}, {'Número de niveles 2': 'true'}, {'Terraza/Balcón ninguno': 'true'}, {'Tipo de parqueadero propio': 'true'}, {'Vigilancia 0': 'true'}, {'Cerca Centros Comerciales': 'true'}, {'Cerca Colegios / Universidades': 'true'}, {'Cerca Parques': 'true'}, {'Cerca Supermercados': 'true'}, {'Cerca Transporte Público': 'true'}, {'Sobre vía principal': 'true'}, {'Sobre vía secundaria': 'true'}, {'Cerca Centros Comerciales': 'true'}, {'Cerca Colegios / Universidades': 'true'}, {'Cerca Parques': 'true'}, {'Cerca Supermercados': 'true'}, {'Cerca Transporte Público': 'true'}, {'Sobre vía principal': 'true'}, {'Sobre vía secundaria': 'true'}]}",2026-07-28 09:05:51.882340+00:00
https://www.metrocuadrado.com/inmueble/arriendo-apartamento-bogota-lisboa-4-habitaciones-5-banos-3-garajes/19118-M6878884?src_url=%2Finmuebles%2Farriendo%2Fbogota,"{'title': 'Apartamento En Arriendo, CEDRITOS BELMIRA', 'location': 'CEDRITOS BELMIRA, Bogotá D.C.', 'price': '$ 11.000.000', 'area': None, 'estrato': None, 'main_specs': '4 hab. | 5 bañ. | 3 par.', 'characteristics': [{'Apto para niños': 'true'}, {'Comedor auxiliar': 'true'}, {'Cuarto de servicio': 'true'}, {'Estudio o biblioteca': 'true'}, {'Hall de Alcobas': 'true'}, {'Puertas de seguridad': 'true'}, {'Zona de lavanderia': 'true'}, {'Dúplex': 'true'}, {'En interior y/o bloque': 'true'}, {'Extractor': 'true'}, {'Horno': 'true'}, {'Tipo instalación de gas natural': 'true'}, {'Luz en la mañana': 'true'}, {'Luz en la tarde': 'true'}, {'Número de Closets 4': 'true'}, {'Número de piso 12': 'true'}, {'PentHouse': 'true'}, {'Se Permite Fumar': 'true'}, {'Se Permiten Mascotas': 'true'}, {'Shut de basura': 'true'}, {'Tipo de calentador gas': 'true'}, {'Tipo comedor comedor independiente': 'true'}, {'Depósito 1': 'true'}, {'Tipo de estufa gas': 'true'}, {'Vista exterior': 'true'}, {'Walking closet': 'true'}, {'Cerca a gimnasio': 'true'}, {'Cerca a hospitales': 'true'}, {'Cerca a Jardines y Colegios': 'true'}, {'Cerca a restaurantes': 'true'}, {'Cerca a tiendas de barrio': 'true'}, {'Cancha(s) de Basket': 'true'}, {'Gimnasio': 'true'}, {'Salón comunal': 'true'}, {'Sauna y/o turco': 'true'}, {'Zona de BBQ': 'true'}, {'Zona para niños': 'true'}, {'Zonas verdes': 'true'}, {'Área Terraza/Balcón 80': 'true'}, {'Ascensor': 'true'}, {'Circuito cerrado de TV': 'true'}, {'Parqueadero cubierto': 'true'}, {'Piscina': 'true'}, {'Vista panorámica': 'true'}, {'Conjunto cerrado': 'true'}, {'Número de Ascensores 2': 'true'}, {'Recepción Lobby': 'true'}, {'Terraza/Balcón terraza': 'true'}, {'Tipo de parqueadero propio': 'true'}, {'Vigilancia 24hrs': 'true'}, {'Cerca Centros Comerciales': 'true'}, {'Cerca Colegios / Universidades': 'true'}, {'Cerca Parques': 'true'}, {'Cerca Transporte Público': 'true'}, {'Sobre vía secundaria': 'true'}, {'Cerca Centros Comerciales': 'true'}, {'Cerca Colegios / Universidades': 'true'}, {'Cerca Parques': 'true'}, {'Cerca Transporte Público': 'true'}, {'Sobre vía secundaria': 'true'}]}",2026-07-28 09:05:57.261641+00:00
https://www.metrocuadrado.com/inmueble/arriendo-apartamento-bogota-centro-norte-usaquen-3-habitaciones-5-banos-2-garajes/13374-M6884936?src_url=%2Finmuebles%2Farriendo%2Fbogota,"{'title': 'Apartamento En Arriendo', 'location': 'Bogotá D.C.', 'price': '$ 11.000.000', 'area': None, 'estrato': None, 'main_specs': '3 hab. | 5 bañ. | 2 par.', 'characteristics': [{'Apto para niños': 'true'}, {'Con chimenea': 'true'}, {'Citófonos': 'true'}, {'Comedor auxiliar': 'true'}, {'Tipo de Cortinas persianas': 'true'}, {'Cuarto de servicio': 'true'}, {'Hall de Alcobas': 'true'}, {'Puertas de seguridad': 'true'}, {'Zona de lavanderia': 'true'}, {'Extractor': 'true'}, {'Horno': 'true'}, {'Tipo instalación de gas natural': 'true'}, {'Luz en la mañana': 'true'}, {'Luz en la tarde': 'true'}, {'Número de Closets 4': 'true'}, {'Número de piso 4': 'true'}, {'Se Permite Fumar': 'true'}, {'Se Permiten Mascotas': 'true'}, {'Shut de basura': 'true'}, {'Tipo de calentador gas': 'true'}, {'Tipo de Cocina abierta': 'true'}, {'Tipo comedor comedor independiente': 'true'}, {'Depósito 1': 'true'}, {'Tipo de estufa mixta': 'true'}, {'Tipo de acabado piso laminado': 'true'}, {'Tipo de piso en alcobas laminado': 'true'}, {'Tipo de piso en comedor laminado': 'true'}, {'Tipo de piso en estudio laminado': 'true'}, {'Tipo de piso en sala laminado': 'true'}, {'Vista exterior': 'true'}, {'Walking closet': 'true'}, {'Cerca a gimnasio': 'true'}, {'Cerca a hospitales': 'true'}, {'Cerca a Jardines y Colegios': 'true'}, {'Cerca a restaurantes': 'true'}, {'Cerca a tiendas de barrio': 'true'}, {'Cancha(s) de Tennis': 'true'}, {'Gimnasio': 'true'}, {'Salón comunal': 'true'}, {'Zona para niños': 'true'}, {'Zonas verdes': 'true'}, {'Ascensor': 'true'}, {'Bahias de parqueo': 'true'}, {'Acceso para discapacitados': 'true'}, {'Circuito cerrado de TV': 'true'}, {'Parqueadero cubierto': 'true'}, {'Vista panorámica': 'true'}, {'Conjunto cerrado': 'true'}, {'Número de Ascensores 3': 'true'}, {'Parqueadero inteligente': 'true'}, {'Recepción Lobby': 'true'}, {'Terraza/Balcón ninguno': 'true'}, {'Tipo de parqueadero propio': 'true'}, {'Vigilancia 24hrs': 'true'}, {'Cerca Centros Comerciales': 'true'}, {'Cerca Colegios / Universidades': 'true'}, {'Cerca Parques': 'true'}, {'Cerca Supermercados': 'true'}, {'Cerca Transporte Público': 'true'}, {'Sobre vía principal': 'true'}, {'Sobre vía secundaria': 'true'}, {'Cerca Centros Comerciales': 'true'}, {'Cerca Colegios / Universidades': 'true'}, {'Cerca Parques': 'true'}, {'Cerca Supermercados': 'true'}, {'Cerca Transporte Público': 'true'}, {'Sobre vía principal': 'true'}, {'Sobre vía secundaria': 'true'}]}",2026-07-28 09:06:02.705852+00:00
https://www.metrocuadrado.com/inmueble/arriendo-apartamento-bogota-casa-blanca-suba-3-habitaciones-4-banos-4-garajes/16034-M6352600?src_url=%2Finmuebles%2Farriendo%2Fbogota,"{'title': 'Apartamento En Arriendo, COLINAS DE SUBA TORRELADERA', 'location': 'COLINAS DE SUBA TORRELADERA, Bogotá D.C.', 'price': '$ 11.000.000', 'area': None, 'estrato': None, 'main_specs': '3 hab. | 4 bañ. | 4 par.', 'characteristics': [{'Apto para niños': 'true'}, {'Con chimenea': 'true'}, {'Tipo de Cortinas persianas': 'true'}, {'Cuarto de servicio': 'true'}, {'Estudio o biblioteca': 'true'}, {'Hall de Alcobas': 'true'}, {'Equipado / Amoblado': 'true'}, {'Puertas de seguridad': 'true'}, {'Zona de lavanderia': 'true'}, {'En interior y/o bloque': 'true'}, {'Extractor': 'true'}, {'Horno': 'true'}, {'Tipo instalación de gas natural': 'true'}, {'Luz en la mañana': 'true'}, {'Luz en la tarde': 'true'}, {'Número de Closets 4': 'true'}, {'Número de piso 3': 'true'}, {'Se Permiten Mascotas': 'true'}, {'Shut de basura': 'true'}, {'Tipo de calentador gas': 'true'}, {'Tipo de Cocina isla': 'true'}, {'Tipo comedor comedor independiente': 'true'}, {'Depósito 1': 'true'}, {'Tipo de estufa gas': 'true'}, {'Tipo de acabado piso madera': 'true'}, {'Tipo de piso en alcobas madera': 'true'}, {'Tipo de piso en comedor madera': 'true'}, {'Tipo de piso en estudio madera': 'true'}, {'Tipo de piso en sala madera': 'true'}, {'Vista exterior': 'true'}, {'Walking closet': 'true'}, {'Cerca a gimnasio': 'true'}, {'Cerca a hospitales': 'true'}, {'Cerca a Jardines y Colegios': 'true'}, {'Cerca a restaurantes': 'true'}, {'Cerca a tiendas de barrio': 'true'}, {'Cancha(s) de Tennis': 'true'}, {'Gimnasio': 'true'}, {'Sauna y/o turco': 'true'}, {'Zona de BBQ': 'true'}, {'Zona para niños': 'true'}, {'Zonas verdes': 'true'}, {'Acceso con tarjetas o dispositivos': 'true'}, {'Área Terraza/Balcón 9': 'true'}, {'Ascensor': 'true'}, {'Bahias de parqueo': 'true'}, {'Acceso para discapacitados': 'true'}, {'Circuito cerrado de TV': 'true'}, {'Parqueadero cubierto': 'true'}, {'Piscina': 'true'}, {'Vista panorámica': 'true'}, {'Conjunto cerrado': 'true'}, {'Número de Ascensores 1': 'true'}, {'Terraza/Balcón balcón': 'true'}, {'Tipo de parqueadero propio': 'true'}, {'Vigilancia 24hrs': 'true'}, {'Cerca Centros Comerciales': 'true'}, {'Cerca Colegios / Universidades': 'true'}, {'Cerca Supermercados': 'true'}, {'Cerca Transporte Público': 'true'}, {'Cerca Centros Comerciales': 'true'}, {'Cerca Colegios / Universidades': 'true'}, {'Cerca Supermercados': 'true'}, {'Cerca Transporte Público': 'true'}]}",2026-07-28 09:06:08.122950+00:00
https://www.metrocuadrado.com/inmueble/arriendo-casa-bogota-casa-blanca-4-habitaciones-5-banos-4-garajes/10062-M4619165?src_url=%2Finmuebles%2Farriendo%2Fbogota,"{'title': 'Casa En Arriendo, SAN SIMON GUAYMARAL', 'location': 'SAN SIMON GUAYMARAL, Bogotá D.C.', 'price': '$ 12.500.000', 'area': None, 'estrato': None, 'main_specs': '4 hab. | 5 bañ. | 4 par.', 'characteristics': [{'Apto para niños': 'true'}, {'Con chimenea': 'true'}, {'Citófonos': 'true'}, {'Comedor auxiliar': 'true'}, {'Cuarto de servicio': 'true'}, {'Estudio o biblioteca': 'true'}, {'Hall de Alcobas': 'true'}, {'Zona de lavanderia': 'true'}, {'Tipo instalación de gas natural': 'true'}, {'Número de Closets 4': 'true'}, {'Se Permite Fumar': 'true'}, {'Se Permiten Mascotas': 'true'}, {'Tipo de calentador gas': 'true'}, {'Tipo de Casa tradicional': 'true'}, {'Tipo de Cocina abierta': 'true'}, {'Tipo comedor sala comedor': 'true'}, {'Depósito 1': 'true'}, {'Tipo de estufa gas': 'true'}, {'Tipo de acabado piso madera': 'true'}, {'Tipo de piso en alcobas alfombra': 'true'}, {'Tipo de piso en comedor madera': 'true'}, {'Tipo de piso en estudio madera': 'true'}, {'Tipo de piso en sala madera': 'true'}, {'Vista interior': 'true'}, {'Cancha(s) de Fútbol': 'true'}, {'Jardín interior': 'true'}, {'Salón comunal': 'true'}, {'Sendero peatonal': 'true'}, {'Zona de BBQ': 'true'}, {'Zonas verdes': 'true'}, {'&Aacute;rea del lote 1500': 'true'}, {'Área Terraza/Balcón 23': 'true'}, {'Acceso para discapacitados': 'true'}, {'Circuito cerrado de TV': 'true'}, {'Parqueadero cubierto': 'true'}, {'Jardín': 'true'}, {'Conjunto cerrado': 'true'}, {'Número de niveles 2': 'true'}, {'Terraza/Balcón terraza': 'true'}, {'Tipo de parqueadero independiente': 'true'}, {'Vigilancia 24hrs': 'true'}, {'Cerca Centros Comerciales': 'true'}, {'Cerca Colegios / Universidades': 'true'}, {'Cerca Parques': 'true'}, {'Cerca Transporte Público': 'true'}, {'Sobre vía secundaria': 'true'}, {'Cerca Centros Comerciales': 'true'}, {'Cerca Colegios / Universidades': 'true'}, {'Cerca Parques': 'true'}, {'Cerca Transporte Público': 'true'}, {'Sobre vía secundaria': 'true'}]}",2026-07-28 09:06:13.537583+00:00
https://www.metrocuadrado.com/inmueble/arriendo-apartamento-bogota-cantalejo-3-habitaciones-3-banos-2-garajes/MC6680322?src_url=%2Finmuebles%2Farriendo%2Fbogota,"{'title': 'Apartamento En Arriendo, CANTALEJO Colina Y Alrededores', 'location': 'CANTALEJO Colina Y Alrededores, Bogotá D.C.', 'price': '$ 4.500.000', 'area': None, 'estrato': None, 'main_specs': '3 hab. | 3 bañ. | 2 par.', 'characteristics': [{'Baño Auxiliar': 'true'}, {'Baño de Servicio': 'true'}, {'Citófonos': 'true'}, {'Cocina Tipo Americano': 'true'}, {'Cocina integral': 'true'}, {'Depósito o cuarto útil': 'true'}, {'Estudio o biblioteca': 'true'}, {'Jacuzzi': 'true'}, {'Piso en madera': 'true'}, {'Zona de lavanderia': 'true'}, {'Despensa': 'true'}, {'Detección de humo': 'true'}, {'Extractor': 'true'}, {'Horno': 'true'}, {'Lavaplatos': 'true'}, {'Luz en la mañana': 'true'}, {'Luz en la tarde': 'true'}, {'Número de piso 6': 'true'}, {'Puerta eléctrica': 'true'}, {'Shut de basura': 'true'}, {'Walking closet': 'true'}, {'Cerca a gimnasio': 'true'}, {'Cerca a hospitales': 'true'}, {'Cerca a Jardines y Colegios': 'true'}, {'Cerca a restaurantes': 'true'}, {'Cerca a tiendas de barrio': 'true'}, {'Salón comunal': 'true'}, {'Sauna y/o turco': 'true'}, {'Zona para niños': 'true'}, {'Zonas verdes': 'true'}, {'Acceso con tarjetas o dispositivos': 'true'}, {'Ascensor': 'true'}, {'Bahias de parqueo': 'true'}, {'Características del Parqueadero cubierto': 'true'}, {'Parqueadero visitantes': 'true'}, {'Piscina': 'true'}, {'Con Terraza': 'true'}, {'Vigilancia': 'true'}, {'Conjunto cerrado': 'true'}, {'Energia solar': 'true'}, {'Recepción Lobby': 'true'}, {'Roof garden': 'true'}, {'Terraza Rooftop': 'true'}, {'Tipo de parqueadero propio': 'true'}, {'Vivienda Bifamiliar': 'true'}, {'Cerca Centros Comerciales': 'true'}, {'Cerca Colegios / Universidades': 'true'}, {'Cerca Parques': 'true'}, {'Cerca Supermercados': 'true'}, {'Cerca Transporte Público': 'true'}, {'Área Urbana': 'true'}, {'Cerca Centros Comerciales': 'true'}, {'Cerca Colegios / Universidades': 'true'}, {'Cerca Parques': 'true'}, {'Cerca Supermercados': 'true'}, {'Cerca Transporte Público': 'true'}, {'Área Urbana': 'true'}]}",2026-07-28 09:06:19.386440+00:00
https://www.metrocuadrado.com/inmueble/arriendo-apartamento-bogota-la-acanada-3-habitaciones-5-banos-2-garajes/MC6011290?src_url=%2Finmuebles%2Farriendo%2Fbogota,"{'title': 'Apartamento En Arriendo, BOSQUES DE LA CAÑADA Chicó', 'location': 'BOSQUES DE LA CAÑADA Chicó, Bogotá D.C.', 'price': '$ 8.500.000', 'area': None, 'estrato': None, 'main_specs': '3 hab. | 5 bañ. | 2 par.', 'characteristics': [{'Baño Auxiliar': 'true'}, {'Baño de Servicio': 'true'}, {'Con chimenea': 'true'}, {'Citófonos': 'true'}, {'Cocina integral': 'true'}, {'Cuarto de servicio': 'true'}, {'Depósito o cuarto útil': 'true'}, {'Estudio o biblioteca': 'true'}, {'Jacuzzi': 'true'}, {'Piso en alfombra': 'true'}, {'Piso en madera': 'true'}, {'Piso en porcelanato': 'true'}, {'Zona de lavanderia': 'true'}, {'Control de ruido': 'true'}, {'Despensa': 'true'}, {'Horno': 'true'}, {'Lavaplatos': 'true'}, {'Luz en la tarde': 'true'}, {'Número de piso 5': 'true'}, {'Shut de basura': 'true'}, {'Walking closet': 'true'}, {'Cerca a gimnasio': 'true'}, {'Cerca a hospitales': 'true'}, {'Cerca a restaurantes': 'true'}, {'Cerca a tiendas de barrio': 'true'}, {'Cancha(s) de Tennis': 'true'}, {'Salón comunal': 'true'}, {'Zona para niños': 'true'}, {'Zonas verdes': 'true'}, {'Ubicado en edificio': 'true'}, {'Acceso con tarjetas o dispositivos': 'true'}, {'Ascensor': 'true'}, {'Bahias de parqueo': 'true'}, {'Características del Parqueadero cubierto': 'true'}, {'Parqueadero visitantes': 'true'}, {'Con Terraza': 'true'}, {'Vigilancia': 'true'}, {'Conjunto cerrado': 'true'}, {'Recepción Lobby': 'true'}, {'Roof garden': 'true'}, {'Tipo de parqueadero propio': 'true'}, {'Cerca Centros Comerciales': 'true'}, {'Cerca Colegios / Universidades': 'true'}, {'Cerca Parques': 'true'}, {'Cerca Supermercados': 'true'}, {'Cerca Transporte Público': 'true'}, {'Área Urbana': 'true'}, {'Cerca Centros Comerciales': 'true'}, {'Cerca Colegios / Universidades': 'true'}, {'Cerca Parques': 'true'}, {'Cerca Supermercados': 'true'}, {'Cerca Transporte Público': 'true'}, {'Área Urbana': 'true'}]}",2026-07-28 09:06:25.290364+00:00
https://www.metrocuadrado.com/inmueble/arriendo-bodega-bogota-san-victorino/MC6281471?src_url=%2Finmuebles%2Farriendo%2Fbogota,"{'title': 'Bodega En Arriendo, LA FAVORITA CENTRO Centro Y Zona Colonial', 'location': 'LA FAVORITA CENTRO Centro Y Zona Colonial, Bogotá D.C.', 'price': '$ 2.900.000', 'area': None, 'estrato': None, 'main_specs': None, 'characteristics': [{'Altura Libre': 'true'}, {'Tipo bodega almacenamiento': 'true'}, {'Tanques de agua': 'true'}, {'Acceso para Camiones': 'true'}, {'Vigilancia': 'true'}, {'Puerta acceso para tractomulas camiones': 'true'}, {'Área Urbana': 'true'}, {'Cerca Transporte Público': 'true'}, {'Área Urbana': 'true'}, {'Cerca Transporte Público': 'true'}]}",2026-07-28 09:06:30.463952+00:00
https://www.metrocuadrado.com/inmueble/arriendo-apartamento-bogota-mazuren-3-habitaciones-3-banos-1-garajes/MC6864792?src_url=%2Finmuebles%2Farriendo%2Fbogota,"{'title': 'Apartamento En Arriendo, MAZUREN 17 Colina Y Alrededores', 'location': 'MAZUREN 17 Colina Y Alrededores, Bogotá D.C.', 'price': '$ 3.675.000', 'area': None, 'estrato': None, 'main_specs': '3 hab. | 3 bañ. | 1 par.', 'characteristics': [{'Baño Auxiliar': 'true'}, {'Con chimenea': 'true'}, {'Citófonos': 'true'}, {'Cocina integral': 'true'}, {'Estudio o biblioteca': 'true'}, {'Piso en madera': 'true'}, {'Piso en porcelanato': 'true'}, {'Extractor': 'true'}, {'Horno': 'true'}, {'Luz en la mañana': 'true'}, {'Número de piso 10': 'true'}, {'Shut de basura': 'true'}, {'Walking closet': 'true'}, {'Cerca a gimnasio': 'true'}, {'Cerca a hospitales': 'true'}, {'Cerca a Jardines y Colegios': 'true'}, {'Cerca a restaurantes': 'true'}, {'Cerca a tiendas de barrio': 'true'}, {'Salón comunal': 'true'}, {'Sauna y/o turco': 'true'}, {'Zona para niños': 'true'}, {'Zonas verdes': 'true'}, {'Ubicado en edificio': 'true'}, {'Acceso con tarjetas o dispositivos': 'true'}, {'Ascensor': 'true'}, {'Características del Parqueadero cubierto': 'true'}, {'Parqueadero visitantes': 'true'}, {'Vigilancia': 'true'}, {'Conjunto cerrado': 'true'}, {'Parqueadero inteligente': 'true'}, {'Tipo de parqueadero propio': 'true'}, {'Cerca Centros Comerciales': 'true'}, {'Cerca Colegios / Universidades': 'true'}, {'Cerca Parques': 'true'}, {'Cerca Supermercados': 'true'}, {'Cerca Transporte Público': 'true'}, {'Área Urbana': 'true'}, {'Cerca Centros Comerciales': 'true'}, {'Cerca Colegios / Universidades': 'true'}, {'Cerca Parques': 'true'}, {'Cerca Supermercados': 'true'}, {'Cerca Transporte Público': 'true'}, {'Área Urbana': 'true'}]}",2026-07-28 09:06:36.340433+00:00
https://www.metrocuadrado.com/inmueble/arriendo-apartamento-bogota-el-chico-2-habitaciones-2-banos-1-garajes/20347-M6444377?src_url=%2Finmuebles%2Farriendo%2Fbogota%2F%3Fsearch%3Dform,"{'title': 'Apartamento En Arriendo, El Chico', 'location': 'El Chico, Bogotá D.C.', 'price': '$ 8.800.000', 'area': None, 'estrato': None, 'main_specs': '2 hab. | 2 bañ. | 1 par.', 'characteristics': [{'Cocina integral': 'true'}, {'Gimnasio': 'true'}, {'Zona de BBQ': 'true'}, {'Conjunto cerrado': 'true'}, {'Sobre vía principal': 'true'}, {'Área Urbana': 'true'}, {'Sobre vía principal': 'true'}, {'Área Urbana': 'true'}]}",2026-07-28 09:06:41.035244+00:00
https://www.metrocuadrado.com/inmueble/arriendo-apartamento-bogota-lagos-de-torca-3-habitaciones-2-banos-1-garajes/4278-M6776381?src_url=%2Finmuebles%2Farriendo%2Fbogota%2F%3Fsearch%3Dform,"{'title': 'Apartamento En Arriendo, Lagos De Torca', 'location': 'Lagos De Torca, Bogotá D.C.', 'price': '$ 2.900.000', 'area': None, 'estrato': None, 'main_specs': '3 hab. | 2 bañ. | 1 par.', 'characteristics': [{'Cocina integral': 'true'}, {'Tipo de calentador gas': 'true'}, {'Tipo de Cocina lineal': 'true'}, {'Salón comunal': 'true'}, {'Conjunto cerrado': 'true'}, {'Tipo de parqueadero independiente': 'true'}, {'Cerca Centros Comerciales': 'true'}, {'Cerca Colegios / Universidades': 'true'}, {'Cerca Supermercados': 'true'}, {'Cerca Transporte Público': 'true'}, {'Sobre vía secundaria': 'true'}, {'Área Urbana': 'true'}, {'Cerca Centros Comerciales': 'true'}, {'Cerca Colegios / Universidades': 'true'}, {'Cerca Supermercados': 'true'}, {'Cerca Transporte Público': 'true'}, {'Sobre vía secundaria': 'true'}, {'Área Urbana': 'true'}]}",2026-07-28 09:06:45.690897+00:00
https://www.metrocuadrado.com/inmueble/arriendo-apartamento-bogota-veracruz-1-habitaciones-1-banos/20264-M6646784?src_url=%2Finmuebles%2Farriendo%2Fbogota%2F%3Fsearch%3Dform,"{'title': 'Apartamento En Arriendo, Veracruz', 'location': 'Veracruz, Bogotá D.C.', 'price': '$ 1.800.000', 'area': None, 'estrato': None, 'main_specs': '1 hab. | 1 bañ.', 'characteristics': [{'Tipo de calentador no tiene': 'true'}]}",2026-07-28 09:06:50.371903+00:00
https://www.metrocuadrado.com/inmueble/arriendo-apartamento-bogota-cantalejo-3-habitaciones-2-banos-1-garajes/MC6890568?src_url=%2Finmuebles%2Farriendo%2Fbogota%2F%3Fsearch%3Dform,"{'title': 'Apartamento En Arriendo, CANTALEJO COLINA Colina Y Alrededores', 'location': 'CANTALEJO COLINA Colina Y Alrededores, Bogotá D.C.', 'price': '$ 2.700.000', 'area': None, 'estrato': None, 'main_specs': '3 hab. | 2 bañ. | 1 par.', 'characteristics': [{'Citófonos': 'true'}, {'Cocina Tipo Americano': 'true'}, {'Cocina integral': 'true'}, {'Depósito o cuarto útil': 'true'}, {'Zona de lavanderia': 'true'}, {'Extractor': 'true'}, {'Luz en la mañana': 'true'}, {'Luz en la tarde': 'true'}, {'Número de piso 2': 'true'}, {'Puerta eléctrica': 'true'}, {'Cerca a Jardines y Colegios': 'true'}, {'Cerca a tiendas de barrio': 'true'}, {'Salón comunal': 'true'}, {'Zona para niños': 'true'}, {'Zonas verdes': 'true'}, {'Ubicado en edificio': 'true'}, {'Acceso con tarjetas o dispositivos': 'true'}, {'Ascensor': 'true'}, {'Bahias de parqueo': 'true'}, {'Características del Parqueadero cubierto': 'true'}, {'Parqueadero visitantes': 'true'}, {'Vigilancia': 'true'}, {'Conjunto cerrado': 'true'}, {'Recepción Lobby': 'true'}, {'Tipo de parqueadero propio': 'true'}, {'Cerca Centros Comerciales': 'true'}, {'Cerca Parques': 'true'}, {'Cerca Supermercados': 'true'}, {'Cerca Transporte Público': 'true'}, {'Área Urbana': 'true'}, {'Cerca Centros Comerciales': 'true'}, {'Cerca Parques': 'true'}, {'Cerca Supermercados': 'true'}, {'Cerca Transporte Público': 'true'}, {'Área Urbana': 'true'}]}",2026-07-28 09:06:55.654530+00:00
https://www.metrocuadrado.com/inmueble/arriendo-apartamento-bogota-santa-barbara-occidental-2-habitaciones-2-banos-1-garajes/MC6890558?src_url=%2Finmuebles%2Farriendo%2Fbogota%2F%3Fsearch%3Dform,"{'title': 'Apartamento En Arriendo, SANTA BARBARA OCCIDENTAL Zona Urbana', 'location': 'SANTA BARBARA OCCIDENTAL Zona Urbana, Bogotá D.C.', 'price': '$ 3.500.000', 'area': None, 'estrato': None, 'main_specs': '2 hab. | 2 bañ. | 1 par.', 'characteristics': [{'Citófonos': 'true'}, {'Cocina Tipo Americano': 'true'}, {'Cocina integral': 'true'}, {'Depósito o cuarto útil': 'true'}, {'Piso en baldosa': 'true'}, {'Zona de lavanderia': 'true'}, {'Detección de humo': 'true'}, {'Extractor': 'true'}, {'Horno': 'true'}, {'Luz en la mañana': 'true'}, {'Luz en la tarde': 'true'}, {'Número de piso 2': 'true'}, {'Shut de basura': 'true'}, {'Cerca a gimnasio': 'true'}, {'Cerca a hospitales': 'true'}, {'Cerca a Jardines y Colegios': 'true'}, {'Cerca a restaurantes': 'true'}, {'Cerca a tiendas de barrio': 'true'}, {'Salón comunal': 'true'}, {'Zonas verdes': 'true'}, {'Ubicado en edificio': 'true'}, {'Ascensor': 'true'}, {'Características del Parqueadero cubierto': 'true'}, {'Cuarto de escoltas': 'true'}, {'Parqueadero visitantes': 'true'}, {'Con Terraza': 'true'}, {'Vigilancia': 'true'}, {'Conjunto cerrado': 'true'}, {'Recepción Lobby': 'true'}, {'Tipo de parqueadero propio': 'true'}, {'Cerca Centros Comerciales': 'true'}, {'Cerca Colegios / Universidades': 'true'}, {'Cerca Parques': 'true'}, {'Cerca Supermercados': 'true'}, {'Cerca Transporte Público': 'true'}, {'Ubicación zona centros negocios': 'true'}, {'Área Urbana': 'true'}, {'Cerca Centros Comerciales': 'true'}, {'Cerca Colegios / Universidades': 'true'}, {'Cerca Parques': 'true'}, {'Cerca Supermercados': 'true'}, {'Cerca Transporte Público': 'true'}, {'Ubicación zona centros negocios': 'true'}, {'Área Urbana': 'true'}]}",2026-07-28 09:07:01.464710+00:00
https://www.metrocuadrado.com/inmueble/arriendo-apartamento-bogota-la-carolina-3-habitaciones-5-banos-2-garajes/16039-M5616737?src_url=%2Finmuebles%2Farriendo%2Fbogota%2F%3Fsearch%3Dform,"{'title': 'Apartamento En Arriendo, La Carolina', 'location': 'La Carolina, Bogotá D.C.', 'price': '$ 13.000.000', 'area': None, 'estrato': None, 'main_specs': '3 hab. | 5 bañ. | 2 par.', 'characteristics': [{'Baño Auxiliar': 'true'}, {'Baño de Servicio': 'true'}, {'Con chimenea': 'true'}, {'Citófonos': 'true'}, {'Cocina integral': 'true'}, {'Hall de Alcobas': 'true'}, {'Jacuzzi': 'true'}, {'Zona de lavanderia': 'true'}, {'Número de piso 1': 'true'}, {'Depósito 1': 'true'}, {'Ascensor': 'true'}, {'Circuito cerrado de TV': 'true'}, {'Con Terraza': 'true'}, {'Vigilancia': 'true'}, {'Conjunto cerrado': 'true'}, {'Recepción Lobby': 'true'}, {'Terraza/Balcón balcón': 'true'}, {'Terraza Rooftop': 'true'}, {'Cerca Transporte Público': 'true'}, {'Área Urbana': 'true'}, {'Cerca Transporte Público': 'true'}, {'Área Urbana': 'true'}]}",2026-07-28 09:07:06.190433+00:00
https://www.metrocuadrado.com/inmueble/arriendo-oficina-bogota-usaquen-1-banos/MC6892510?src_url=%2Finmuebles%2Farriendo%2Fbogota%2F%3Fsearch%3Dform,"{'title': 'Oficina En Arriendo, SANTA BARBARA ALTA Zona Urbana', 'location': 'SANTA BARBARA ALTA Zona Urbana, Bogotá D.C.', 'price': '$ 4.800.000', 'area': None, 'estrato': None, 'main_specs': '1 bañ.', 'characteristics': [{'Número de piso 3': 'true'}, {'Jardines': 'true'}, {'Cerca Parques': 'true'}, {'Ubicado en Centro Comercial': 'true'}, {'Área Urbana': 'true'}, {'Cerca Parques': 'true'}, {'Ubicado en Centro Comercial': 'true'}, {'Área Urbana': 'true'}]}",2026-07-28 09:07:11.375136+00:00
https://www.metrocuadrado.com/inmueble/arriendo-apartamento-bogota-el-espartillal-2-habitaciones-2-banos/MC6634781?src_url=%2Finmuebles%2Farriendo%2Fbogota%2F%3Fsearch%3Dform,"{'title': 'Apartamento En Arriendo, CHAPINERO ATLANTIS Zona Urbana', 'location': 'CHAPINERO ATLANTIS Zona Urbana, Bogotá D.C.', 'price': '$ 4.614.000', 'area': None, 'estrato': None, 'main_specs': '2 hab. | 2 bañ.', 'characteristics': [{'Baño de Servicio': 'true'}, {'Citófonos': 'true'}, {'Cocina Tipo Americano': 'true'}, {'Cocina integral': 'true'}, {'Depósito o cuarto útil': 'true'}, {'Zona de lavanderia': 'true'}, {'Horno': 'true'}, {'Luz en la mañana': 'true'}, {'Luz en la tarde': 'true'}, {'Número de piso 15': 'true'}, {'Puerta eléctrica': 'true'}, {'Shut de basura': 'true'}, {'Walking closet': 'true'}, {'Cerca a gimnasio': 'true'}, {'Cerca a hospitales': 'true'}, {'Cerca a restaurantes': 'true'}, {'Cerca a tiendas de barrio': 'true'}, {'Zonas verdes': 'true'}, {'Ubicado en edificio': 'true'}, {'Acceso con tarjetas o dispositivos': 'true'}, {'Ascensor': 'true'}, {'Parqueadero visitantes': 'true'}, {'Con Terraza': 'true'}, {'Vigilancia': 'true'}, {'Recepción Lobby': 'true'}, {'Roof garden': 'true'}, {'Terraza Rooftop': 'true'}, {'Cerca Centros Comerciales': 'true'}, {'Cerca Colegios / Universidades': 'true'}, {'Cerca Parques': 'true'}, {'Cerca Supermercados': 'true'}, {'Cerca Transporte Público': 'true'}, {'Área Urbana': 'true'}, {'Cerca Centros Comerciales': 'true'}, {'Cerca Colegios / Universidades': 'true'}, {'Cerca Parques': 'true'}, {'Cerca Supermercados': 'true'}, {'Cerca Transporte Público': 'true'}, {'Área Urbana': 'true'}]}",2026-07-28 09:07:16.740744+00:00
https://www.metrocuadrado.com/inmueble/arriendo-apartamento-bogota-alcazares-1-habitaciones-1-banos/MC6790912?src_url=%2Finmuebles%2Farriendo%2Fbogota%2F%3Fsearch%3Dform,"{'title': 'Apartamento En Arriendo, BARRIOS UNIDOS Chapinero', 'location': 'BARRIOS UNIDOS Chapinero, Bogotá D.C.', 'price': '$ 2.100.000', 'area': None, 'estrato': None, 'main_specs': '1 hab. | 1 bañ.', 'characteristics': [{'Cocina Tipo Americano': 'true'}, {'Cocina integral': 'true'}, {'Detección de humo': 'true'}, {'Extractor': 'true'}, {'Luz en la tarde': 'true'}, {'Número de piso 10': 'true'}, {'Cerca a gimnasio': 'true'}, {'Cerca a restaurantes': 'true'}, {'Jaula de Golf': 'true'}, {'Salón comunal': 'true'}, {'Zona para niños': 'true'}, {'Ascensor': 'true'}, {'Parqueadero visitantes': 'true'}, {'Piscina': 'true'}, {'Con Terraza': 'true'}, {'Vigilancia': 'true'}, {'Recepción Lobby': 'true'}, {'Cerca Parques': 'true'}, {'Ubicación zona centros negocios': 'true'}, {'Área Urbana': 'true'}, {'Cerca Parques': 'true'}, {'Ubicación zona centros negocios': 'true'}, {'Área Urbana': 'true'}]}",2026-07-28 09:07:22.071219+00:00
https://www.metrocuadrado.com/inmueble/arriendo-apartaestudio-bogota-santa-cecilia-1-habitaciones-1-banos/MC6892402?src_url=%2Finmuebles%2Farriendo%2Fbogota%2F%3Fsearch%3Dform,"{'title': 'Apartaestudio En Arriendo, SANTA CECILIA Salitre Modelia', 'location': 'SANTA CECILIA Salitre Modelia, Bogotá D.C.', 'price': '$ 1.800.000', 'area': None, 'estrato': None, 'main_specs': '1 hab. | 1 bañ.', 'characteristics': [{'Cocina integral': 'true'}, {'Piso en baldosa': 'true'}, {'Zona de lavanderia': 'true'}, {'Control de ruido': 'true'}, {'Lavaplatos': 'true'}, {'Monoambiente': 'true'}, {'Número de piso 13': 'true'}, {'Salón comunal': 'true'}, {'Zonas verdes': 'true'}, {'Ubicado en edificio': 'true'}, {'Ascensor': 'true'}, {'Conjunto cerrado': 'true'}, {'Recepción Lobby': 'true'}, {'Roof garden': 'true'}, {'Cerca Centros Comerciales': 'true'}, {'Cerca Transporte Público': 'true'}, {'Cerca Centros Comerciales': 'true'}, {'Cerca Transporte Público': 'true'}]}",2026-07-28 09:07:27.317205+00:00
https://www.metrocuadrado.com/sistema-alarma-seguridad?cd_origin=result_result-grid_detail-card,"{'title': None, 'location': None, 'price': None, 'area': None, 'estrato': None, 'main_specs': None, 'characteristics': [{'key_0': 'true'}]}",2026-07-28 09:08:31.498984+00:00
https://www.metrocuadrado.com/inmueble/arriendo-apartamento-bogota-los-cedritos-3-habitaciones-2-banos-2-garajes/MC6890532?src_url=%2Finmuebles%2Farriendo%2Fbogota%2F%3Fsearch%3Dform,"{'title': 'Apartamento En Arriendo, CEDRITOS Zona Urbana', 'location': 'CEDRITOS Zona Urbana, Bogotá D.C.', 'price': '$ 5.000.000', 'area': None, 'estrato': None, 'main_specs': '3 hab. | 2 bañ. | 2 par.', 'characteristics': [{'Citófonos': 'true'}, {'Cocina Tipo Americano': 'true'}, {'Cocina integral': 'true'}, {'Depósito o cuarto útil': 'true'}, {'Estudio o biblioteca': 'true'}, {'Extractor': 'true'}, {'Horno': 'true'}, {'Luz en la mañana': 'true'}, {'Número de piso 4': 'true'}, {'Shut de basura': 'true'}, {'Ubicado en edificio': 'true'}, {'Ascensor': 'true'}, {'Características del Parqueadero cubierto': 'true'}, {'Parqueadero visitantes': 'true'}, {'Con Terraza': 'true'}, {'Vigilancia': 'true'}, {'Conjunto cerrado': 'true'}, {'Tipo de parqueadero propio': 'true'}, {'Cerca Centros Comerciales': 'true'}, {'Cerca Colegios / Universidades': 'true'}, {'Cerca Parques': 'true'}, {'Cerca Supermercados': 'true'}, {'Cerca Transporte Público': 'true'}, {'Ubicación zona centros negocios': 'true'}, {'Área Urbana': 'true'}, {'Cerca Centros Comerciales': 'true'}, {'Cerca Colegios / Universidades': 'true'}, {'Cerca Parques': 'true'}, {'Cerca Supermercados': 'true'}, {'Cerca Transporte Público': 'true'}, {'Ubicación zona centros negocios': 'true'}, {'Área Urbana': 'true'}]}",2026-07-28 09:08:36.757215+00:00
https://www.metrocuadrado.com/inmueble/arriendo-apartamento-bogota-remanso-2-habitaciones-1-banos/MC2769920?src_url=%2Finmuebles%2Farriendo%2Fbogota%2F%3Fsearch%3Dform,"{'title': 'Apartamento En Arriendo, CIUDAD MONTES Puente Aranda', 'location': 'CIUDAD MONTES Puente Aranda, Bogotá D.C.', 'price': '$ 1.550.000', 'area': None, 'estrato': None, 'main_specs': '2 hab. | 1 bañ.', 'characteristics': [{'Citófonos': 'true'}, {'Cocina Tipo Americano': 'true'}, {'Piso en porcelanato': 'true'}, {'Número de piso 5': 'true'}, {'Ubicado en edificio': 'true'}, {'Cerca Centros Comerciales': 'true'}, {'Cerca Colegios / Universidades': 'true'}, {'Cerca Parques': 'true'}, {'Cerca Supermercados': 'true'}, {'Cerca Transporte Público': 'true'}, {'Área Rural': 'true'}, {'Ubicación zona centros negocios': 'true'}, {'Área Urbana': 'true'}, {'Cerca Centros Comerciales': 'true'}, {'Cerca Colegios / Universidades': 'true'}, {'Cerca Parques': 'true'}, {'Cerca Supermercados': 'true'}, {'Cerca Transporte Público': 'true'}, {'Área Rural': 'true'}, {'Ubicación zona centros negocios': 'true'}, {'Área Urbana': 'true'}]}",2026-07-28 09:08:41.993193+00:00
https://www.metrocuadrado.com/inmueble/arriendo-apartamento-bogota-chico-1-habitaciones-1-banos-1-garajes/MC6801764?src_url=%2Finmuebles%2Farriendo%2Fbogota%2F%3Fsearch%3Dform,"{'title': 'Apartamento En Arriendo, CHICO EL VIRREY Zona Urbana', 'location': 'CHICO EL VIRREY Zona Urbana, Bogotá D.C.', 'price': '$ 2.700.000', 'area': None, 'estrato': None, 'main_specs': '1 hab. | 1 bañ. | 1 par.', 'characteristics': [{'Citófonos': 'true'}, {'Cocina integral': 'true'}, {'Depósito o cuarto útil': 'true'}, {'Piso en madera': 'true'}, {'Extractor': 'true'}, {'Horno': 'true'}, {'Luz en la mañana': 'true'}, {'Número de piso 4': 'true'}, {'Shut de basura': 'true'}, {'Cerca a gimnasio': 'true'}, {'Cerca a Jardines y Colegios': 'true'}, {'Cerca a restaurantes': 'true'}, {'Cerca a tiendas de barrio': 'true'}, {'Zonas verdes': 'true'}, {'Ubicado en edificio': 'true'}, {'Ascensor': 'true'}, {'Características del Parqueadero descubierto': 'true'}, {'Parqueadero visitantes': 'true'}, {'Con Terraza': 'true'}, {'Vigilancia': 'true'}, {'Recepción Lobby': 'true'}, {'Tipo de parqueadero propio': 'true'}, {'Cerca Centros Comerciales': 'true'}, {'Cerca Parques': 'true'}, {'Cerca Supermercados': 'true'}, {'Cerca Transporte Público': 'true'}, {'Área Urbana': 'true'}, {'Cerca Centros Comerciales': 'true'}, {'Cerca Parques': 'true'}, {'Cerca Supermercados': 'true'}, {'Cerca Transporte Público': 'true'}, {'Área Urbana': 'true'}]}",2026-07-28 09:08:47.475243+00:00
https://www.metrocuadrado.com/inmueble/arriendo-apartamento-bogota-fontibon-3-habitaciones-2-banos-1-garajes/11813-M6838107?src_url=%2Finmuebles%2Farriendo%2Fbogota%2F%3Fsearch%3Dform,"{'title': 'Apartamento En Arriendo, Fontibon', 'location': 'Fontibon, Bogotá D.C.', 'price': '$ 3.500.000', 'area': None, 'estrato': None, 'main_specs': '3 hab. | 2 bañ. | 1 par.', 'characteristics': [{'Gimnasio': 'true'}, {'Zona de BBQ': 'true'}, {'Ascensor': 'true'}, {'Terraza/Balcón ninguno': 'true'}]}",2026-07-28 09:08:52.270369+00:00
https://www.metrocuadrado.com/inmueble/arriendo-apartamento-bogota-ciudad-salitre-sur-oriental-1-habitaciones-1-banos/MC6301897?src_url=%2Finmuebles%2Farriendo%2Fbogota%2F%3Fsearch%3Dform,"{'title': 'Apartamento En Arriendo, CIUDAD SALITRE Zona Urbana', 'location': 'CIUDAD SALITRE Zona Urbana, Bogotá D.C.', 'price': '$ 2.220.000', 'area': None, 'estrato': None, 'main_specs': '1 hab. | 1 bañ.', 'characteristics': [{'Citófonos': 'true'}, {'Cocina Tipo Americano': 'true'}, {'Cocina integral': 'true'}, {'Extractor': 'true'}, {'Horno': 'true'}, {'Luz en la mañana': 'true'}, {'Luz en la tarde': 'true'}, {'Monoambiente': 'true'}, {'Número de piso 4': 'true'}, {'Puerta eléctrica': 'true'}, {'Shut de basura': 'true'}, {'Walking closet': 'true'}, {'Cerca a gimnasio': 'true'}, {'Cerca a hospitales': 'true'}, {'Cerca a Jardines y Colegios': 'true'}, {'Cerca a restaurantes': 'true'}, {'Cerca a tiendas de barrio': 'true'}, {'Salón comunal': 'true'}, {'Zonas verdes': 'true'}, {'Ubicado en edificio': 'true'}, {'Acceso con tarjetas o dispositivos': 'true'}, {'Ascensor': 'true'}, {'Bahias de parqueo': 'true'}, {'Piscina': 'true'}, {'Con Terraza': 'true'}, {'Vigilancia': 'true'}, {'Recepción Lobby': 'true'}, {'Terraza Rooftop': 'true'}, {'Cerca Centros Comerciales': 'true'}, {'Cerca Colegios / Universidades': 'true'}, {'Cerca Parques': 'true'}, {'Cerca Supermercados': 'true'}, {'Cerca Transporte Público': 'true'}, {'Área Urbana': 'true'}, {'Cerca Centros Comerciales': 'true'}, {'Cerca Colegios / Universidades': 'true'}, {'Cerca Parques': 'true'}, {'Cerca Supermercados': 'true'}, {'Cerca Transporte Público': 'true'}, {'Área Urbana': 'true'}]}",2026-07-28 09:08:58.086303+00:00
https://www.metrocuadrado.com/inmueble/arriendo-apartamento-bogota-ciudad-salitre-sur-oriental-2-habitaciones-2-banos-1-garajes/MC6386847?src_url=%2Finmuebles%2Farriendo%2Fbogota%2F%3Fsearch%3Dform,"{'title': 'Apartamento En Arriendo, CIUDAD SALITRE Zona Urbana', 'location': 'CIUDAD SALITRE Zona Urbana, Bogotá D.C.', 'price': '$ 4.100.000', 'area': None, 'estrato': None, 'main_specs': '2 hab. | 2 bañ. | 1 par.', 'characteristics': [{'Baño Auxiliar': 'true'}, {'Citófonos': 'true'}, {'Cocina Tipo Americano': 'true'}, {'Cocina integral': 'true'}, {'Depósito o cuarto útil': 'true'}, {'Equipado / Amoblado': 'true'}, {'Zona de lavanderia': 'true'}, {'Extractor': 'true'}, {'Horno': 'true'}, {'Luz en la mañana': 'true'}, {'Luz en la tarde': 'true'}, {'Número de piso 4': 'true'}, {'Puerta eléctrica': 'true'}, {'Shut de basura': 'true'}, {'Walking closet': 'true'}, {'Cerca a gimnasio': 'true'}, {'Cerca a hospitales': 'true'}, {'Cerca a restaurantes': 'true'}, {'Cerca a tiendas de barrio': 'true'}, {'Salón comunal': 'true'}, {'Zonas verdes': 'true'}, {'Ubicado en edificio': 'true'}, {'Acceso con tarjetas o dispositivos': 'true'}, {'Ascensor': 'true'}, {'Características del Parqueadero cubierto': 'true'}, {'Parqueadero visitantes': 'true'}, {'Piscina': 'true'}, {'Con Terraza': 'true'}, {'Vigilancia': 'true'}, {'Recepción Lobby': 'true'}, {'Roof garden': 'true'}, {'Terraza Rooftop': 'true'}, {'Tipo de parqueadero independiente': 'true'}, {'Cerca Centros Comerciales': 'true'}, {'Cerca Colegios / Universidades': 'true'}, {'Cerca Parques': 'true'}, {'Cerca Supermercados': 'true'}, {'Cerca Transporte Público': 'true'}, {'Área Urbana': 'true'}, {'Cerca Centros Comerciales': 'true'}, {'Cerca Colegios / Universidades': 'true'}, {'Cerca Parques': 'true'}, {'Cerca Supermercados': 'true'}, {'Cerca Transporte Público': 'true'}, {'Área Urbana': 'true'}]}",2026-07-28 09:09:04.006506+00:00
https://www.metrocuadrado.com/inmueble/arriendo-apartaestudio-bogota-samper-1-habitaciones-1-banos/18015-M6563825?src_url=%2Finmuebles%2Farriendo%2Fbogota%2F%3Fsearch%3Dform,"{'title': 'Apartaestudio En Arriendo, CENTRO INTERNACIONAL', 'location': 'CENTRO INTERNACIONAL, Bogotá D.C.', 'price': '$ 2.000.000', 'area': None, 'estrato': None, 'main_specs': '1 hab. | 1 bañ.', 'characteristics': [{'Citófonos': 'true'}, {'Equipado / Amoblado': 'true'}, {'Zona de lavanderia': 'true'}, {'Control de ruido': 'true'}, {'Extractor': 'true'}, {'Tipo instalación de gas ninguno': 'true'}, {'Luz en la tarde': 'true'}, {'Monoambiente': 'true'}, {'Número de Closets 1': 'true'}, {'Número de piso 18': 'true'}, {'Shut de basura': 'true'}, {'Tipo de calentador caldera': 'true'}, {'Tipo de Cocina abierta': 'true'}, {'Tipo comedor sala comedor': 'true'}, {'Depósito 0': 'true'}, {'Tipo de estufa electrica': 'true'}, {'Tipo de acabado piso laminado': 'true'}, {'Vista exterior': 'true'}, {'Cerca a gimnasio': 'true'}, {'Cerca a hospitales': 'true'}, {'Cerca a restaurantes': 'true'}, {'Cerca a tiendas de barrio': 'true'}, {'Gimnasio': 'true'}, {'Salón comunal': 'true'}, {'Zona de BBQ': 'true'}, {'Ascensor': 'true'}, {'Acceso para discapacitados': 'true'}, {'Circuito cerrado de TV': 'true'}, {'Vista panorámica': 'true'}, {'Conjunto cerrado': 'true'}, {'Número de Ascensores 2': 'true'}, {'Recepción Lobby': 'true'}, {'Terraza/Balcón ninguno': 'true'}, {'Terraza Rooftop': 'true'}, {'Vigilancia 24hrs': 'true'}, {'Cerca Centros Comerciales': 'true'}, {'Cerca Colegios / Universidades': 'true'}, {'Cerca Parques': 'true'}, {'Cerca Supermercados': 'true'}, {'Cerca Transporte Público': 'true'}, {'Sobre vía principal': 'true'}, {'Cerca Centros Comerciales': 'true'}, {'Cerca Colegios / Universidades': 'true'}, {'Cerca Parques': 'true'}, {'Cerca Supermercados': 'true'}, {'Cerca Transporte Público': 'true'}, {'Sobre vía principal': 'true'}]}",2026-07-28 09:09:09.536310+00:00
https://www.metrocuadrado.com/inmueble/arriendo-apartamento-bogota-gilmar-2-habitaciones-2-banos-1-garajes/20387-M6814622?src_url=%2Finmuebles%2Farriendo%2Fbogota%2F%3Fsearch%3Dform,"{'title': 'Apartamento En Arriendo, LA COLINA', 'location': 'LA COLINA, Bogotá D.C.', 'price': '$ 3.500.000', 'area': None, 'estrato': None, 'main_specs': '2 hab. | 2 bañ. | 1 par.', 'characteristics': [{'En interior y/o bloque': 'true'}, {'Tipo instalación de gas natural': 'true'}, {'Número de Closets 2': 'true'}, {'Número de piso 3': 'true'}, {'Shut de basura': 'true'}, {'Tipo de calentador gas': 'true'}, {'Tipo de Cocina lineal': 'true'}, {'Tipo comedor sala comedor': 'true'}, {'Depósito 1': 'true'}, {'Tipo de estufa gas': 'true'}, {'Tipo de piso en sala otro': 'true'}, {'Vista interior': 'true'}, {'Cerca a gimnasio': 'true'}, {'Cerca a hospitales': 'true'}, {'Cerca a Jardines y Colegios': 'true'}, {'Cerca a restaurantes': 'true'}, {'Cerca a tiendas de barrio': 'true'}, {'Ascensor': 'true'}, {'Circuito cerrado de TV': 'true'}, {'Conjunto cerrado': 'true'}, {'Número de Ascensores 1': 'true'}, {'Tipo de parqueadero propio': 'true'}, {'Vigilancia 24hrs': 'true'}, {'Cerca Centros Comerciales': 'true'}, {'Cerca Supermercados': 'true'}, {'Cerca Transporte Público': 'true'}, {'Sobre vía secundaria': 'true'}, {'Cerca Centros Comerciales': 'true'}, {'Cerca Supermercados': 'true'}, {'Cerca Transporte Público': 'true'}, {'Sobre vía secundaria': 'true'}]}",2026-07-28 09:09:14.322542+00:00
https://www.metrocuadrado.com/inmueble/arriendo-oficina-bogota-chico-norte-et-iii-5-banos-4-garajes/3561-M5991223?src_url=%2Finmuebles%2Farriendo%2Fbogota%2F%3Fsearch%3Dform,"{'title': 'Oficina En Arriendo, PARK CHICO', 'location': 'PARK CHICO, Bogotá D.C.', 'price': '$ 7.000.000', 'area': None, 'estrato': None, 'main_specs': '5 bañ. | 4 par.', 'characteristics': [{'Aire acondicionado': 'true'}, {'Citófonos': 'true'}, {'Puertas de seguridad': 'true'}, {'Control térmico': 'true'}, {'Escalera de Emergencia': 'true'}, {'Número de piso 7': 'true'}, {'Salón de conferencias': 'true'}, {'Tipo de oficina edificio': 'true'}, {'Tipo de acabado piso porcelanato': 'true'}, {'Vista exterior': 'true'}, {'Cerca a gimnasio': 'true'}, {'Cerca a hospitales': 'true'}, {'Acceso con tarjetas o dispositivos': 'true'}, {'Ascensor': 'true'}, {'Acceso para discapacitados': 'true'}, {'Circuito cerrado de TV': 'true'}, {'Parqueadero cubierto': 'true'}, {'Vista panorámica': 'true'}, {'Número de Ascensores 3': 'true'}, {'Recepción Lobby': 'true'}, {'Sistema contra incendio': 'true'}, {'Vigilancia 24hrs': 'true'}, {'Cerca Centros Comerciales': 'true'}, {'Cerca Colegios / Universidades': 'true'}, {'Cerca Parques': 'true'}, {'Cerca Supermercados': 'true'}, {'Cerca Transporte Público': 'true'}, {'Sobre vía principal': 'true'}, {'Ubicación zona centros negocios': 'true'}, {'Cerca Centros Comerciales': 'true'}, {'Cerca Colegios / Universidades': 'true'}, {'Cerca Parques': 'true'}, {'Cerca Supermercados': 'true'}, {'Cerca Transporte Público': 'true'}, {'Sobre vía principal': 'true'}, {'Ubicación zona centros negocios': 'true'}]}",2026-07-28 09:09:19.161470+00:00
https://www.metrocuadrado.com/inmueble/arriendo-apartamento-bogota-virrey-3-habitaciones-5-banos-4-garajes/19579-M6578876?src_url=%2Finmuebles%2Farriendo%2Fbogota%2F%3Fsearch%3Dform,"{'title': 'Apartamento En Arriendo, Virrey', 'location': 'Virrey, Bogotá D.C.', 'price': '$ 14.610.000', 'area': None, 'estrato': None, 'main_specs': '3 hab. | 5 bañ. | 4 par.', 'characteristics': [{'Baño Auxiliar': 'true'}, {'Baño de Servicio': 'true'}, {'Con calefacción': 'true'}, {'Citófonos': 'true'}, {'Cocina integral': 'true'}, {'Estudio o biblioteca': 'true'}, {'Zona de lavanderia': 'true'}, {'Control de ruido': 'true'}, {'Despensa': 'true'}, {'Extractor': 'true'}, {'Lavaplatos': 'true'}, {'Luz en la mañana': 'true'}, {'Luz en la tarde': 'true'}, {'Monoambiente': 'true'}, {'Número de piso 4': 'true'}, {'Depósito 1': 'true'}, {'Tipo de acabado piso cerámica': 'true'}, {'Walking closet': 'true'}, {'Gimnasio': 'true'}, {'Salón comunal': 'true'}, {'Zona para niños': 'true'}, {'Zonas verdes': 'true'}, {'Ascensor': 'true'}, {'Circuito cerrado de TV': 'true'}, {'Parqueadero visitantes': 'true'}, {'Piscina': 'true'}, {'Vigilancia': 'true'}, {'Vista panorámica': 'true'}, {'Conjunto cerrado': 'true'}, {'Recepción Lobby': 'true'}, {'Terraza/Balcón balcón': 'true'}, {'Cerca Colegios / Universidades': 'true'}, {'Cerca Parques': 'true'}, {'Cerca Transporte Público': 'true'}, {'Área Urbana': 'true'}, {'Cerca Colegios / Universidades': 'true'}, {'Cerca Parques': 'true'}, {'Cerca Transporte Público': 'true'}, {'Área Urbana': 'true'}]}",2026-07-28 09:09:24.027478+00:00
https://www.metrocuadrado.com/inmueble/arriendo-apartamento-bogota-chico-norte-3-habitaciones-4-banos-2-garajes/23522-M6896296?src_url=%2Finmuebles%2Farriendo%2Fbogota%2F%3Fsearch%3Dform,"{'title': 'Apartamento En Arriendo, CHICO', 'location': 'CHICO, Bogotá D.C.', 'price': '$ 10.000.000', 'area': None, 'estrato': None, 'main_specs': '3 hab. | 4 bañ. | 2 par.', 'characteristics': [{'Con chimenea': 'true'}, {'Tipo de Cortinas pesadas': 'true'}, {'Estudio o biblioteca': 'true'}, {'Equipado / Amoblado': 'true'}, {'Zona de lavanderia': 'true'}, {'Tipo instalación de gas natural': 'true'}, {'Lavaplatos': 'true'}, {'Número de Closets 4': 'true'}, {'Número de piso 2': 'true'}, {'Tipo de calentador gas': 'true'}, {'Tipo comedor comedor independiente': 'true'}, {'Tipo de estufa gas': 'true'}, {'Vista exterior': 'true'}, {'Walking closet': 'true'}, {'Cerca a gimnasio': 'true'}, {'Cerca a hospitales': 'true'}, {'Cerca a Jardines y Colegios': 'true'}, {'Cerca a restaurantes': 'true'}, {'Cerca a tiendas de barrio': 'true'}, {'Zona de BBQ': 'true'}, {'Zonas verdes': 'true'}, {'Área Terraza/Balcón 50': 'true'}, {'Ascensor': 'true'}, {'Parqueadero cubierto': 'true'}, {'Número de Ascensores 1': 'true'}, {'Terraza/Balcón terraza': 'true'}, {'Tipo de parqueadero propio': 'true'}, {'Vigilancia 24hrs': 'true'}, {'Cerca Centros Comerciales': 'true'}, {'Cerca Colegios / Universidades': 'true'}, {'Cerca Supermercados': 'true'}, {'Cerca Transporte Público': 'true'}, {'Cerca Centros Comerciales': 'true'}, {'Cerca Colegios / Universidades': 'true'}, {'Cerca Supermercados': 'true'}, {'Cerca Transporte Público': 'true'}]}",2026-07-28 09:09:29.323339+00:00
https://www.metrocuadrado.com/inmueble/arriendo-oficina-bogota-la-esperanza-norte-2-banos/3561-M6097624?src_url=%2Finmuebles%2Farriendo%2Fbogota%2F%3Fsearch%3Dform,"{'title': 'Oficina En Arriendo, CIUDAD SALITRE', 'location': 'CIUDAD SALITRE, Bogotá D.C.', 'price': '$ 6.000.000', 'area': None, 'estrato': None, 'main_specs': '2 bañ.', 'characteristics': [{'Aire acondicionado': 'true'}, {'Con calefacción': 'true'}, {'Puertas de seguridad': 'true'}, {'Depósito Bodega': 'true'}, {'Escalera de Emergencia': 'true'}, {'Número de piso 5': 'true'}, {'Salón de conferencias': 'true'}, {'Se Permite Fumar': 'true'}, {'Tipo de oficina edificio': 'true'}, {'Tipo de acabado piso porcelanato': 'true'}, {'Vista exterior': 'true'}, {'Cerca a gimnasio': 'true'}, {'Cerca a hospitales': 'true'}, {'Acceso con tarjetas o dispositivos': 'true'}, {'Ascensor': 'true'}, {'Acceso para discapacitados': 'true'}, {'Circuito cerrado de TV': 'true'}, {'Generador eléctrico': 'true'}, {'Jardines': 'true'}, {'Número de Ascensores 4': 'true'}, {'Recepción Lobby': 'true'}, {'Sistema contra incendio': 'true'}, {'Vigilancia 24hrs': 'true'}, {'Cerca Centros Comerciales': 'true'}, {'Cerca Colegios / Universidades': 'true'}, {'Cerca Parques': 'true'}, {'Cerca Supermercados': 'true'}, {'Cerca Transporte Público': 'true'}, {'Sobre vía principal': 'true'}, {'Ubicación zona centros negocios': 'true'}, {'Cerca Centros Comerciales': 'true'}, {'Cerca Colegios / Universidades': 'true'}, {'Cerca Parques': 'true'}, {'Cerca Supermercados': 'true'}, {'Cerca Transporte Público': 'true'}, {'Sobre vía principal': 'true'}, {'Ubicación zona centros negocios': 'true'}]}",2026-07-28 09:09:34.057144+00:00
https://www.metrocuadrado.com/inmueble/arriendo-oficina-bogota-el-nogal-5-banos-4-garajes/3437-M5598202?src_url=%2Finmuebles%2Farriendo%2Fbogota%2F%3Fsearch%3Dform,"{'title': 'Oficina En Arriendo, NOGAL ROSALES', 'location': 'NOGAL ROSALES, Bogotá D.C.', 'price': '$ 86.997.500', 'area': None, 'estrato': None, 'main_specs': '5 bañ. | 4 par.', 'characteristics': [{'Citófonos': 'true'}, {'Puertas de seguridad': 'true'}, {'Control de ruido': 'true'}, {'Control térmico': 'true'}, {'Depósito Bodega': 'true'}, {'Detección de humo': 'true'}, {'Escalera de Emergencia': 'true'}, {'Número de piso 14': 'true'}, {'Salón de conferencias': 'true'}, {'Tipo de oficina edificio': 'true'}, {'Tipo de acabado piso cemento': 'true'}, {'Vista exterior': 'true'}, {'Acceso con tarjetas o dispositivos': 'true'}, {'Ascensor': 'true'}, {'Acceso para discapacitados': 'true'}, {'Circuito cerrado de TV': 'true'}, {'Parqueadero cubierto': 'true'}, {'Vista panorámica': 'true'}, {'Generador eléctrico': 'true'}, {'Número de Ascensores 4': 'true'}, {'Recepción Lobby': 'true'}, {'Sistema contra incendio': 'true'}, {'Vigilancia 24hrs': 'true'}, {'Cerca Centros Comerciales': 'true'}, {'Cerca Colegios / Universidades': 'true'}, {'Cerca Transporte Público': 'true'}, {'Sobre vía principal': 'true'}, {'Sobre vía secundaria': 'true'}, {'Ubicación zona centros negocios': 'true'}, {'Cerca Centros Comerciales': 'true'}, {'Cerca Colegios / Universidades': 'true'}, {'Cerca Transporte Público': 'true'}, {'Sobre vía principal': 'true'}, {'Sobre vía secundaria': 'true'}, {'Ubicación zona centros negocios': 'true'}]}",2026-07-28 09:09:38.838913+00:00
https://www.metrocuadrado.com/inmueble/arriendo-apartamento-bogota-la-porciuncula-5-habitaciones-5-banos-3-garajes/5340-M5593204?src_url=%2Finmuebles%2Farriendo%2Fbogota%2F%3Fsearch%3Dform,"{'title': 'Apartamento En Arriendo, Los Rosales', 'location': 'Los Rosales, Bogotá D.C.', 'price': '$ 20.000.000', 'area': None, 'estrato': None, 'main_specs': '5 hab. | 5 bañ. | 3 par.', 'characteristics': [{'Baño Auxiliar': 'true'}, {'Alarma': 'true'}, {'Baño de Servicio': 'true'}, {'Con calefacción': 'true'}, {'Con chimenea': 'true'}, {'Citófonos': 'true'}, {'Cocina integral': 'true'}, {'Comedor auxiliar': 'true'}, {'Cuarto de servicio': 'true'}, {'Estudio o biblioteca': 'true'}, {'Hall de Alcobas': 'true'}, {'Equipado / Amoblado': 'true'}, {'Zona de lavanderia': 'true'}, {'Despensa': 'true'}, {'Monoambiente': 'true'}, {'Número de piso 6': 'true'}, {'Depósito 1': 'true'}, {'Tipo de acabado piso cerámica': 'true'}, {'Salón comunal': 'true'}, {'Zona para niños': 'true'}, {'Zonas verdes': 'true'}, {'Ascensor': 'true'}, {'Circuito cerrado de TV': 'true'}, {'Parqueadero visitantes': 'true'}, {'Vigilancia': 'true'}, {'Vista panorámica': 'true'}, {'Conjunto cerrado': 'true'}, {'Recepción Lobby': 'true'}, {'Cerca Colegios / Universidades': 'true'}, {'Cerca Parques': 'true'}, {'Cerca Transporte Público': 'true'}, {'Sobre vía principal': 'true'}, {'Ubicación zona centros negocios': 'true'}, {'Área Urbana': 'true'}, {'Cerca Colegios / Universidades': 'true'}, {'Cerca Parques': 'true'}, {'Cerca Transporte Público': 'true'}, {'Sobre vía principal': 'true'}, {'Ubicación zona centros negocios': 'true'}, {'Área Urbana': 'true'}]}",2026-07-28 09:09:43.658709+00:00
https://www.metrocuadrado.com/inmueble/arriendo-oficina-bogota-la-esperanza-norte-4-banos-3-garajes/3561-M6097641?src_url=%2Finmuebles%2Farriendo%2Fbogota%2F%3Fsearch%3Dform,"{'title': 'Oficina En Arriendo, CIUDAD SALITRE', 'location': 'CIUDAD SALITRE, Bogotá D.C.', 'price': '$ 10.800.000', 'area': None, 'estrato': None, 'main_specs': '4 bañ. | 3 par.', 'characteristics': [{'Aire acondicionado': 'true'}, {'Puertas de seguridad': 'true'}, {'Control de ruido': 'true'}, {'Control térmico': 'true'}, {'Depósito Bodega': 'true'}, {'Detección de humo': 'true'}, {'Equipado': 'true'}, {'Escalera de Emergencia': 'true'}, {'Número de piso 3': 'true'}, {'Salón de conferencias': 'true'}, {'Tipo de oficina edificio': 'true'}, {'Tipo de acabado piso porcelanato': 'true'}, {'Vista exterior': 'true'}, {'Cerca a gimnasio': 'true'}, {'Cerca a hospitales': 'true'}, {'Acceso con tarjetas o dispositivos': 'true'}, {'Ascensor': 'true'}, {'Acceso para discapacitados': 'true'}, {'Circuito cerrado de TV': 'true'}, {'Parqueadero cubierto': 'true'}, {'Vista panorámica': 'true'}, {'Generador eléctrico': 'true'}, {'Jardines': 'true'}, {'Número de Ascensores 3': 'true'}, {'Recepción Lobby': 'true'}, {'Salón de juegos': 'true'}, {'Sistema contra incendio': 'true'}, {'Vigilancia 24hrs': 'true'}, {'Cerca Centros Comerciales': 'true'}, {'Cerca Colegios / Universidades': 'true'}, {'Cerca Parques': 'true'}, {'Cerca Supermercados': 'true'}, {'Cerca Transporte Público': 'true'}, {'Sobre vía principal': 'true'}, {'Ubicación zona centros negocios': 'true'}, {'Cerca Centros Comerciales': 'true'}, {'Cerca Colegios / Universidades': 'true'}, {'Cerca Parques': 'true'}, {'Cerca Supermercados': 'true'}, {'Cerca Transporte Público': 'true'}, {'Sobre vía principal': 'true'}, {'Ubicación zona centros negocios': 'true'}]}",2026-07-28 09:09:48.450846+00:00
https://www.metrocuadrado.com/inmueble/arriendo-apartaestudio-bogota-bosque-calderon-1-habitaciones-1-banos-1-garajes/20861-M6557982?src_url=%2Finmuebles%2Farriendo%2Fbogota%2F%3Fsearch%3Dform,"{'title': 'Apartaestudio En Arriendo, Bosque Calderon', 'location': 'Bosque Calderon, Bogotá D.C.', 'price': '$ 3.547.000', 'area': None, 'estrato': None, 'main_specs': '1 hab. | 1 bañ. | 1 par.', 'characteristics': [{'Baño Auxiliar': 'true'}, {'Baño de Servicio': 'true'}, {'Con calefacción': 'true'}, {'Citófonos': 'true'}, {'Cocina Tipo Americano': 'true'}, {'Cocina integral': 'true'}, {'Zona de lavanderia': 'true'}, {'Extractor': 'true'}, {'Luz en la mañana': 'true'}, {'Luz en la tarde': 'true'}, {'Monoambiente': 'true'}, {'Número de piso 6': 'true'}, {'Shut de basura': 'true'}, {'Depósito 1': 'true'}, {'Tipo de acabado piso cerámica': 'true'}, {'Cerca a hospitales': 'true'}, {'Cerca a Jardines y Colegios': 'true'}, {'Cerca a restaurantes': 'true'}, {'Cerca a tiendas de barrio': 'true'}, {'Gimnasio': 'true'}, {'Salón comunal': 'true'}, {'Zonas verdes': 'true'}, {'Ascensor': 'true'}, {'Circuito cerrado de TV': 'true'}, {'Parqueadero visitantes': 'true'}, {'Vigilancia': 'true'}, {'Vista panorámica': 'true'}, {'Recepción Lobby': 'true'}, {'Cerca Colegios / Universidades': 'true'}, {'Cerca Parques': 'true'}, {'Cerca Transporte Público': 'true'}, {'Área Urbana': 'true'}, {'Cerca Colegios / Universidades': 'true'}, {'Cerca Parques': 'true'}, {'Cerca Transporte Público': 'true'}, {'Área Urbana': 'true'}]}",2026-07-28 09:09:53.164724+00:00
https://www.metrocuadrado.com/inmueble/arriendo-apartamento-bogota-bellavista-3-habitaciones-5-banos-4-garajes/19579-M5812603?src_url=%2Finmuebles%2Farriendo%2Fbogota%2F%3Fsearch%3Dform,"{'title': 'Apartamento En Arriendo, Rosales', 'location': 'Rosales, Bogotá D.C.', 'price': '$ 44.000.000', 'area': None, 'estrato': None, 'main_specs': '3 hab. | 5 bañ. | 4 par.', 'characteristics': [{'Baño Auxiliar': 'true'}, {'Baño de Servicio': 'true'}, {'Citófonos': 'true'}, {'Cocina Tipo Americano': 'true'}, {'Cocina integral': 'true'}, {'Cuarto de servicio': 'true'}, {'Estudio o biblioteca': 'true'}, {'Hall de Alcobas': 'true'}, {'Zona de lavanderia': 'true'}, {'Despensa': 'true'}, {'Monoambiente': 'true'}, {'Número de piso 9': 'true'}, {'PentHouse': 'true'}, {'Depósito 1': 'true'}, {'Tipo de acabado piso cerámica': 'true'}, {'Gimnasio': 'true'}, {'Salón comunal': 'true'}, {'Zona de BBQ': 'true'}, {'Zona para niños': 'true'}, {'Zonas verdes': 'true'}, {'Ascensor': 'true'}, {'Circuito cerrado de TV': 'true'}, {'Parqueadero visitantes': 'true'}, {'Piscina': 'true'}, {'Con Terraza': 'true'}, {'Vigilancia': 'true'}, {'Vista panorámica': 'true'}, {'Conjunto cerrado': 'true'}, {'Recepción Lobby': 'true'}, {'Terraza/Balcón balcón': 'true'}, {'Terraza Rooftop': 'true'}, {'Cerca Colegios / Universidades': 'true'}, {'Cerca Parques': 'true'}, {'Cerca Transporte Público': 'true'}, {'Área Urbana': 'true'}, {'Cerca Colegios / Universidades': 'true'}, {'Cerca Parques': 'true'}, {'Cerca Transporte Público': 'true'}, {'Área Urbana': 'true'}]}",2026-07-28 09:09:57.955904+00:00
https://www.metrocuadrado.com/inmueble/arriendo-apartamento-bogota-rincon-del-chico-1-habitaciones-2-banos-1-garajes/23122-M6876233?src_url=%2Finmuebles%2Farriendo%2Fbogota%2F%3Fsearch%3Dform,"{'title': 'Apartamento En Arriendo, RINCON DEL CHICO', 'location': 'RINCON DEL CHICO, Bogotá D.C.', 'price': '$ 5.000.000', 'area': None, 'estrato': None, 'main_specs': '1 hab. | 2 bañ. | 1 par.', 'characteristics': [{'Tipo de Cortinas pesadas': 'true'}, {'Estudio o biblioteca': 'true'}, {'Equipado / Amoblado': 'true'}, {'Zona de lavanderia': 'true'}, {'Tipo instalación de gas ninguno': 'true'}, {'Número de Closets 1': 'true'}, {'Número de piso 16': 'true'}, {'Tipo de calentador electrico': 'true'}, {'Tipo de Cocina abierta': 'true'}, {'Tipo comedor comedor independiente': 'true'}, {'Depósito 0': 'true'}, {'Tipo de estufa electrica': 'true'}, {'Tipo de acabado piso laminado': 'true'}, {'Tipo de piso en alcobas laminado': 'true'}, {'Tipo de piso en comedor laminado': 'true'}, {'Tipo de piso en estudio laminado': 'true'}, {'Tipo de piso en sala laminado': 'true'}, {'Vista exterior': 'true'}, {'Cerca a parque industrial': 'true'}, {'Cerca a restaurantes': 'true'}, {'Gimnasio': 'true'}, {'Sauna y/o turco': 'true'}, {'Ascensor': 'true'}, {'Parqueadero cubierto': 'true'}, {'Piscina': 'true'}, {'Conjunto cerrado': 'true'}, {'Número de Ascensores 3': 'true'}, {'Terraza/Balcón ninguno': 'true'}, {'Tipo de parqueadero comunal': 'true'}, {'Vigilancia 24hrs': 'true'}, {'Cerca Centros Comerciales': 'true'}, {'Cerca Centros Comerciales': 'true'}]}",2026-07-28 09:10:03.271890+00:00
https://www.metrocuadrado.com/inmueble/arriendo-oficina-bogota-quinta-paredes-5-banos-3-garajes/412-M6452035?src_url=%2Finmuebles%2Farriendo%2Fbogota%2F%3Fsearch%3Dform,"{'title': 'Oficina En Arriendo, QUINTA PAREDES', 'location': 'QUINTA PAREDES, Bogotá D.C.', 'price': '$ 22.500.000', 'area': None, 'estrato': None, 'main_specs': '5 bañ. | 3 par.', 'characteristics': [{'Citófonos': 'true'}, {'Puertas de seguridad': 'true'}, {'Detección de humo': 'true'}, {'Escalera de Emergencia': 'true'}, {'Número de piso 1': 'true'}, {'Tipo de oficina edificio': 'true'}, {'Tipo de acabado piso cemento': 'true'}, {'Vista exterior': 'true'}, {'Cerca a gimnasio': 'true'}, {'Cerca a hospitales': 'true'}, {'Cerca a parque industrial': 'true'}, {'Ascensor': 'true'}, {'Acceso para discapacitados': 'true'}, {'Circuito cerrado de TV': 'true'}, {'Parqueadero cubierto': 'true'}, {'Vista panorámica': 'true'}, {'Generador eléctrico': 'true'}, {'Jardines': 'true'}, {'Número de Ascensores 1': 'true'}, {'Recepción Lobby': 'true'}, {'Salón de juegos': 'true'}, {'Sistema contra incendio': 'true'}, {'Vigilancia 0': 'true'}, {'Cerca Centros Comerciales': 'true'}, {'Cerca Colegios / Universidades': 'true'}, {'Cerca Parques': 'true'}, {'Cerca Supermercados': 'true'}, {'Cerca Transporte Público': 'true'}, {'Sobre vía principal': 'true'}, {'Sobre vía secundaria': 'true'}, {'Ubicación zona centros negocios': 'true'}, {'Cerca Centros Comerciales': 'true'}, {'Cerca Colegios / Universidades': 'true'}, {'Cerca Parques': 'true'}, {'Cerca Supermercados': 'true'}, {'Cerca Transporte Público': 'true'}, {'Sobre vía principal': 'true'}, {'Sobre vía secundaria': 'true'}, {'Ubicación zona centros negocios': 'true'}]}",2026-07-28 09:10:08.156632+00:00
https://www.metrocuadrado.com/inmueble/arriendo-apartamento-bogota-chico-norte-et.-iii-1-habitaciones-1-banos-1-garajes/22189-M6451447?src_url=%2Finmuebles%2Farriendo%2Fbogota%2F%3Fsearch%3Dform,"{'title': 'Apartamento En Arriendo, Chico', 'location': 'Chico, Bogotá D.C.', 'price': '$ 5.000.000', 'area': None, 'estrato': None, 'main_specs': '1 hab. | 1 bañ. | 1 par.', 'characteristics': [{'Baño Auxiliar': 'true'}, {'Baño de Servicio': 'true'}, {'Con calefacción': 'true'}, {'Citófonos': 'true'}, {'Cocina integral': 'true'}, {'Zona de lavanderia': 'true'}, {'Horno': 'true'}, {'Luz en la mañana': 'true'}, {'Luz en la tarde': 'true'}, {'Número de piso 4': 'true'}, {'Puerta eléctrica': 'true'}, {'Shut de basura': 'true'}, {'Walking closet': 'true'}, {'Cerca a hospitales': 'true'}, {'Cerca a Jardines y Colegios': 'true'}, {'Cerca a restaurantes': 'true'}, {'Gimnasio': 'true'}, {'Salón comunal': 'true'}, {'Zona de BBQ': 'true'}, {'Zona para niños': 'true'}, {'Zonas verdes': 'true'}, {'Ascensor': 'true'}, {'Parqueadero visitantes': 'true'}, {'Con Terraza': 'true'}, {'Recepción Lobby': 'true'}, {'Terraza/Balcón balcón': 'true'}, {'Terraza Rooftop': 'true'}, {'Cerca Colegios / Universidades': 'true'}, {'Cerca Parques': 'true'}, {'Cerca Transporte Público': 'true'}, {'Cerca Colegios / Universidades': 'true'}, {'Cerca Parques': 'true'}, {'Cerca Transporte Público': 'true'}]}",2026-07-28 09:10:12.985627+00:00
https://www.metrocuadrado.com/inmueble/arriendo-casa-bogota-quinta-camacho-5-habitaciones-5-banos-1-garajes/19579-M5778056?src_url=%2Finmuebles%2Farriendo%2Fbogota%2F%3Fsearch%3Dform,"{'title': 'Casa En Arriendo, Quinta Camacho', 'location': 'Quinta Camacho, Bogotá D.C.', 'price': '$ 18.000.000', 'area': None, 'estrato': None, 'main_specs': '5 hab. | 5 bañ. | 1 par.', 'characteristics': [{'Baño Auxiliar': 'true'}, {'Alarma': 'true'}, {'Baño de Servicio': 'true'}, {'Con calefacción': 'true'}, {'Con chimenea': 'true'}, {'Citófonos': 'true'}, {'Cocina Tipo Americano': 'true'}, {'Cocina integral': 'true'}, {'Comedor auxiliar': 'true'}, {'Cuarto de servicio': 'true'}, {'Estudio o biblioteca': 'true'}, {'Hall de Alcobas': 'true'}, {'Zona de lavanderia': 'true'}, {'Despensa': 'true'}, {'Depósito 1': 'true'}, {'Tipo de acabado piso cerámica': 'true'}, {'Jardín interior': 'true'}, {'Salón comunal': 'true'}, {'Zona de BBQ': 'true'}, {'Zona para niños': 'true'}, {'Zonas verdes': 'true'}, {'&Aacute;rea del lote 670': 'true'}, {'Circuito cerrado de TV': 'true'}, {'Jardín': 'true'}, {'Parqueadero visitantes': 'true'}, {'Vigilancia': 'true'}, {'Vista panorámica': 'true'}, {'Terraza/Balcón balcón': 'true'}, {'Cerca Colegios / Universidades': 'true'}, {'Cerca Parques': 'true'}, {'Cerca Transporte Público': 'true'}, {'Ubicación zona centros negocios': 'true'}, {'Área Urbana': 'true'}, {'Cerca Colegios / Universidades': 'true'}, {'Cerca Parques': 'true'}, {'Cerca Transporte Público': 'true'}, {'Ubicación zona centros negocios': 'true'}, {'Área Urbana': 'true'}]}",2026-07-28 09:10:17.788699+00:00
https://www.metrocuadrado.com/inmueble/arriendo-apartamento-bogota-el-refugio-5-habitaciones-4-banos-2-garajes/3553-M4813894?src_url=%2Finmuebles%2Farriendo%2Fbogota%2F%3Fsearch%3Dform,"{'title': 'Apartamento En Arriendo, CHAPINERO', 'location': 'CHAPINERO, Bogotá D.C.', 'price': '$ 20.000.000', 'area': None, 'estrato': None, 'main_specs': '5 hab. | 4 bañ. | 2 par.', 'characteristics': [{'Apto para niños': 'true'}, {'Con chimenea': 'true'}, {'Cuarto de servicio': 'true'}, {'Estudio o biblioteca': 'true'}, {'Puertas de seguridad': 'true'}, {'Tipo instalación de gas natural': 'true'}, {'Número de piso 0': 'true'}, {'Tipo de Cocina en l': 'true'}, {'Tipo comedor comedor independiente': 'true'}, {'Depósito 2': 'true'}, {'Tipo de estufa gas': 'true'}, {'Tipo de acabado piso madera': 'true'}, {'Tipo de piso en alcobas madera': 'true'}, {'Tipo de piso en comedor madera': 'true'}, {'Tipo de piso en estudio madera': 'true'}, {'Tipo de piso en sala madera': 'true'}, {'Vista exterior': 'true'}, {'Zona de BBQ': 'true'}, {'Zonas verdes': 'true'}, {'Área Terraza/Balcón 60': 'true'}, {'Circuito cerrado de TV': 'true'}, {'Parqueadero cubierto': 'true'}, {'Terraza/Balcón terraza': 'true'}, {'Tipo de parqueadero propio': 'true'}, {'Cerca Colegios / Universidades': 'true'}, {'Cerca Parques': 'true'}, {'Cerca Supermercados': 'true'}, {'Cerca Transporte Público': 'true'}, {'Cerca Colegios / Universidades': 'true'}, {'Cerca Parques': 'true'}, {'Cerca Supermercados': 'true'}, {'Cerca Transporte Público': 'true'}]}",2026-07-28 09:10:22.561881+00:00
https://www.metrocuadrado.com/inmueble/arriendo-apartamento-bogota-la-alameda-170-3-habitaciones-2-banos-1-garajes/5340-M5402534?src_url=%2Finmuebles%2Farriendo%2Fbogota%2F%3Fsearch%3Dform,"{'title': 'Apartamento En Arriendo, La Alameda 170', 'location': 'La Alameda 170, Bogotá D.C.', 'price': '$ 2.600.000', 'area': None, 'estrato': None, 'main_specs': '3 hab. | 2 bañ. | 1 par.', 'characteristics': [{'Baño Auxiliar': 'true'}, {'Baño de Servicio': 'true'}, {'Con calefacción': 'true'}, {'Con chimenea': 'true'}, {'Citófonos': 'true'}, {'Cocina integral': 'true'}, {'Estudio o biblioteca': 'true'}, {'Hall de Alcobas': 'true'}, {'Zona de lavanderia': 'true'}, {'Despensa': 'true'}, {'Monoambiente': 'true'}, {'Número de piso 12': 'true'}, {'Cancha(s) de Basket': 'true'}, {'Gimnasio': 'true'}, {'Salón comunal': 'true'}, {'Zona de BBQ': 'true'}, {'Zona para niños': 'true'}, {'Zonas verdes': 'true'}, {'Ascensor': 'true'}, {'Circuito cerrado de TV': 'true'}, {'Parqueadero visitantes': 'true'}, {'Vigilancia': 'true'}, {'Vista panorámica': 'true'}, {'Conjunto cerrado': 'true'}, {'Recepción Lobby': 'true'}, {'Terraza/Balcón balcón': 'true'}, {'Cerca Colegios / Universidades': 'true'}, {'Cerca Parques': 'true'}, {'Cerca Transporte Público': 'true'}, {'Sobre vía principal': 'true'}, {'Ubicación zona centros negocios': 'true'}, {'Área Urbana': 'true'}, {'Cerca Colegios / Universidades': 'true'}, {'Cerca Parques': 'true'}, {'Cerca Transporte Público': 'true'}, {'Sobre vía principal': 'true'}, {'Ubicación zona centros negocios': 'true'}, {'Área Urbana': 'true'}]}",2026-07-28 09:10:27.386725+00:00
https://www.metrocuadrado.com/inmueble/arriendo-apartamento-bogota-molinos-norte-2-habitaciones-3-banos-2-garajes/5545-M6722962?src_url=%2Finmuebles%2Farriendo%2Fbogota%2F%3Fsearch%3Dform,"{'title': 'Apartamento En Arriendo, SANTA PAULA', 'location': 'SANTA PAULA, Bogotá D.C.', 'price': '$ 8.000.000', 'area': None, 'estrato': None, 'main_specs': '2 hab. | 3 bañ. | 2 par.', 'characteristics': [{'Con chimenea': 'true'}, {'Tipo de Cortinas con velos': 'true'}, {'Estudio o biblioteca': 'true'}, {'Equipado / Amoblado': 'true'}, {'Puertas de seguridad': 'true'}, {'Zona de lavanderia': 'true'}, {'Tipo instalación de gas natural': 'true'}, {'Número de Closets 4': 'true'}, {'Número de piso 2': 'true'}, {'Tipo de calentador caldera': 'true'}, {'Tipo de Cocina abierta': 'true'}, {'Tipo comedor sala comedor': 'true'}, {'Depósito 0': 'true'}, {'Tipo de estufa gas': 'true'}, {'Tipo de acabado piso madera': 'true'}, {'Tipo de piso en alcobas madera': 'true'}, {'Tipo de piso en comedor madera': 'true'}, {'Tipo de piso en estudio madera': 'true'}, {'Tipo de piso en sala madera': 'true'}, {'Vista exterior': 'true'}, {'Área Terraza/Balcón 25': 'true'}, {'Ascensor': 'true'}, {'Parqueadero cubierto': 'true'}, {'Conjunto cerrado': 'true'}, {'Número de Ascensores 3': 'true'}, {'Terraza/Balcón terraza': 'true'}, {'Tipo de parqueadero propio': 'true'}, {'Sobre vía secundaria': 'true'}, {'Sobre vía secundaria': 'true'}]}",2026-07-28 09:10:32.170672+00:00
https://www.metrocuadrado.com/inmueble/arriendo-local-comercial-bogota-los-monjes/537-M3722253?src_url=%2Finmuebles%2Farriendo%2Fbogota%2F%3Fsearch%3Dform,"{'title': 'Local Comercial En Arriendo, AEROPUERTO EL DORADO', 'location': 'AEROPUERTO EL DORADO, Bogotá D.C.', 'price': '$ 24.035.500', 'area': None, 'estrato': None, 'main_specs': None, 'characteristics': [{'Alarma': 'true'}, {'Citófonos': 'true'}, {'Número de líneas teléfonicas 0': 'true'}, {'Número local 1': 'true'}, {'Número de piso 1': 'true'}, {'Se Permite Fumar': 'true'}, {'Tipo local afueras centro comercial': 'true'}, {'Tipo de acabado piso porcelanato': 'true'}, {'Ventilación Natural': 'true'}, {'Vista exterior': 'true'}, {'Cerca a hospitales': 'true'}, {'Cerca a parque industrial': 'true'}, {'Ubicado en centro comercial': 'true'}, {'Ubicado en edificio': 'true'}, {'Acceso con tarjetas o dispositivos': 'true'}, {'&Aacute;rea del lote 800': 'true'}, {'Bahias de parqueo': 'true'}, {'Acceso para discapacitados': 'true'}, {'Circuito cerrado de TV': 'true'}, {'Vista panorámica': 'true'}, {'En oficinas': 'true'}, {'En plazoleta de comidas': 'true'}, {'En supermercado': 'true'}, {'Generador eléctrico': 'true'}, {'Jardines': 'true'}, {'Número de Ascensores 0': 'true'}, {'Pasaje comercial': 'true'}, {'Sistema contra incendio': 'true'}, {'Vigilancia 24hrs': 'true'}, {'Cerca Centros Comerciales': 'true'}, {'Cerca Colegios / Universidades': 'true'}, {'Cerca Parques': 'true'}, {'Cerca Supermercados': 'true'}, {'Cerca Transporte Público': 'true'}, {'Sobre vía secundaria': 'true'}, {'Cerca Centros Comerciales': 'true'}, {'Cerca Colegios / Universidades': 'true'}, {'Cerca Parques': 'true'}, {'Cerca Supermercados': 'true'}, {'Cerca Transporte Público': 'true'}, {'Sobre vía secundaria': 'true'}]}",2026-07-28 09:10:37.469340+00:00
https://www.metrocuadrado.com/inmueble/arriendo-apartamento-bogota-chico-norte-et.-iii-3-habitaciones-3-banos-3-garajes/22189-M6451466?src_url=%2Finmuebles%2Farriendo%2Fbogota%2F%3Fsearch%3Dform,"{'title': 'Apartamento En Arriendo, Chico', 'location': 'Chico, Bogotá D.C.', 'price': '$ 14.500.000', 'area': None, 'estrato': None, 'main_specs': '3 hab. | 3 bañ. | 3 par.', 'characteristics': [{'Baño Auxiliar': 'true'}, {'Baño de Servicio': 'true'}, {'Con calefacción': 'true'}, {'Con chimenea': 'true'}, {'Citófonos': 'true'}, {'Cocina integral': 'true'}, {'Zona de lavanderia': 'true'}, {'Horno': 'true'}, {'Lavaplatos': 'true'}, {'Luz en la mañana': 'true'}, {'Luz en la tarde': 'true'}, {'Número de piso 7': 'true'}, {'Shut de basura': 'true'}, {'Walking closet': 'true'}, {'Cerca a hospitales': 'true'}, {'Cerca a Jardines y Colegios': 'true'}, {'Cerca a restaurantes': 'true'}, {'Gimnasio': 'true'}, {'Salón comunal': 'true'}, {'Zona de BBQ': 'true'}, {'Zona para niños': 'true'}, {'Zonas verdes': 'true'}, {'Ascensor': 'true'}, {'Parqueadero visitantes': 'true'}, {'Con Terraza': 'true'}, {'Recepción Lobby': 'true'}, {'Terraza/Balcón balcón': 'true'}, {'Terraza Rooftop': 'true'}, {'Cerca Colegios / Universidades': 'true'}, {'Cerca Parques': 'true'}, {'Cerca Transporte Público': 'true'}, {'Cerca Colegios / Universidades': 'true'}, {'Cerca Parques': 'true'}, {'Cerca Transporte Público': 'true'}]}",2026-07-28 09:10:42.260211+00:00
https://www.metrocuadrado.com/inmueble/arriendo-apartamento-bogota-cerros-de-los-alpes-4-habitaciones-4-banos-4-garajes/21542-M6189716?src_url=%2Finmuebles%2Farriendo%2Fbogota%2F%3Fsearch%3Dform,"{'title': 'Apartamento En Arriendo, Cerros De Los Alpes', 'location': 'Cerros De Los Alpes, Bogotá D.C.', 'price': '$ 37.900.000', 'area': None, 'estrato': None, 'main_specs': '4 hab. | 4 bañ. | 4 par.', 'characteristics': [{'Baño Auxiliar': 'true'}, {'Baño de Servicio': 'true'}, {'Con chimenea': 'true'}, {'Citófonos': 'true'}, {'Cocina integral': 'true'}, {'Comedor auxiliar': 'true'}, {'Cuarto de servicio': 'true'}, {'Depósito o cuarto útil': 'true'}, {'Estudio o biblioteca': 'true'}, {'Hall de Alcobas': 'true'}, {'Zona de lavanderia': 'true'}, {'Despensa': 'true'}, {'Monoambiente': 'true'}, {'Número de piso 9': 'true'}, {'Depósito 1': 'true'}, {'Cancha(s) de Basket': 'true'}, {'Cancha(s) de squash': 'true'}, {'Cancha(s) de Tennis': 'true'}, {'Gimnasio': 'true'}, {'Jaula de Golf': 'true'}, {'Salón comunal': 'true'}, {'Zona para niños': 'true'}, {'Zonas verdes': 'true'}, {'Ascensor': 'true'}, {'Circuito cerrado de TV': 'true'}, {'Parqueadero visitantes': 'true'}, {'Piscina': 'true'}, {'Con Terraza': 'true'}, {'Vigilancia': 'true'}, {'Vista panorámica': 'true'}, {'Conjunto cerrado': 'true'}, {'Recepción Lobby': 'true'}, {'Terraza/Balcón balcón': 'true'}, {'Terraza Rooftop': 'true'}, {'Cerca Parques': 'true'}, {'Cerca Parques': 'true'}]}",2026-07-28 09:10:47.098340+00:00
https://www.metrocuadrado.com/inmueble/arriendo-casa-bogota-santa-ana-oriental-4-habitaciones-5-banos-4-garajes/3553-M4979456?src_url=%2Finmuebles%2Farriendo%2Fbogota%2F%3Fsearch%3Dform,"{'title': 'Casa En Arriendo, USAQUEN', 'location': 'USAQUEN, Bogotá D.C.', 'price': '$ 30.000.000', 'area': None, 'estrato': None, 'main_specs': '4 hab. | 5 bañ. | 4 par.', 'characteristics': [{'Ancho 17 m': 'true'}, {'Apto para niños': 'true'}, {'Con chimenea': 'true'}, {'Estudio o biblioteca': 'true'}, {'Zona de lavanderia': 'true'}, {'Fondo 30.5 m': 'true'}, {'Tipo instalación de gas natural': 'true'}, {'Tipo de calentador gas': 'true'}, {'Tipo de Casa tradicional': 'true'}, {'Tipo de Cocina isla': 'true'}, {'Tipo comedor comedor independiente': 'true'}, {'Depósito 2': 'true'}, {'Tipo de estufa mixta': 'true'}, {'Tipo de acabado piso madera': 'true'}, {'Tipo de piso en alcobas madera': 'true'}, {'Tipo de piso en comedor madera': 'true'}, {'Tipo de piso en estudio madera': 'true'}, {'Tipo de piso en sala madera': 'true'}, {'Vista exterior': 'true'}, {'Gimnasio': 'true'}, {'Sauna y/o turco': 'true'}, {'Zona para niños': 'true'}, {'Zonas verdes': 'true'}, {'Parqueadero cubierto': 'true'}, {'Jardín': 'true'}, {'Número de niveles 2': 'true'}, {'Tipo de parqueadero independiente': 'true'}, {'Cerca Centros Comerciales': 'true'}, {'Cerca Colegios / Universidades': 'true'}, {'Cerca Parques': 'true'}, {'Cerca Supermercados': 'true'}, {'Cerca Transporte Público': 'true'}, {'Sobre vía secundaria': 'true'}, {'Cerca Centros Comerciales': 'true'}, {'Cerca Colegios / Universidades': 'true'}, {'Cerca Parques': 'true'}, {'Cerca Supermercados': 'true'}, {'Cerca Transporte Público': 'true'}, {'Sobre vía secundaria': 'true'}]}",2026-07-28 09:10:51.891567+00:00
https://www.metrocuadrado.com/inmueble/arriendo-apartamento-bogota-bella-suiza-2-habitaciones-4-banos-2-garajes/23236-M6879585?src_url=%2Finmuebles%2Farriendo%2Fbogota%2F%3Fsearch%3Dform,"{'title': 'Apartamento En Arriendo, Bella Suiza', 'location': 'Bella Suiza, Bogotá D.C.', 'price': '$ 9.800.000', 'area': None, 'estrato': None, 'main_specs': '2 hab. | 4 bañ. | 2 par.', 'characteristics': [{'Baño de Servicio': 'true'}, {'Con chimenea': 'true'}, {'Citófonos': 'true'}, {'Tipo de Cortinas persianas': 'true'}, {'Cuarto de servicio': 'true'}, {'Estudio o biblioteca': 'true'}, {'Hall de Alcobas': 'true'}, {'Puertas de seguridad': 'true'}, {'Zona de lavanderia': 'true'}, {'Despensa': 'true'}, {'Detección de humo': 'true'}, {'Extractor': 'true'}, {'Horno': 'true'}, {'Tipo instalación de gas natural': 'true'}, {'Lavaplatos': 'true'}, {'Luz en la mañana': 'true'}, {'Luz en la tarde': 'true'}, {'Número de Closets 2': 'true'}, {'Número de piso 7': 'true'}, {'PentHouse': 'true'}, {'Se Permite Fumar': 'true'}, {'Se Permiten Mascotas': 'true'}, {'Tipo de calentador no tiene': 'true'}, {'Tipo de Cocina otra': 'true'}, {'Tipo comedor comedor independiente': 'true'}, {'Depósito 1': 'true'}, {'Tipo de estufa gas': 'true'}, {'Tipo de acabado piso madera': 'true'}, {'Tipo de piso en alcobas madera': 'true'}, {'Tipo de piso en comedor madera': 'true'}, {'Tipo de piso en estudio madera': 'true'}, {'Tipo de piso en sala madera': 'true'}, {'Vista exterior': 'true'}, {'Cerca a gimnasio': 'true'}, {'Cerca a hospitales': 'true'}, {'Cerca a Jardines y Colegios': 'true'}, {'Cerca a restaurantes': 'true'}, {'Área Terraza/Balcón 25': 'true'}, {'Ascensor': 'true'}, {'Acceso para discapacitados': 'true'}, {'Circuito cerrado de TV': 'true'}, {'Parqueadero cubierto': 'true'}, {'Con Terraza': 'true'}, {'Vista panorámica': 'true'}, {'Conjunto cerrado': 'true'}, {'Número de Ascensores 1': 'true'}, {'Recepción Lobby': 'true'}, {'Terraza/Balcón terraza': 'true'}, {'Tipo de parqueadero propio': 'true'}, {'Vigilancia 0': 'true'}, {'Cerca Centros Comerciales': 'true'}, {'Cerca Colegios / Universidades': 'true'}, {'Cerca Parques': 'true'}, {'Cerca Supermercados': 'true'}, {'Sobre vía secundaria': 'true'}, {'Área Urbana': 'true'}, {'Cerca Centros Comerciales': 'true'}, {'Cerca Colegios / Universidades': 'true'}, {'Cerca Parques': 'true'}, {'Cerca Supermercados': 'true'}, {'Sobre vía secundaria': 'true'}, {'Área Urbana': 'true'}]}",2026-07-28 09:10:57.314489+00:00
https://www.metrocuadrado.com/inmueble/arriendo-apartamento-bogota-chico-norte-et.-ii-4-habitaciones-4-banos-4-garajes/523-M4823987?src_url=%2Finmuebles%2Farriendo%2Fbogota%2F%3Fsearch%3Dform,"{'title': 'Apartamento En Arriendo, CHICO NORTE', 'location': 'CHICO NORTE, Bogotá D.C.', 'price': '$ 23.000.000', 'area': None, 'estrato': None, 'main_specs': '4 hab. | 4 bañ. | 4 par.', 'characteristics': [{'Con chimenea': 'true'}, {'Estudio o biblioteca': 'true'}, {'Zona de lavanderia': 'true'}, {'Tipo instalación de gas natural': 'true'}, {'Número de piso 8': 'true'}, {'Tipo de calentador gas': 'true'}, {'Tipo de Cocina abierta': 'true'}, {'Tipo comedor sala comedor': 'true'}, {'Depósito 2': 'true'}, {'Tipo de estufa gas': 'true'}, {'Tipo de acabado piso laminado': 'true'}, {'Tipo de piso en alcobas laminado': 'true'}, {'Tipo de piso en comedor laminado': 'true'}, {'Tipo de piso en estudio laminado': 'true'}, {'Tipo de piso en sala laminado': 'true'}, {'Vista exterior': 'true'}, {'Gimnasio': 'true'}, {'Salón comunal': 'true'}, {'Zona para niños': 'true'}, {'Zonas verdes': 'true'}, {'Área Terraza/Balcón 80': 'true'}, {'Ascensor': 'true'}, {'Parqueadero cubierto': 'true'}, {'Vista panorámica': 'true'}, {'Conjunto cerrado': 'true'}, {'Número de Ascensores 2': 'true'}, {'Terraza/Balcón terraza': 'true'}, {'Tipo de parqueadero independiente': 'true'}, {'Vigilancia 24hrs': 'true'}, {'Sobre vía secundaria': 'true'}, {'Sobre vía secundaria': 'true'}]}",2026-07-28 09:11:02.090294+00:00
https://www.metrocuadrado.com/inmueble/arriendo-apartamento-bogota-chico-4-habitaciones-5-banos-3-garajes/523-M3035498?src_url=%2Finmuebles%2Farriendo%2Fbogota%2F%3Fsearch%3Dform,"{'title': 'Apartamento En Arriendo, CHICO', 'location': 'CHICO, Bogotá D.C.', 'price': '$ 20.000.000', 'area': None, 'estrato': None, 'main_specs': '4 hab. | 5 bañ. | 3 par.', 'characteristics': [{'Apto para niños': 'true'}, {'Con chimenea': 'true'}, {'Citófonos': 'true'}, {'Zona de lavanderia': 'true'}, {'Tipo instalación de gas natural': 'true'}, {'Número de piso 99': 'true'}, {'Se Permiten Mascotas': 'true'}, {'Tipo de calentador gas': 'true'}, {'Tipo de Cocina abierta': 'true'}, {'Tipo comedor sala comedor': 'true'}, {'Depósito 1': 'true'}, {'Tipo de estufa gas': 'true'}, {'Tipo de acabado piso madera': 'true'}, {'Tipo de piso en alcobas madera': 'true'}, {'Tipo de piso en comedor madera': 'true'}, {'Tipo de piso en estudio madera': 'true'}, {'Tipo de piso en sala madera': 'true'}, {'Vista exterior': 'true'}, {'Gimnasio': 'true'}, {'Salón comunal': 'true'}, {'Ascensor': 'true'}, {'Parqueadero cubierto': 'true'}, {'Piscina': 'true'}, {'Vista panorámica': 'true'}, {'Conjunto cerrado': 'true'}, {'Número de Ascensores 1': 'true'}, {'Tipo de parqueadero propio': 'true'}, {'Vigilancia 24hrs': 'true'}, {'Cerca Centros Comerciales': 'true'}, {'Cerca Colegios / Universidades': 'true'}, {'Cerca Parques': 'true'}, {'Cerca Supermercados': 'true'}, {'Cerca Transporte Público': 'true'}, {'Sobre vía secundaria': 'true'}, {'Cerca Centros Comerciales': 'true'}, {'Cerca Colegios / Universidades': 'true'}, {'Cerca Parques': 'true'}, {'Cerca Supermercados': 'true'}, {'Cerca Transporte Público': 'true'}, {'Sobre vía secundaria': 'true'}]}",2026-07-28 09:11:06.831135+00:00
https://www.metrocuadrado.com/inmueble/arriendo-casa-bogota-iberia-4-habitaciones-3-banos-3-garajes/12496-M6541379?src_url=%2Finmuebles%2Farriendo%2Fbogota%2F%3Fsearch%3Dform,"{'title': 'Casa En Arriendo, BOSQUES DE GRATAMIRA', 'location': 'BOSQUES DE GRATAMIRA, Bogotá D.C.', 'price': '$ 8.000.000', 'area': None, 'estrato': None, 'main_specs': '4 hab. | 3 bañ. | 3 par.', 'characteristics': [{'Apto para niños': 'true'}, {'Casa campestre': 'true'}, {'Con chimenea': 'true'}, {'Comedor auxiliar': 'true'}, {'Tipo de Cortinas persianas': 'true'}, {'Estudio o biblioteca': 'true'}, {'Hall de Alcobas': 'true'}, {'Zona de lavanderia': 'true'}, {'Extractor': 'true'}, {'Horno': 'true'}, {'Tipo instalación de gas natural': 'true'}, {'Luz en la mañana': 'true'}, {'Luz en la tarde': 'true'}, {'Número de líneas teléfonicas 0': 'true'}, {'Tipo de calentador gas': 'true'}, {'Tipo de Casa tradicional': 'true'}, {'Tipo de Cocina abierta': 'true'}, {'Tipo comedor sala comedor': 'true'}, {'Depósito 1': 'true'}, {'Tipo de estufa gas': 'true'}, {'Tipo de acabado piso laminado': 'true'}, {'Tipo de piso en alcobas laminado': 'true'}, {'Tipo de piso en comedor laminado': 'true'}, {'Tipo de piso en estudio laminado': 'true'}, {'Tipo de piso en sala laminado': 'true'}, {'Vista interior': 'true'}, {'Walking-closet': 'true'}, {'Cerca a gimnasio': 'true'}, {'Cerca a hospitales': 'true'}, {'Cerca a Jardines y Colegios': 'true'}, {'Cerca a restaurantes': 'true'}, {'Cerca a tiendas de barrio': 'true'}, {'Gimnasio': 'true'}, {'Salón comunal': 'true'}, {'Zona de BBQ': 'true'}, {'Zona para niños': 'true'}, {'Zonas verdes': 'true'}, {'Acceso con tarjetas o dispositivos': 'true'}, {'&Aacute;rea del lote 199': 'true'}, {'Área Terraza/Balcón 5': 'true'}, {'Bahias de parqueo': 'true'}, {'Acceso para discapacitados': 'true'}, {'Circuito cerrado de TV': 'true'}, {'Vista panorámica': 'true'}, {'Conjunto cerrado': 'true'}, {'Esquinero': 'true'}, {'Número de Ascensores 0': 'true'}, {'Número de niveles 3': 'true'}, {'Terraza/Balcón terraza': 'true'}, {'Tipo de parqueadero propio': 'true'}, {'Vigilancia 24hrs': 'true'}, {'Cerca Centros Comerciales': 'true'}, {'Cerca Colegios / Universidades': 'true'}, {'Cerca Parques': 'true'}, {'Cerca Supermercados': 'true'}, {'Cerca Transporte Público': 'true'}, {'Sobre vía principal': 'true'}, {'Sobre vía secundaria': 'true'}, {'Área Rural': 'true'}, {'Ubicación zona centros negocios': 'true'}, {'Cerca Centros Comerciales': 'true'}, {'Cerca Colegios / Universidades': 'true'}, {'Cerca Parques': 'true'}, {'Cerca Supermercados': 'true'}, {'Cerca Transporte Público': 'true'}, {'Sobre vía principal': 'true'}, {'Sobre vía secundaria': 'true'}, {'Área Rural': 'true'}, {'Ubicación zona centros negocios': 'true'}]}",2026-07-28 09:11:12.258701+00:00
https://www.metrocuadrado.com/inmueble/arriendo-apartamento-bogota-cerros-de-suba-4-habitaciones-4-banos-4-garajes/15704-M6151867?src_url=%2Finmuebles%2Farriendo%2Fbogota%2F%3Fsearch%3Dform,"{'title': 'Apartamento En Arriendo, Cerros De Suba', 'location': 'Cerros De Suba, Bogotá D.C.', 'price': '$ 9.009.500', 'area': None, 'estrato': None, 'main_specs': '4 hab. | 4 bañ. | 4 par.', 'characteristics': [{'Baño Auxiliar': 'true'}, {'Baño de Servicio': 'true'}, {'Con chimenea': 'true'}, {'Cocina integral': 'true'}, {'Cuarto de servicio': 'true'}, {'Estudio o biblioteca': 'true'}, {'Hall de Alcobas': 'true'}, {'Zona de lavanderia': 'true'}, {'Monoambiente': 'true'}, {'Número de piso 2': 'true'}, {'PentHouse': 'true'}, {'Cancha(s) de Basket': 'true'}, {'Cancha(s) de Fútbol': 'true'}, {'Zona para niños': 'true'}, {'Zonas verdes': 'true'}, {'Circuito cerrado de TV': 'true'}, {'Parqueadero visitantes': 'true'}, {'Con Terraza': 'true'}, {'Vigilancia': 'true'}, {'Vista panorámica': 'true'}, {'Conjunto cerrado': 'true'}, {'Terraza/Balcón balcón': 'true'}, {'Terraza Rooftop': 'true'}, {'Cerca Parques': 'true'}, {'Cerca Transporte Público': 'true'}, {'Área Urbana': 'true'}, {'Cerca Parques': 'true'}, {'Cerca Transporte Público': 'true'}, {'Área Urbana': 'true'}]}",2026-07-28 09:11:17.080432+00:00
https://www.metrocuadrado.com/inmueble/arriendo-oficina-bogota-quinta-camacho-2-banos-3-garajes/848-M5190524?src_url=%2Finmuebles%2Farriendo%2Fbogota%2F%3Fsearch%3Dform,"{'title': 'Oficina En Arriendo, QUINTA CAMACHO', 'location': 'QUINTA CAMACHO, Bogotá D.C.', 'price': '$ 16.980.000', 'area': None, 'estrato': None, 'main_specs': '2 bañ. | 3 par.', 'characteristics': [{'Citófonos': 'true'}, {'Equipado / Amoblado': 'true'}, {'Puertas de seguridad': 'true'}, {'Número de piso 16': 'true'}, {'Se Permite Fumar': 'true'}, {'Tipo de oficina edificio': 'true'}, {'Vista exterior': 'true'}, {'Ascensor': 'true'}, {'Acceso para discapacitados': 'true'}, {'Circuito cerrado de TV': 'true'}, {'Parqueadero cubierto': 'true'}, {'Vista panorámica': 'true'}, {'Número de Ascensores 4': 'true'}, {'Vigilancia 24hrs': 'true'}, {'Cerca Centros Comerciales': 'true'}, {'Cerca Colegios / Universidades': 'true'}, {'Cerca Parques': 'true'}, {'Cerca Supermercados': 'true'}, {'Cerca Transporte Público': 'true'}, {'Sobre vía principal': 'true'}, {'Sobre vía secundaria': 'true'}, {'Cerca Centros Comerciales': 'true'}, {'Cerca Colegios / Universidades': 'true'}, {'Cerca Parques': 'true'}, {'Cerca Supermercados': 'true'}, {'Cerca Transporte Público': 'true'}, {'Sobre vía principal': 'true'}, {'Sobre vía secundaria': 'true'}]}",2026-07-28 09:11:21.915141+00:00
https://www.metrocuadrado.com/inmueble/arriendo-oficina-bogota-samper-mendoza-5-banos-4-garajes/848-M4896577?src_url=%2Finmuebles%2Farriendo%2Fbogota%2F%3Fsearch%3Dform,"{'title': 'Oficina En Arriendo, COLSEGUROS', 'location': 'COLSEGUROS, Bogotá D.C.', 'price': '$ 279.210.294', 'area': None, 'estrato': None, 'main_specs': '5 bañ. | 4 par.', 'characteristics': [{'Citófonos': 'true'}, {'Puertas de seguridad': 'true'}, {'Control de ruido': 'true'}, {'Control térmico': 'true'}, {'Detección de humo': 'true'}, {'Escalera de Emergencia': 'true'}, {'Número de piso 7': 'true'}, {'Salón de conferencias': 'true'}, {'Se Permite Fumar': 'true'}, {'Tipo de oficina edificio': 'true'}, {'Tipo de acabado piso alfombra': 'true'}, {'Vista exterior': 'true'}, {'Cerca a gimnasio': 'true'}, {'Cerca a hospitales': 'true'}, {'Cerca a parque industrial': 'true'}, {'Acceso con tarjetas o dispositivos': 'true'}, {'Ascensor': 'true'}, {'Acceso para discapacitados': 'true'}, {'Circuito cerrado de TV': 'true'}, {'Parqueadero cubierto': 'true'}, {'Vista panorámica': 'true'}, {'Número de Ascensores 3': 'true'}, {'Recepción Lobby': 'true'}, {'Salón de juegos': 'true'}, {'Sistema contra incendio': 'true'}, {'Vigilancia 24hrs': 'true'}, {'Cerca Centros Comerciales': 'true'}, {'Cerca Parques': 'true'}, {'Cerca Supermercados': 'true'}, {'Cerca Transporte Público': 'true'}, {'Sobre vía principal': 'true'}, {'Sobre vía secundaria': 'true'}, {'Ubicación zona centros negocios': 'true'}, {'Cerca Centros Comerciales': 'true'}, {'Cerca Parques': 'true'}, {'Cerca Supermercados': 'true'}, {'Cerca Transporte Público': 'true'}, {'Sobre vía principal': 'true'}, {'Sobre vía secundaria': 'true'}, {'Ubicación zona centros negocios': 'true'}]}",2026-07-28 09:11:26.720668+00:00
https://www.metrocuadrado.com/inmueble/arriendo-apartamento-bogota-ciudad-salitre-occidental-2-habitaciones-2-banos-1-garajes/19277-M6717297?src_url=%2Finmuebles%2Farriendo%2Fbogota%2F%3Fsearch%3Dform,"{'title': 'Apartamento En Arriendo, CIUDAD SALITRE OCCIDENTAL', 'location': 'CIUDAD SALITRE OCCIDENTAL, Bogotá D.C.', 'price': '$ 3.142.000', 'area': None, 'estrato': None, 'main_specs': '2 hab. | 2 bañ. | 1 par.', 'characteristics': [{'Apto para niños': 'true'}, {'Citófonos': 'true'}, {'Tipo de Cortinas persianas': 'true'}, {'Estudio o biblioteca': 'true'}, {'Hall de Alcobas': 'true'}, {'Zona de lavanderia': 'true'}, {'En interior y/o bloque': 'true'}, {'Extractor': 'true'}, {'Horno': 'true'}, {'Tipo instalación de gas natural': 'true'}, {'Luz en la mañana': 'true'}, {'Luz en la tarde': 'true'}, {'Número de Closets 2': 'true'}, {'Número de piso 8': 'true'}, {'PentHouse': 'true'}, {'Se Permiten Mascotas': 'true'}, {'Shut de basura': 'true'}, {'Tipo de calentador electrico': 'true'}, {'Tipo de Cocina en l': 'true'}, {'Tipo comedor sala comedor': 'true'}, {'Depósito 0': 'true'}, {'Tipo de estufa gas': 'true'}, {'Tipo de acabado piso laminado': 'true'}, {'Tipo de piso en alcobas laminado': 'true'}, {'Tipo de piso en comedor laminado': 'true'}, {'Tipo de piso en sala laminado': 'true'}, {'Vista exterior': 'true'}, {'Walking closet': 'true'}, {'Cerca a gimnasio': 'true'}, {'Cerca a Jardines y Colegios': 'true'}, {'Cerca a restaurantes': 'true'}, {'Gimnasio': 'true'}, {'Salón comunal': 'true'}, {'Zona de BBQ': 'true'}, {'Zona para niños': 'true'}, {'Zonas verdes': 'true'}, {'Ascensor': 'true'}, {'Bahias de parqueo': 'true'}, {'Acceso para discapacitados': 'true'}, {'Circuito cerrado de TV': 'true'}, {'Parqueadero cubierto': 'true'}, {'Vista panorámica': 'true'}, {'Conjunto cerrado': 'true'}, {'Número de Ascensores 1': 'true'}, {'Recepción Lobby': 'true'}, {'Terraza/Balcón ninguno': 'true'}, {'Tipo de parqueadero propio': 'true'}, {'Vigilancia 24hrs': 'true'}, {'Cerca Centros Comerciales': 'true'}, {'Cerca Colegios / Universidades': 'true'}, {'Cerca Parques': 'true'}, {'Cerca Supermercados': 'true'}, {'Cerca Transporte Público': 'true'}, {'Sobre vía secundaria': 'true'}, {'Cerca Centros Comerciales': 'true'}, {'Cerca Colegios / Universidades': 'true'}, {'Cerca Parques': 'true'}, {'Cerca Supermercados': 'true'}, {'Cerca Transporte Público': 'true'}, {'Sobre vía secundaria': 'true'}]}",2026-07-28 09:11:32.083519+00:00
https://www.metrocuadrado.com/inmueble/arriendo-bodega-bogota-doce-de-octubre/16556-M6857953?src_url=%2Finmuebles%2Farriendo%2Fbogota%2F%3Fsearch%3Dform,"{'title': 'Bodega En Arriendo, DOCE DE OCTUBRE', 'location': 'DOCE DE OCTUBRE, Bogotá D.C.', 'price': '$ 19.000.000', 'area': None, 'estrato': None, 'main_specs': None, 'characteristics': [{'Alarma Contra Incendio': 'true'}, {'Almacen': 'true'}, {'Con oficinas': 'true'}, {'Detección de humo': 'true'}, {'Equipado': 'true'}, {'Número bodega 1': 'true'}, {'Piso de alta resistencia': 'true'}, {'Plataformas para trailers': 'true'}, {'Puerta eléctrica': 'true'}, {'Tipo bodega industrial': 'true'}, {'Tipo de acabado piso cerámica': 'true'}, {'Cerca a gimnasio': 'true'}, {'Cerca a hospitales': 'true'}, {'Cerca a parque industrial': 'true'}, {'Acceso para discapacitados': 'true'}, {'Puerta acceso para tractomulas camiones': 'true'}, {'Cerca Centros Comerciales': 'true'}, {'Cerca Parques': 'true'}, {'Cerca Supermercados': 'true'}, {'Cerca Transporte Público': 'true'}, {'Ubicación zona centros negocios': 'true'}, {'Cerca Centros Comerciales': 'true'}, {'Cerca Parques': 'true'}, {'Cerca Supermercados': 'true'}, {'Cerca Transporte Público': 'true'}, {'Ubicación zona centros negocios': 'true'}]}",2026-07-28 09:11:36.869283+00:00
https://www.metrocuadrado.com/inmueble/arriendo-apartamento-bogota-santa-bibiana-3-habitaciones-4-banos-2-garajes/12673-M6403583?src_url=%2Finmuebles%2Farriendo%2Fbogota%2F%3Fsearch%3Dform,"{'title': 'Apartamento En Arriendo, Chico Navarra', 'location': 'Chico Navarra, Bogotá D.C.', 'price': '$ 8.000.000', 'area': None, 'estrato': None, 'main_specs': '3 hab. | 4 bañ. | 2 par.', 'characteristics': [{'Baño Auxiliar': 'true'}, {'Baño de Servicio': 'true'}, {'Con calefacción': 'true'}, {'Citófonos': 'true'}, {'Cocina integral': 'true'}, {'Comedor auxiliar': 'true'}, {'Estudio o biblioteca': 'true'}, {'Equipado / Amoblado': 'true'}, {'Zona de lavanderia': 'true'}, {'Despensa': 'true'}, {'Extractor': 'true'}, {'Horno': 'true'}, {'Lavaplatos': 'true'}, {'Monoambiente': 'true'}, {'Número de piso 3': 'true'}, {'Depósito 1': 'true'}, {'Ascensor': 'true'}, {'Parqueadero visitantes': 'true'}, {'Vigilancia': 'true'}, {'Recepción Lobby': 'true'}, {'Terraza/Balcón balcón': 'true'}, {'Cerca Colegios / Universidades': 'true'}, {'Cerca Parques': 'true'}, {'Cerca Transporte Público': 'true'}, {'Área Urbana': 'true'}, {'Cerca Colegios / Universidades': 'true'}, {'Cerca Parques': 'true'}, {'Cerca Transporte Público': 'true'}, {'Área Urbana': 'true'}]}",2026-07-28 09:11:41.656039+00:00
https://www.metrocuadrado.com/inmueble/arriendo-casa-bogota-casa-blanca-4-habitaciones-5-banos-4-garajes/12673-M6313021?src_url=%2Finmuebles%2Farriendo%2Fbogota%2F%3Fsearch%3Dform,"{'title': 'Casa En Arriendo, Guaymaral', 'location': 'Guaymaral, Bogotá D.C.', 'price': '$ 14.000.000', 'area': None, 'estrato': None, 'main_specs': '4 hab. | 5 bañ. | 4 par.', 'characteristics': [{'Baño Auxiliar': 'true'}, {'Baño de Servicio': 'true'}, {'Con chimenea': 'true'}, {'Cuarto de servicio': 'true'}, {'Estudio o biblioteca': 'true'}, {'Zona de lavanderia': 'true'}, {'Extractor': 'true'}, {'Horno': 'true'}, {'Número de Closets 4': 'true'}, {'Tipo de Casa condominio': 'true'}, {'Tipo comedor comedor independiente': 'true'}, {'Depósito 1': 'true'}, {'Tipo de estufa gas': 'true'}, {'Zonas verdes': 'true'}, {'&Aacute;rea del lote 1385': 'true'}, {'Circuito cerrado de TV': 'true'}, {'Jardín': 'true'}, {'Parqueadero visitantes': 'true'}, {'Conjunto cerrado': 'true'}, {'Número de niveles 2': 'true'}, {'Tipo de parqueadero propio': 'true'}, {'Cerca Parques': 'true'}, {'Área Rural': 'true'}, {'Cerca Parques': 'true'}, {'Área Rural': 'true'}]}",2026-07-28 09:11:46.431950+00:00
https://www.metrocuadrado.com/inmueble/arriendo-casa-bogota-santa-margarita-5-habitaciones-5-banos-2-garajes/10093-M6549498?src_url=%2Finmuebles%2Farriendo%2Fbogota%2F%3Fsearch%3Dform,"{'title': 'Casa En Arriendo, Santa Margarita', 'location': 'Santa Margarita, Bogotá D.C.', 'price': '$ 14.500.000', 'area': None, 'estrato': None, 'main_specs': '5 hab. | 5 bañ. | 2 par.', 'characteristics': [{'Baño Auxiliar': 'true'}, {'Baño de Servicio': 'true'}, {'Con chimenea': 'true'}, {'Cocina integral': 'true'}, {'Estudio o biblioteca': 'true'}, {'Tipo de Casa tradicional': 'true'}, {'Depósito 1': 'true'}, {'Tipo de acabado piso cerámica': 'true'}, {'Vista exterior': 'true'}, {'Cerca a hospitales': 'true'}, {'Cerca a restaurantes': 'true'}, {'&Aacute;rea del lote 500': 'true'}, {'Bahias de parqueo': 'true'}, {'Parqueadero visitantes': 'true'}, {'Tanques de Agua': 'true'}, {'Tipo de parqueadero propio': 'true'}, {'Cerca Parques': 'true'}, {'Cerca Transporte Público': 'true'}, {'Cerca Parques': 'true'}, {'Cerca Transporte Público': 'true'}]}",2026-07-28 09:11:51.507846+00:00
https://www.metrocuadrado.com/inmueble/arriendo-casa-bogota-lindaraja-4-habitaciones-5-banos-3-garajes/957-M6427880?src_url=%2Finmuebles%2Farriendo%2Fbogota%2F%3Fsearch%3Dform,"{'title': 'Casa En Arriendo, Lindaraja', 'location': 'Lindaraja, Bogotá D.C.', 'price': '$ 9.450.000', 'area': None, 'estrato': None, 'main_specs': '4 hab. | 5 bañ. | 3 par.', 'characteristics': [{'Baño Auxiliar': 'true'}, {'Baño de Servicio': 'true'}, {'Con chimenea': 'true'}, {'Cocina integral': 'true'}, {'Cuarto de servicio': 'true'}, {'Estudio o biblioteca': 'true'}, {'Zona de lavanderia': 'true'}, {'Tipo instalación de gas natural': 'true'}, {'Luz en la mañana': 'true'}, {'Luz en la tarde': 'true'}, {'Tipo de calentador gas': 'true'}, {'Tipo de Casa condominio': 'true'}, {'Tipo comedor comedor independiente': 'true'}, {'Depósito 1': 'true'}, {'Tipo de estufa gas': 'true'}, {'Tipo de acabado piso madera': 'true'}, {'Vista interior': 'true'}, {'Walking-closet': 'true'}, {'Cerca a Jardines y Colegios': 'true'}, {'Cancha(s) de Basket': 'true'}, {'Cancha(s) de squash': 'true'}, {'Cancha(s) de Tennis': 'true'}, {'Gimnasio': 'true'}, {'Zona de BBQ': 'true'}, {'Zonas verdes': 'true'}, {'&Aacute;rea del lote 314': 'true'}, {'Área Terraza/Balcón 20': 'true'}, {'Bahias de parqueo': 'true'}, {'Parqueadero visitantes': 'true'}, {'Vigilancia': 'true'}, {'Vista panorámica': 'true'}, {'Conjunto cerrado': 'true'}, {'Número de niveles 3': 'true'}, {'Terraza/Balcón terraza': 'true'}, {'Cerca Transporte Público': 'true'}, {'Área Urbana': 'true'}, {'Cerca Transporte Público': 'true'}, {'Área Urbana': 'true'}]}",2026-07-28 09:11:56.292348+00:00
https://www.metrocuadrado.com/inmueble/arriendo-oficina-bogota-usaquen-5-banos-4-garajes/15704-M6560079?src_url=%2Finmuebles%2Farriendo%2Fbogota%2F%3Fsearch%3Dform,"{'title': 'Oficina En Arriendo, Usaquen', 'location': 'Usaquen, Bogotá D.C.', 'price': '$ 57.640.000', 'area': None, 'estrato': None, 'main_specs': '5 bañ. | 4 par.', 'characteristics': [{'Baño Auxiliar': 'true'}, {'Aire acondicionado': 'true'}, {'Alarma': 'true'}, {'Citófonos': 'true'}, {'Equipado / Amoblado': 'true'}, {'Equipado': 'true'}, {'Número de piso 39': 'true'}, {'Tipo de acabado piso cerámica': 'true'}, {'Acceso con tarjetas o dispositivos': 'true'}, {'Ascensor': 'true'}, {'Circuito cerrado de TV': 'true'}, {'Parqueadero visitantes': 'true'}, {'Planta eléctrica': 'true'}, {'Vigilancia': 'true'}, {'Vista panorámica': 'true'}, {'Recepción Lobby': 'true'}, {'Cerca Colegios / Universidades': 'true'}, {'Cerca Parques': 'true'}, {'Cerca Transporte Público': 'true'}, {'Sobre vía principal': 'true'}, {'Ubicación zona centros negocios': 'true'}, {'Área Urbana': 'true'}, {'Cerca Colegios / Universidades': 'true'}, {'Cerca Parques': 'true'}, {'Cerca Transporte Público': 'true'}, {'Sobre vía principal': 'true'}, {'Ubicación zona centros negocios': 'true'}, {'Área Urbana': 'true'}]}",2026-07-28 09:12:00.988758+00:00
https://www.metrocuadrado.com/inmueble/arriendo-apartaestudio-bogota-nueva-zelandia-1-habitaciones-1-banos/16630-M6896343?src_url=%2Finmuebles%2Farriendo%2Fbogota%2F%3Fsearch%3Dform,"{'title': 'Apartaestudio En Arriendo, NUEVA ZELANDIA', 'location': 'NUEVA ZELANDIA, Bogotá D.C.', 'price': '$ 1.500.000', 'area': None, 'estrato': None, 'main_specs': '1 hab. | 1 bañ.', 'characteristics': [{'Apto para niños': 'true'}, {'Citófonos': 'true'}, {'Tipo de Cortinas persianas': 'true'}, {'Estudio o biblioteca': 'true'}, {'Equipado / Amoblado': 'true'}, {'Puertas de seguridad': 'true'}, {'Zona de lavanderia': 'true'}, {'Despensa': 'true'}, {'En interior y/o bloque': 'true'}, {'Extractor': 'true'}, {'Tipo instalación de gas natural': 'true'}, {'Lavaplatos': 'true'}, {'Luz en la mañana': 'true'}, {'Luz en la tarde': 'true'}, {'Número de Closets 1': 'true'}, {'Número de piso 4': 'true'}, {'Se Permite Fumar': 'true'}, {'Se Permiten Mascotas': 'true'}, {'Shut de basura': 'true'}, {'Tipo de calentador gas': 'true'}, {'Tipo de Cocina lineal': 'true'}, {'Tipo comedor sala comedor': 'true'}, {'Depósito 0': 'true'}, {'Tipo de estufa gas': 'true'}, {'Tipo de acabado piso laminado': 'true'}, {'Tipo de piso en alcobas laminado': 'true'}, {'Tipo de piso en comedor laminado': 'true'}, {'Tipo de piso en estudio laminado': 'true'}, {'Vista exterior': 'true'}, {'Cerca a gimnasio': 'true'}, {'Cerca a hospitales': 'true'}, {'Cerca a Jardines y Colegios': 'true'}, {'Cerca a restaurantes': 'true'}, {'Cerca a tiendas de barrio': 'true'}, {'Gimnasio': 'true'}, {'Salón comunal': 'true'}, {'Zona de BBQ': 'true'}, {'Zona para niños': 'true'}, {'Zonas verdes': 'true'}, {'Ascensor': 'true'}, {'Acceso para discapacitados': 'true'}, {'Circuito cerrado de TV': 'true'}, {'Conjunto cerrado': 'true'}, {'Número de Ascensores 1': 'true'}, {'Recepción Lobby': 'true'}, {'Senderos ecológicos': 'true'}, {'Terraza/Balcón ninguno': 'true'}, {'Vigilancia 24hrs': 'true'}, {'Cerca Colegios / Universidades': 'true'}, {'Cerca Supermercados': 'true'}, {'Cerca Transporte Público': 'true'}, {'Sobre vía secundaria': 'true'}, {'Cerca Colegios / Universidades': 'true'}, {'Cerca Supermercados': 'true'}, {'Cerca Transporte Público': 'true'}, {'Sobre vía secundaria': 'true'}]}",2026-07-28 09:12:06.769203+00:00
https://www.metrocuadrado.com/inmueble/arriendo-apartamento-bogota-los-rosales-3-habitaciones-5-banos-3-garajes/2162-M6884352?src_url=%2Finmuebles%2Farriendo%2Fbogota%2F%3Fsearch%3Dform,"{'title': 'Apartamento En Arriendo, LOS ROSALES', 'location': 'LOS ROSALES, Bogotá D.C.', 'price': '$ 12.000.000', 'area': None, 'estrato': None, 'main_specs': '3 hab. | 5 bañ. | 3 par.', 'characteristics': [{'Con chimenea': 'true'}, {'Citófonos': 'true'}, {'Comedor auxiliar': 'true'}, {'Cuarto de servicio': 'true'}, {'Estudio o biblioteca': 'true'}, {'Puertas de seguridad': 'true'}, {'Zona de lavanderia': 'true'}, {'Extractor': 'true'}, {'Horno': 'true'}, {'Tipo instalación de gas natural': 'true'}, {'Lavaplatos': 'true'}, {'Luz en la mañana': 'true'}, {'Luz en la tarde': 'true'}, {'Número de piso 7': 'true'}, {'Se Permite Fumar': 'true'}, {'Se Permiten Mascotas': 'true'}, {'Shut de basura': 'true'}, {'Tipo de calentador caldera': 'true'}, {'Tipo de Cocina abierta': 'true'}, {'Tipo comedor comedor independiente': 'true'}, {'Depósito 1': 'true'}, {'Tipo de estufa gas': 'true'}, {'Tipo de acabado piso madera': 'true'}, {'Tipo de piso en alcobas alfombra': 'true'}, {'Tipo de piso en comedor madera': 'true'}, {'Tipo de piso en estudio madera': 'true'}, {'Tipo de piso en sala madera': 'true'}, {'Vista exterior': 'true'}, {'Walking closet': 'true'}, {'Cerca a gimnasio': 'true'}, {'Cerca a hospitales': 'true'}, {'Cerca a Jardines y Colegios': 'true'}, {'Cerca a restaurantes': 'true'}, {'Salón comunal': 'true'}, {'Área Terraza/Balcón 6': 'true'}, {'Ascensor': 'true'}, {'Bahias de parqueo': 'true'}, {'Circuito cerrado de TV': 'true'}, {'Parqueadero cubierto': 'true'}, {'Vista panorámica': 'true'}, {'Número de Ascensores 2': 'true'}, {'Recepción Lobby': 'true'}, {'Terraza/Balcón balcón': 'true'}, {'Tipo de parqueadero independiente': 'true'}, {'Vigilancia 24hrs': 'true'}, {'Cerca Centros Comerciales': 'true'}, {'Cerca Colegios / Universidades': 'true'}, {'Cerca Parques': 'true'}, {'Cerca Supermercados': 'true'}, {'Cerca Transporte Público': 'true'}, {'Sobre vía secundaria': 'true'}, {'Cerca Centros Comerciales': 'true'}, {'Cerca Colegios / Universidades': 'true'}, {'Cerca Parques': 'true'}, {'Cerca Supermercados': 'true'}, {'Cerca Transporte Público': 'true'}, {'Sobre vía secundaria': 'true'}]}",2026-07-28 09:12:12.140335+00:00
https://www.metrocuadrado.com/inmueble/arriendo-casa-bogota-casa-blanca-5-habitaciones-5-banos-4-garajes/4535-M5978651?src_url=%2Finmuebles%2Farriendo%2Fbogota%2F%3Fsearch%3Dform,"{'title': 'Casa En Arriendo, SAN SEBASTIAN', 'location': 'SAN SEBASTIAN, Bogotá D.C.', 'price': '$ 13.000.000', 'area': None, 'estrato': None, 'main_specs': '5 hab. | 5 bañ. | 4 par.', 'characteristics': [{'Apto para niños': 'true'}, {'Con chimenea': 'true'}, {'Citófonos': 'true'}, {'Comedor auxiliar': 'true'}, {'Cuarto de servicio': 'true'}, {'Estudio o biblioteca': 'true'}, {'Hall de Alcobas': 'true'}, {'Zona de lavanderia': 'true'}, {'Despensa': 'true'}, {'Extractor': 'true'}, {'Horno': 'true'}, {'Tipo instalación de gas natural': 'true'}, {'Lavaplatos': 'true'}, {'Luz en la mañana': 'true'}, {'Luz en la tarde': 'true'}, {'Número de Closets 4': 'true'}, {'Se Permite Fumar': 'true'}, {'Se Permiten Mascotas': 'true'}, {'Tipo de calentador gas': 'true'}, {'Tipo de Casa condominio': 'true'}, {'Tipo de Cocina en u': 'true'}, {'Tipo comedor comedor independiente': 'true'}, {'Depósito 1': 'true'}, {'Tipo de estufa gas': 'true'}, {'Vista exterior': 'true'}, {'Walking-closet': 'true'}, {'Cerca a hospitales': 'true'}, {'Cerca a Jardines y Colegios': 'true'}, {'Cerca a restaurantes': 'true'}, {'Jardín interior': 'true'}, {'Salón comunal': 'true'}, {'Sendero peatonal': 'true'}, {'Zona de BBQ': 'true'}, {'Zona para niños': 'true'}, {'Zonas verdes': 'true'}, {'&Aacute;rea del lote 1477': 'true'}, {'Área Terraza/Balcón 10': 'true'}, {'Bahias de parqueo': 'true'}, {'Acceso para discapacitados': 'true'}, {'Circuito cerrado de TV': 'true'}, {'Parqueadero cubierto': 'true'}, {'Jardín': 'true'}, {'Conjunto cerrado': 'true'}, {'Número de niveles 2': 'true'}, {'Tanques de Agua': 'true'}, {'Terraza/Balcón terraza': 'true'}, {'Tipo de parqueadero propio': 'true'}, {'Vigilancia 24hrs': 'true'}, {'Cerca Centros Comerciales': 'true'}, {'Cerca Colegios / Universidades': 'true'}, {'Cerca Parques': 'true'}, {'Cerca Transporte Público': 'true'}, {'Sobre vía secundaria': 'true'}, {'Cerca Centros Comerciales': 'true'}, {'Cerca Colegios / Universidades': 'true'}, {'Cerca Parques': 'true'}, {'Cerca Transporte Público': 'true'}, {'Sobre vía secundaria': 'true'}]}",2026-07-28 09:12:17.544521+00:00
https://www.metrocuadrado.com/inmueble/arriendo-apartamento-bogota-chico-norte-3-habitaciones-3-banos-2-garajes/800-M5762695?src_url=%2Finmuebles%2Farriendo%2Fbogota%2F%3Fsearch%3Dform,"{'title': 'Apartamento En Arriendo, CHICO NORTE', 'location': 'CHICO NORTE, Bogotá D.C.', 'price': '$ 9.800.000', 'area': None, 'estrato': None, 'main_specs': '3 hab. | 3 bañ. | 2 par.', 'characteristics': [{'Apto para niños': 'true'}, {'Citófonos': 'true'}, {'Estudio o biblioteca': 'true'}, {'Hall de Alcobas': 'true'}, {'Jacuzzi': 'true'}, {'Puertas de seguridad': 'true'}, {'Zona de lavanderia': 'true'}, {'Control de ruido': 'true'}, {'Despensa': 'true'}, {'Extractor': 'true'}, {'Horno': 'true'}, {'Tipo instalación de gas natural': 'true'}, {'Lavaplatos': 'true'}, {'Luz en la mañana': 'true'}, {'Número de Closets 3': 'true'}, {'Número de piso 4': 'true'}, {'Se Permite Fumar': 'true'}, {'Tipo de calentador caldera': 'true'}, {'Tipo de Cocina abierta': 'true'}, {'Tipo comedor sala comedor': 'true'}, {'Depósito 1': 'true'}, {'Tipo de estufa gas': 'true'}, {'Tipo de acabado piso laminado': 'true'}, {'Vista exterior': 'true'}, {'Walking closet': 'true'}, {'Cerca a gimnasio': 'true'}, {'Cerca a Jardines y Colegios': 'true'}, {'Cerca a restaurantes': 'true'}, {'Gimnasio': 'true'}, {'Salón comunal': 'true'}, {'Sauna y/o turco': 'true'}, {'Zona de BBQ': 'true'}, {'Zona para niños': 'true'}, {'Acceso con tarjetas o dispositivos': 'true'}, {'Área Terraza/Balcón 4': 'true'}, {'Ascensor': 'true'}, {'Acceso para discapacitados': 'true'}, {'Circuito cerrado de TV': 'true'}, {'Cuarto de escoltas': 'true'}, {'Parqueadero cubierto': 'true'}, {'Piscina': 'true'}, {'Conjunto cerrado': 'true'}, {'Número de Ascensores 2': 'true'}, {'Recepción Lobby': 'true'}, {'Terraza/Balcón balcón': 'true'}, {'Terraza Rooftop': 'true'}, {'Tipo de parqueadero propio': 'true'}, {'Vigilancia 24hrs': 'true'}, {'Cerca Centros Comerciales': 'true'}, {'Cerca Parques': 'true'}, {'Cerca Supermercados': 'true'}, {'Cerca Transporte Público': 'true'}, {'Sobre vía secundaria': 'true'}, {'Cerca Centros Comerciales': 'true'}, {'Cerca Parques': 'true'}, {'Cerca Supermercados': 'true'}, {'Cerca Transporte Público': 'true'}, {'Sobre vía secundaria': 'true'}]}",2026-07-28 09:12:22.996663+00:00
https://www.metrocuadrado.com/inmueble/arriendo-apartamento-bogota-los-rosales-3-habitaciones-5-banos-3-garajes/2162-M6884105?src_url=%2Finmuebles%2Farriendo%2Fbogota%2F%3Fsearch%3Dform,"{'title': 'Apartamento En Arriendo, LOS ROSALES', 'location': 'LOS ROSALES, Bogotá D.C.', 'price': '$ 12.000.000', 'area': None, 'estrato': None, 'main_specs': '3 hab. | 5 bañ. | 3 par.', 'characteristics': [{'Con chimenea': 'true'}, {'Citófonos': 'true'}, {'Comedor auxiliar': 'true'}, {'Cuarto de servicio': 'true'}, {'Estudio o biblioteca': 'true'}, {'Puertas de seguridad': 'true'}, {'Zona de lavanderia': 'true'}, {'Extractor': 'true'}, {'Horno': 'true'}, {'Tipo instalación de gas natural': 'true'}, {'Lavaplatos': 'true'}, {'Luz en la mañana': 'true'}, {'Luz en la tarde': 'true'}, {'Número de piso 7': 'true'}, {'Se Permite Fumar': 'true'}, {'Se Permiten Mascotas': 'true'}, {'Shut de basura': 'true'}, {'Tipo de calentador caldera': 'true'}, {'Tipo de Cocina abierta': 'true'}, {'Tipo comedor comedor independiente': 'true'}, {'Depósito 1': 'true'}, {'Tipo de estufa gas': 'true'}, {'Tipo de acabado piso madera': 'true'}, {'Tipo de piso en alcobas alfombra': 'true'}, {'Tipo de piso en comedor madera': 'true'}, {'Tipo de piso en estudio madera': 'true'}, {'Tipo de piso en sala madera': 'true'}, {'Vista exterior': 'true'}, {'Walking closet': 'true'}, {'Cerca a gimnasio': 'true'}, {'Cerca a hospitales': 'true'}, {'Cerca a Jardines y Colegios': 'true'}, {'Cerca a restaurantes': 'true'}, {'Área Terraza/Balcón 6': 'true'}, {'Ascensor': 'true'}, {'Bahias de parqueo': 'true'}, {'Circuito cerrado de TV': 'true'}, {'Parqueadero cubierto': 'true'}, {'Vista panorámica': 'true'}, {'Número de Ascensores 2': 'true'}, {'Recepción Lobby': 'true'}, {'Terraza/Balcón balcón': 'true'}, {'Tipo de parqueadero independiente': 'true'}, {'Vigilancia 24hrs': 'true'}, {'Cerca Centros Comerciales': 'true'}, {'Cerca Colegios / Universidades': 'true'}, {'Cerca Parques': 'true'}, {'Cerca Supermercados': 'true'}, {'Cerca Transporte Público': 'true'}, {'Sobre vía secundaria': 'true'}, {'Cerca Centros Comerciales': 'true'}, {'Cerca Colegios / Universidades': 'true'}, {'Cerca Parques': 'true'}, {'Cerca Supermercados': 'true'}, {'Cerca Transporte Público': 'true'}, {'Sobre vía secundaria': 'true'}]}",2026-07-28 09:12:28.405802+00:00
https://www.metrocuadrado.com/inmueble/arriendo-apartamento-bogota-los-rosales-3-habitaciones-5-banos-3-garajes/770-M6189924?src_url=%2Finmuebles%2Farriendo%2Fbogota%2F%3Fsearch%3Dform,"{'title': 'Apartamento En Arriendo, LOS ROSALES', 'location': 'LOS ROSALES, Bogotá D.C.', 'price': '$ 30.000.000', 'area': None, 'estrato': None, 'main_specs': '3 hab. | 5 bañ. | 3 par.', 'characteristics': [{'Apto para niños': 'true'}, {'Con chimenea': 'true'}, {'Citófonos': 'true'}, {'Comedor auxiliar': 'true'}, {'Tipo de Cortinas con velos': 'true'}, {'Cuarto de servicio': 'true'}, {'Estudio o biblioteca': 'true'}, {'Hall de Alcobas': 'true'}, {'Puertas de seguridad': 'true'}, {'Zona de lavanderia': 'true'}, {'En interior y/o bloque': 'true'}, {'Tipo instalación de gas natural': 'true'}, {'Número de Closets 3': 'true'}, {'Número de piso 3': 'true'}, {'Tipo de calentador caldera': 'true'}, {'Tipo de Cocina lineal': 'true'}, {'Tipo comedor comedor independiente': 'true'}, {'Depósito 1': 'true'}, {'Tipo de estufa mixta': 'true'}, {'Tipo de acabado piso madera': 'true'}, {'Tipo de piso en alcobas madera': 'true'}, {'Tipo de piso en comedor madera': 'true'}, {'Tipo de piso en estudio madera': 'true'}, {'Tipo de piso en sala madera': 'true'}, {'Vista exterior': 'true'}, {'Cancha(s) de Basket': 'true'}, {'Cancha(s) de squash': 'true'}, {'Gimnasio': 'true'}, {'Salón comunal': 'true'}, {'Sauna y/o turco': 'true'}, {'Zona de BBQ': 'true'}, {'Zona para niños': 'true'}, {'Zonas verdes': 'true'}, {'Área Terraza/Balcón 27': 'true'}, {'Ascensor': 'true'}, {'Acceso para discapacitados': 'true'}, {'Circuito cerrado de TV': 'true'}, {'Cuarto de escoltas': 'true'}, {'Parqueadero cubierto': 'true'}, {'Piscina': 'true'}, {'Vista panorámica': 'true'}, {'Conjunto cerrado': 'true'}, {'Número de Ascensores 2': 'true'}, {'Terraza/Balcón balcón': 'true'}, {'Tipo de parqueadero propio': 'true'}, {'Vigilancia 24hrs': 'true'}, {'Cerca Centros Comerciales': 'true'}, {'Cerca Colegios / Universidades': 'true'}, {'Cerca Parques': 'true'}, {'Cerca Supermercados': 'true'}, {'Cerca Transporte Público': 'true'}, {'Sobre vía secundaria': 'true'}, {'Cerca Centros Comerciales': 'true'}, {'Cerca Colegios / Universidades': 'true'}, {'Cerca Parques': 'true'}, {'Cerca Supermercados': 'true'}, {'Cerca Transporte Público': 'true'}, {'Sobre vía secundaria': 'true'}]}",2026-07-28 09:12:33.896053+00:00
https://www.metrocuadrado.com/inmueble/arriendo-apartamento-bogota-chico-norte-2-habitaciones-2-banos-2-garajes/19118-M6303727?src_url=%2Finmuebles%2Farriendo%2Fbogota%2F%3Fsearch%3Dform,"{'title': 'Apartamento En Arriendo, CHICO VIRREY', 'location': 'CHICO VIRREY, Bogotá D.C.', 'price': '$ 5.950.000', 'area': None, 'estrato': None, 'main_specs': '2 hab. | 2 bañ. | 2 par.', 'characteristics': [{'Hall de Alcobas': 'true'}, {'Zona de lavanderia': 'true'}, {'Control de ruido': 'true'}, {'Detección de humo': 'true'}, {'En interior y/o bloque': 'true'}, {'Horno': 'true'}, {'Tipo instalación de gas natural': 'true'}, {'Luz en la mañana': 'true'}, {'Luz en la tarde': 'true'}, {'Número de Closets 2': 'true'}, {'Número de piso 9': 'true'}, {'Se Permiten Mascotas': 'true'}, {'Shut de basura': 'true'}, {'Tipo de calentador caldera': 'true'}, {'Tipo de Cocina abierta': 'true'}, {'Depósito 1': 'true'}, {'Tipo de estufa gas': 'true'}, {'Walking closet': 'true'}, {'Cerca a gimnasio': 'true'}, {'Cerca a hospitales': 'true'}, {'Cerca a restaurantes': 'true'}, {'Cerca a tiendas de barrio': 'true'}, {'Salón comunal': 'true'}, {'Zona de BBQ': 'true'}, {'Acceso con tarjetas o dispositivos': 'true'}, {'Área Terraza/Balcón 3': 'true'}, {'Ascensor': 'true'}, {'Bahias de parqueo': 'true'}, {'Circuito cerrado de TV': 'true'}, {'Parqueadero cubierto': 'true'}, {'Conjunto cerrado': 'true'}, {'Número de Ascensores 2': 'true'}, {'Terraza/Balcón balcón': 'true'}, {'Tipo de parqueadero propio': 'true'}, {'Vigilancia 24hrs': 'true'}, {'Cerca Centros Comerciales': 'true'}, {'Cerca Colegios / Universidades': 'true'}, {'Cerca Parques': 'true'}, {'Cerca Supermercados': 'true'}, {'Cerca Transporte Público': 'true'}, {'Sobre vía secundaria': 'true'}, {'Cerca Centros Comerciales': 'true'}, {'Cerca Colegios / Universidades': 'true'}, {'Cerca Parques': 'true'}, {'Cerca Supermercados': 'true'}, {'Cerca Transporte Público': 'true'}, {'Sobre vía secundaria': 'true'}]}",2026-07-28 09:12:39.185703+00:00
https://www.metrocuadrado.com/inmueble/arriendo-casa-bogota-casa-blanca-4-habitaciones-5-banos-4-garajes/533-M6717077?src_url=%2Finmuebles%2Farriendo%2Fbogota%2F%3Fsearch%3Dform,"{'title': 'Casa En Arriendo, HACIENDA SAN SIMON', 'location': 'HACIENDA SAN SIMON, Bogotá D.C.', 'price': '$ 16.000.000', 'area': None, 'estrato': None, 'main_specs': '4 hab. | 5 bañ. | 4 par.', 'characteristics': [{'Altillo': 'true'}, {'Apto para niños': 'true'}, {'Alarma': 'true'}, {'Con chimenea': 'true'}, {'Citófonos': 'true'}, {'Comedor auxiliar': 'true'}, {'Tipo de Cortinas persianas': 'true'}, {'Cuarto de servicio': 'true'}, {'Estudio o biblioteca': 'true'}, {'Hall de Alcobas': 'true'}, {'Puertas de seguridad': 'true'}, {'Zona de lavanderia': 'true'}, {'Despensa': 'true'}, {'Extractor': 'true'}, {'Horno': 'true'}, {'Tipo instalación de gas natural': 'true'}, {'Lavaplatos': 'true'}, {'Luz en la mañana': 'true'}, {'Luz en la tarde': 'true'}, {'Número de Closets 4': 'true'}, {'Número de líneas teléfonicas 0': 'true'}, {'Se Permiten Mascotas': 'true'}, {'Tipo de calentador gas': 'true'}, {'Tipo de Casa condominio': 'true'}, {'Tipo de Cocina en u': 'true'}, {'Tipo comedor comedor independiente': 'true'}, {'Depósito 1': 'true'}, {'Tipo de estufa gas': 'true'}, {'Tipo de acabado piso madera': 'true'}, {'Tipo de piso en alcobas madera': 'true'}, {'Tipo de piso en comedor madera': 'true'}, {'Tipo de piso en estudio madera': 'true'}, {'Tipo de piso en sala madera': 'true'}, {'Vista exterior': 'true'}, {'Walking-closet': 'true'}, {'Cerca a Jardines y Colegios': 'true'}, {'Cerca a restaurantes': 'true'}, {'Jardín interior': 'true'}, {'Salón comunal': 'true'}, {'Sendero peatonal': 'true'}, {'Zona de BBQ': 'true'}, {'Zona para niños': 'true'}, {'Zonas verdes': 'true'}, {'&Aacute;rea del lote 1000': 'true'}, {'Área Terraza/Balcón 160': 'true'}, {'Bahias de parqueo': 'true'}, {'Circuito cerrado de TV': 'true'}, {'Parqueadero cubierto': 'true'}, {'Jardín': 'true'}, {'Vista panorámica': 'true'}, {'Conjunto cerrado': 'true'}, {'Esquinero': 'true'}, {'Número de Ascensores 0': 'true'}, {'Número de niveles 2': 'true'}, {'Tanques de Agua': 'true'}, {'Terraza/Balcón terraza': 'true'}, {'Tipo de parqueadero propio': 'true'}, {'Vigilancia 24hrs': 'true'}, {'Cerca Centros Comerciales': 'true'}, {'Cerca Colegios / Universidades': 'true'}, {'Cerca Parques': 'true'}, {'Cerca Supermercados': 'true'}, {'Cerca Transporte Público': 'true'}, {'Sobre vía secundaria': 'true'}, {'Cerca Centros Comerciales': 'true'}, {'Cerca Colegios / Universidades': 'true'}, {'Cerca Parques': 'true'}, {'Cerca Supermercados': 'true'}, {'Cerca Transporte Público': 'true'}, {'Sobre vía secundaria': 'true'}]}",2026-07-28 09:12:44.512453+00:00
https://www.metrocuadrado.com/inmueble/arriendo-apartamento-bogota-rincon-del-chico-3-habitaciones-3-banos-2-garajes/10046-M2592445?src_url=%2Finmuebles%2Farriendo%2Fbogota%2F%3Fsearch%3Dform,"{'title': 'Apartamento En Arriendo, EL RINCON DEL CHICO', 'location': 'EL RINCON DEL CHICO, Bogotá D.C.', 'price': '$ 6.200.000', 'area': None, 'estrato': None, 'main_specs': '3 hab. | 3 bañ. | 2 par.', 'characteristics': [{'Apto para niños': 'true'}, {'Con chimenea': 'true'}, {'Citófonos': 'true'}, {'Tipo de Cortinas persianas': 'true'}, {'Cuarto de servicio': 'true'}, {'Estudio o biblioteca': 'true'}, {'Hall de Alcobas': 'true'}, {'Zona de lavanderia': 'true'}, {'Tipo instalación de gas natural': 'true'}, {'Número de Closets 4': 'true'}, {'Número de piso 2': 'true'}, {'Se Permiten Mascotas': 'true'}, {'Tipo de calentador gas': 'true'}, {'Tipo de Cocina en l': 'true'}, {'Tipo comedor sala comedor': 'true'}, {'Depósito 0': 'true'}, {'Tipo de estufa gas': 'true'}, {'Tipo de acabado piso laminado': 'true'}, {'Tipo de piso en alcobas laminado': 'true'}, {'Tipo de piso en comedor laminado': 'true'}, {'Tipo de piso en estudio laminado': 'true'}, {'Tipo de piso en sala laminado': 'true'}, {'Vista interior': 'true'}, {'Salón comunal': 'true'}, {'Ascensor': 'true'}, {'Circuito cerrado de TV': 'true'}, {'Parqueadero cubierto': 'true'}, {'Conjunto cerrado': 'true'}, {'Número de Ascensores 1': 'true'}, {'Tipo de parqueadero propio': 'true'}, {'Cerca Centros Comerciales': 'true'}, {'Cerca Colegios / Universidades': 'true'}, {'Cerca Parques': 'true'}, {'Cerca Supermercados': 'true'}, {'Cerca Transporte Público': 'true'}, {'Sobre vía secundaria': 'true'}, {'Cerca Centros Comerciales': 'true'}, {'Cerca Colegios / Universidades': 'true'}, {'Cerca Parques': 'true'}, {'Cerca Supermercados': 'true'}, {'Cerca Transporte Público': 'true'}, {'Sobre vía secundaria': 'true'}]}",2026-07-28 09:12:49.825059+00:00
https://www.metrocuadrado.com/inmueble/arriendo-apartamento-bogota-chico-norte-et-iii-3-habitaciones-4-banos-3-garajes/19118-M6878802?src_url=%2Finmuebles%2Farriendo%2Fbogota%2F%3Fsearch%3Dform,"{'title': 'Apartamento En Arriendo, CHICO NORTE III SECTOR CHICO', 'location': 'CHICO NORTE III SECTOR CHICO, Bogotá D.C.', 'price': '$ 8.800.000', 'area': None, 'estrato': None, 'main_specs': '3 hab. | 4 bañ. | 3 par.', 'characteristics': [{'Con chimenea': 'true'}, {'Comedor auxiliar': 'true'}, {'Estudio o biblioteca': 'true'}, {'Hall de Alcobas': 'true'}, {'Puertas de seguridad': 'true'}, {'Zona de lavanderia': 'true'}, {'Extractor': 'true'}, {'Horno': 'true'}, {'Tipo instalación de gas natural': 'true'}, {'Lavaplatos': 'true'}, {'Luz en la mañana': 'true'}, {'Luz en la tarde': 'true'}, {'Número de Closets 3': 'true'}, {'Número de piso 605': 'true'}, {'Se Permiten Mascotas': 'true'}, {'Tipo de Cocina abierta': 'true'}, {'Tipo comedor comedor independiente': 'true'}, {'Depósito 1': 'true'}, {'Tipo de estufa gas': 'true'}, {'Vista exterior': 'true'}, {'Cerca a gimnasio': 'true'}, {'Cerca a hospitales': 'true'}, {'Cerca a Jardines y Colegios': 'true'}, {'Cerca a restaurantes': 'true'}, {'Gimnasio': 'true'}, {'Área Terraza/Balcón 3': 'true'}, {'Ascensor': 'true'}, {'Parqueadero cubierto': 'true'}, {'Vista panorámica': 'true'}, {'Número de Ascensores 2': 'true'}, {'Recepción Lobby': 'true'}, {'Terraza/Balcón balcón': 'true'}, {'Tipo de parqueadero independiente': 'true'}, {'Cerca Colegios / Universidades': 'true'}, {'Cerca Parques': 'true'}, {'Cerca Supermercados': 'true'}, {'Cerca Transporte Público': 'true'}, {'Sobre vía secundaria': 'true'}, {'Cerca Colegios / Universidades': 'true'}, {'Cerca Parques': 'true'}, {'Cerca Supermercados': 'true'}, {'Cerca Transporte Público': 'true'}, {'Sobre vía secundaria': 'true'}]}",2026-07-28 09:12:55.439959+00:00
https://www.metrocuadrado.com/inmueble/arriendo-apartamento-bogota-niza-suba-4-habitaciones-5-banos-2-garajes/16406-M5967477?src_url=%2Finmuebles%2Farriendo%2Fbogota%2F%3Fsearch%3Dform,"{'title': 'Apartamento En Arriendo, NIZA SUBA', 'location': 'NIZA SUBA, Bogotá D.C.', 'price': '$ 7.000.000', 'area': None, 'estrato': None, 'main_specs': '4 hab. | 5 bañ. | 2 par.', 'characteristics': [{'Con chimenea': 'true'}, {'Citófonos': 'true'}, {'Tipo de Cortinas persianas': 'true'}, {'Cuarto de servicio': 'true'}, {'Estudio o biblioteca': 'true'}, {'Hall de Alcobas': 'true'}, {'Zona de lavanderia': 'true'}, {'Extractor': 'true'}, {'Horno': 'true'}, {'Tipo instalación de gas natural': 'true'}, {'Número de Closets 4': 'true'}, {'Número de piso 5': 'true'}, {'Shut de basura': 'true'}, {'Tipo de calentador gas': 'true'}, {'Tipo de Cocina isla': 'true'}, {'Tipo comedor sala comedor': 'true'}, {'Depósito 1': 'true'}, {'Tipo de estufa gas': 'true'}, {'Tipo de acabado piso madera': 'true'}, {'Tipo de piso en alcobas madera': 'true'}, {'Tipo de piso en comedor madera': 'true'}, {'Tipo de piso en estudio madera': 'true'}, {'Tipo de piso en sala madera': 'true'}, {'Vista exterior': 'true'}, {'Walking closet': 'true'}, {'Cerca a Jardines y Colegios': 'true'}, {'Gimnasio': 'true'}, {'Zona para niños': 'true'}, {'Zonas verdes': 'true'}, {'Ascensor': 'true'}, {'Circuito cerrado de TV': 'true'}, {'Parqueadero cubierto': 'true'}, {'Vista panorámica': 'true'}, {'Conjunto cerrado': 'true'}, {'Número de Ascensores 1': 'true'}, {'Recepción Lobby': 'true'}, {'Terraza/Balcón ninguno': 'true'}, {'Tipo de parqueadero propio': 'true'}, {'Vigilancia 24hrs': 'true'}, {'Cerca Transporte Público': 'true'}, {'Sobre vía secundaria': 'true'}, {'Cerca Transporte Público': 'true'}, {'Sobre vía secundaria': 'true'}]}",2026-07-28 09:13:00.796544+00:00
https://www.metrocuadrado.com/inmueble/arriendo-apartamento-bogota-san-patricio-2-habitaciones-3-banos-2-garajes/726-M3989844?src_url=%2Finmuebles%2Farriendo%2Fbogota%2F%3Fsearch%3Dform,"{'title': 'Apartamento En Arriendo, SAN PATRICIO USAQUEN', 'location': 'SAN PATRICIO USAQUEN, Bogotá D.C.', 'price': '$ 5.000.000', 'area': None, 'estrato': None, 'main_specs': '2 hab. | 3 bañ. | 2 par.', 'characteristics': [{'Apto para niños': 'true'}, {'Con chimenea': 'true'}, {'Citófonos': 'true'}, {'Tipo de Cortinas persianas': 'true'}, {'Estudio o biblioteca': 'true'}, {'Hall de Alcobas': 'true'}, {'Puertas de seguridad': 'true'}, {'Zona de lavanderia': 'true'}, {'Tipo instalación de gas natural': 'true'}, {'Número de Closets 2': 'true'}, {'Número de piso 3': 'true'}, {'Tipo de calentador gas': 'true'}, {'Tipo de Cocina lineal': 'true'}, {'Tipo comedor comedor independiente': 'true'}, {'Depósito 1': 'true'}, {'Tipo de estufa gas': 'true'}, {'Tipo de acabado piso madera': 'true'}, {'Tipo de piso en alcobas madera': 'true'}, {'Tipo de piso en comedor madera': 'true'}, {'Tipo de piso en estudio madera': 'true'}, {'Tipo de piso en sala madera': 'true'}, {'Vista interior': 'true'}, {'Gimnasio': 'true'}, {'Salón comunal': 'true'}, {'Área Terraza/Balcón 2': 'true'}, {'Ascensor': 'true'}, {'Acceso para discapacitados': 'true'}, {'Circuito cerrado de TV': 'true'}, {'Parqueadero cubierto': 'true'}, {'Vista panorámica': 'true'}, {'Número de Ascensores 1': 'true'}, {'Terraza/Balcón balcón': 'true'}, {'Tipo de parqueadero independiente': 'true'}, {'Vigilancia 24hrs': 'true'}, {'Cerca Colegios / Universidades': 'true'}, {'Cerca Parques': 'true'}, {'Cerca Transporte Público': 'true'}, {'Sobre vía secundaria': 'true'}, {'Cerca Colegios / Universidades': 'true'}, {'Cerca Parques': 'true'}, {'Cerca Transporte Público': 'true'}, {'Sobre vía secundaria': 'true'}]}",2026-07-28 09:13:06.166877+00:00
https://www.metrocuadrado.com/inmueble/arriendo-casa-bogota-conejera-4-habitaciones-4-banos-2-garajes/MC6887657?src_url=%2Finmuebles%2Farriendo%2Fbogota%2F%3Fsearch%3Dform,"{'title': 'Casa En Arriendo, CAMINO DE ARRAYANES Altos De Suba Y Cerros De San Jorge', 'location': 'CAMINO DE ARRAYANES Altos De Suba Y Cerros De San Jorge, Bogotá D.C.', 'price': '$ 8.500.000', 'area': None, 'estrato': None, 'main_specs': '4 hab. | 4 bañ. | 2 par.', 'characteristics': [{'Altillo': 'true'}, {'Baño Auxiliar': 'true'}, {'Baño de Servicio': 'true'}, {'Con chimenea': 'true'}, {'Cocina Tipo Americano': 'true'}, {'Cocina integral': 'true'}, {'Cuarto de servicio': 'true'}, {'Depósito o cuarto útil': 'true'}, {'Estudio o biblioteca': 'true'}, {'Piso en madera': 'true'}, {'Zona de lavanderia': 'true'}, {'Despensa': 'true'}, {'Extractor': 'true'}, {'Lavaplatos': 'true'}, {'Luz en la mañana': 'true'}, {'Luz en la tarde': 'true'}, {'Número de piso 3': 'true'}, {'Patio': 'true'}, {'Walking-closet': 'true'}, {'Cerca a gimnasio': 'true'}, {'Cerca a Jardines y Colegios': 'true'}, {'Cancha(s) de Fútbol': 'true'}, {'Cancha(s) de Tennis': 'true'}, {'Salón comunal': 'true'}, {'Zona de BBQ': 'true'}, {'Zona para niños': 'true'}, {'Zonas verdes': 'true'}, {'Acceso con tarjetas o dispositivos': 'true'}, {'Bahias de parqueo': 'true'}, {'Características del Parqueadero cubierto': 'true'}, {'Jardín': 'true'}, {'Parqueadero visitantes': 'true'}, {'Piscina': 'true'}, {'Vigilancia': 'true'}, {'Conjunto cerrado': 'true'}, {'Roof garden': 'true'}, {'Tanques de Agua': 'true'}, {'Tipo de parqueadero propio': 'true'}, {'Vivienda Bifamiliar': 'true'}, {'Cerca Centros Comerciales': 'true'}, {'Cerca Colegios / Universidades': 'true'}, {'Cerca Parques': 'true'}, {'Área Rural': 'true'}, {'Área Urbana': 'true'}, {'Cerca Centros Comerciales': 'true'}, {'Cerca Colegios / Universidades': 'true'}, {'Cerca Parques': 'true'}, {'Área Rural': 'true'}, {'Área Urbana': 'true'}]}",2026-07-28 09:13:11.956941+00:00
https://www.metrocuadrado.com/inmueble/arriendo-apartamento-bogota-la-cabrera-3-habitaciones-4-banos-3-garajes/MC6736749?src_url=%2Finmuebles%2Farriendo%2Fbogota%2F%3Fsearch%3Dform,"{'title': 'Apartamento En Arriendo, LA CABRERA RESERVADO Zona Urbana', 'location': 'LA CABRERA RESERVADO Zona Urbana, Bogotá D.C.', 'price': '$ 16.000.000', 'area': None, 'estrato': None, 'main_specs': '3 hab. | 4 bañ. | 3 par.', 'characteristics': [{'Baño de Servicio': 'true'}, {'Con chimenea': 'true'}, {'Cocina Tipo Americano': 'true'}, {'Cocina integral': 'true'}, {'Cuarto de servicio': 'true'}, {'Depósito o cuarto útil': 'true'}, {'Piso en madera': 'true'}, {'Despensa': 'true'}, {'Extractor': 'true'}, {'Horno': 'true'}, {'Lavaplatos': 'true'}, {'Luz en la tarde': 'true'}, {'Número de piso 4': 'true'}, {'Shut de basura': 'true'}, {'Walking closet': 'true'}, {'Cerca a gimnasio': 'true'}, {'Cerca a hospitales': 'true'}, {'Cerca a Jardines y Colegios': 'true'}, {'Cerca a restaurantes': 'true'}, {'Cerca a tiendas de barrio': 'true'}, {'Salón comunal': 'true'}, {'Sauna y/o turco': 'true'}, {'Zona para niños': 'true'}, {'Zonas verdes': 'true'}, {'Ubicado en edificio': 'true'}, {'Ascensor': 'true'}, {'Bahias de parqueo': 'true'}, {'Características del Parqueadero cubierto': 'true'}, {'Cuarto de escoltas': 'true'}, {'Parqueadero visitantes': 'true'}, {'Piscina': 'true'}, {'Con Terraza': 'true'}, {'Vigilancia': 'true'}, {'Conjunto cerrado': 'true'}, {'Recepción Lobby': 'true'}, {'Tipo de parqueadero propio': 'true'}, {'Cerca Centros Comerciales': 'true'}, {'Cerca Colegios / Universidades': 'true'}, {'Cerca Parques': 'true'}, {'Cerca Supermercados': 'true'}, {'Cerca Transporte Público': 'true'}, {'Ubicación zona centros negocios': 'true'}, {'Área Urbana': 'true'}, {'Cerca Centros Comerciales': 'true'}, {'Cerca Colegios / Universidades': 'true'}, {'Cerca Parques': 'true'}, {'Cerca Supermercados': 'true'}, {'Cerca Transporte Público': 'true'}, {'Ubicación zona centros negocios': 'true'}, {'Área Urbana': 'true'}]}",2026-07-28 09:13:17.929058+00:00
https://www.metrocuadrado.com/inmueble/arriendo-oficina-bogota-san-diego-3-banos/MC5620352?src_url=%2Finmuebles%2Farriendo%2Fbogota%2F%3Fsearch%3Dform,"{'title': 'Oficina En Arriendo, SAN DIEGO', 'location': 'SAN DIEGO, Bogotá D.C.', 'price': '$ 4.700.000', 'area': None, 'estrato': None, 'main_specs': '3 bañ.', 'characteristics': [{'Baño Auxiliar': 'true'}, {'Cocineta': 'true'}, {'Equipado / Amoblado': 'true'}, {'Piso en madera': 'true'}, {'Número de piso 4': 'true'}, {'Cerca a hospitales': 'true'}, {'Ubicado en edificio': 'true'}, {'Ascensor': 'true'}, {'Vigilancia': 'true'}, {'Recepción Lobby': 'true'}, {'Cerca Centros Comerciales': 'true'}, {'Cerca Parques': 'true'}, {'Cerca Supermercados': 'true'}, {'Cerca Transporte Público': 'true'}, {'Ubicación zona centros negocios': 'true'}, {'Cerca Centros Comerciales': 'true'}, {'Cerca Parques': 'true'}, {'Cerca Supermercados': 'true'}, {'Cerca Transporte Público': 'true'}, {'Ubicación zona centros negocios': 'true'}]}",2026-07-28 09:13:23.138342+00:00
https://www.metrocuadrado.com/inmueble/arriendo-apartaestudio-bogota-ub.-santa-cecilia-1-habitaciones-1-banos/MC6777777?src_url=%2Finmuebles%2Farriendo%2Fbogota%2F%3Fsearch%3Dform,"{'title': 'Apartaestudio En Arriendo, NORMANDIA OCCIDENTAL Engativá', 'location': 'NORMANDIA OCCIDENTAL Engativá, Bogotá D.C.', 'price': '$ 1.380.000', 'area': None, 'estrato': None, 'main_specs': '1 hab. | 1 bañ.', 'characteristics': [{'Cocina Tipo Americano': 'true'}, {'Cocina integral': 'true'}, {'Piso en baldosa': 'true'}, {'Despensa': 'true'}, {'Extractor': 'true'}, {'Luz en la mañana': 'true'}, {'Luz en la tarde': 'true'}, {'Número de piso 1': 'true'}, {'Cerca a gimnasio': 'true'}, {'Cerca a hospitales': 'true'}, {'Cerca a Jardines y Colegios': 'true'}, {'Cerca a restaurantes': 'true'}, {'Cerca a tiendas de barrio': 'true'}, {'Zonas verdes': 'true'}, {'Ubicado en edificio': 'true'}, {'Con Terraza': 'true'}, {'Cerca Centros Comerciales': 'true'}, {'Cerca Colegios / Universidades': 'true'}, {'Cerca Parques': 'true'}, {'Cerca Supermercados': 'true'}, {'Cerca Transporte Público': 'true'}, {'Área Urbana': 'true'}, {'Cerca Centros Comerciales': 'true'}, {'Cerca Colegios / Universidades': 'true'}, {'Cerca Parques': 'true'}, {'Cerca Supermercados': 'true'}, {'Cerca Transporte Público': 'true'}, {'Área Urbana': 'true'}]}",2026-07-28 09:13:28.461382+00:00
