url,information,date_time
https://www.metrocuadrado.com/inmueble/arriendo-apartamento-bogota-molinos-norte-2-habitaciones-2-banos-1-garajes/14383-M4830762?src_url=%2Finmuebles%2Farriendo%2Fbogota,"{'title': 'Apartamento En Arriendo, SANTA PAULA', 'location': 'SANTA PAULA, Bogotá D.C.', 'price': '$ 6.600.000', 'area': None, 'estrato': None, 'main_specs': '2 hab. | 2 bañ. | 1 par.', 'characteristics': [{'Apto para niños': 'true'}, {'Con chimenea': 'true'}, {'Citófonos': 'true'}, {'Tipo de Cortinas persianas': 'true'}, {'Estudio o biblioteca': 'true'}, {'Equipado / Amoblado': 'true'}, {'Zona de lavanderia': 'true'}, {'Tipo instalación de gas natural': 'true'}, {'Número de Closets 2': 'true'}, {'Número de piso 3': 'true'}, {'Tipo de calentador gas': 'true'}, {'Tipo de Cocina abierta': 'true'}, {'Tipo comedor sala comedor': 'true'}, {'Depósito 0': 'true'}, {'Tipo de estufa gas': 'true'}, {'Vista exterior': 'true'}, {'Salón comunal': 'true'}, {'Área Terraza/Balcón 2': 'true'}, {'Ascensor': 'true'}, {'Acceso para discapacitados': 'true'}, {'Circuito cerrado de TV': 'true'}, {'Parqueadero cubierto': 'true'}, {'Vista panorámica': 'true'}, {'Número de Ascensores 1': 'true'}, {'Terraza/Balcón balcón': 'true'}, {'Vigilancia 24hrs': 'true'}, {'Cerca Centros Comerciales': 'true'}, {'Cerca Colegios / Universidades': 'true'}, {'Cerca Parques': 'true'}, {'Cerca Supermercados': 'true'}, {'Cerca Transporte Público': 'true'}, {'Sobre vía secundaria': 'true'}, {'Cerca Centros Comerciales': 'true'}, {'Cerca Colegios / Universidades': 'true'}, {'Cerca Parques': 'true'}, {'Cerca Supermercados': 'true'}, {'Cerca Transporte Público': 'true'}, {'Sobre vía secundaria': 'true'}]}",2026-10-08 21:04:04.309604+00:00
https://www.metrocuadrado.com/inmueble/arriendo-apartaestudio-bogota-chapinero-central-1-habitaciones-1-banos-1-garajes/3437-M6990027?src_url=%2Finmuebles%2Farriendo%2Fbogota,"{'title': 'Apartaestudio En Arriendo, CHAPINERO', 'location': 'CHAPINERO, Bogotá D.C.', 'price': '$ 1.900.000', 'area': None, 'estrato': None, 'main_specs': '1 hab. | 1 bañ. | 1 par.', 'characteristics': [{'Tipo de Cortinas persianas': 'true'}, {'Puertas de seguridad': 'true'}, {'Zona de lavanderia': 'true'}, {'Extractor': 'true'}, {'Horno': 'true'}, {'Lavaplatos': 'true'}, {'Luz en la mañana': 'true'}, {'Luz en la tarde': 'true'}, {'Número de Closets 1': 'true'}, {'Número de piso 12': 'true'}, {'Tipo de calentador electrico': 'true'}, {'Tipo de Cocina abierta': 'true'}, {'Tipo comedor sala comedor': 'true'}, {'Tipo de estufa electrica': 'true'}, {'Tipo de acabado piso madera': 'true'}, {'Vista exterior': 'true'}, {'Cerca a gimnasio': 'true'}, {'Cerca a hospitales': 'true'}, {'Cerca a Jardines y Colegios': 'true'}, {'Cerca a restaurantes': 'true'}, {'Cerca a tiendas de barrio': 'true'}, {'Gimnasio': 'true'}, {'Salón comunal': 'true'}, {'Zona de BBQ': 'true'}, {'Área Terraza/Balcón 4': 'true'}, {'Ascensor': 'true'}, {'Bahias de parqueo': 'true'}, {'Acceso para discapacitados': 'true'}, {'Circuito cerrado de TV': 'true'}, {'Parqueadero cubierto': 'true'}, {'Vista panorámica': 'true'}, {'Conjunto cerrado': 'true'}, {'Número de Ascensores 3': 'true'}, {'Recepción Lobby': 'true'}, {'Terraza/Balcón balcón': 'true'}, {'Tipo de parqueadero propio': 'true'}, {'Vigilancia 24hrs': 'true'}, {'Cerca Centros Comerciales': 'true'}, {'Cerca Colegios / Universidades': 'true'}, {'Cerca Parques': 'true'}, {'Cerca Supermercados': 'true'}, {'Cerca Transporte Público': 'true'}, {'Sobre vía secundaria': 'true'}, {'Cerca Centros Comerciales': 'true'}, {'Cerca Colegios / Universidades': 'true'}, {'Cerca Parques': 'true'}, {'Cerca Supermercados': 'true'}, {'Cerca Transporte Público': 'true'}, {'Sobre vía secundaria': 'true'}]}",2026-10-08 21:04:09.640207+00:00
https://www.metrocuadrado.com/inmueble/arriendo-oficina-bogota-santa-ana-occidental-4-banos-4-garajes/11074-M5775912?src_url=%2Finmuebles%2Farriendo%2Fbogota,"{'title': 'Oficina En Arriendo, Santa Ana Occidental', 'location': 'Santa Ana Occidental, Bogotá D.C.', 'price': '$ 30.000.000', 'area': None, 'estrato': None, 'main_specs': '4 bañ. | 4 par.', 'characteristics': [{'Alarma': 'true'}, {'Citófonos': 'true'}, {'Ubicado en edificio': 'true'}, {'Cerca Transporte Público': 'true'}, {'Sobre vía principal': 'true'}, {'Sobre vía secundaria': 'true'}, {'Área Urbana': 'true'}, {'Cerca Transporte Público': 'true'}, {'Sobre vía principal': 'true'}, {'Sobre vía secundaria': 'true'}, {'Área Urbana': 'true'}]}",2026-10-08 21:04:14.607983+00:00
https://www.metrocuadrado.com/inmueble/arriendo-apartamento-bogota-rincon-del-chico-1-habitaciones-2-banos-1-garajes/883-M6961525?src_url=%2Finmuebles%2Farriendo%2Fbogota,"{'title': 'Apartamento En Arriendo, RINCON DEL CHICO', 'location': 'RINCON DEL CHICO, Bogotá D.C.', 'price': '$ 2.200.000', 'area': None, 'estrato': None, 'main_specs': '1 hab. | 2 bañ. | 1 par.', 'characteristics': [{'Con chimenea': 'true'}, {'Citófonos': 'true'}, {'Tipo de Cortinas persianas': 'true'}, {'Zona de lavanderia': 'true'}, {'Horno': 'true'}, {'Tipo instalación de gas natural': 'true'}, {'Número de Closets 1': 'true'}, {'Número de piso 2': 'true'}, {'Tipo de calentador gas': 'true'}, {'Tipo de Cocina lineal': 'true'}, {'Tipo comedor sala comedor': 'true'}, {'Depósito 1': 'true'}, {'Tipo de estufa gas': 'true'}, {'Tipo de acabado piso laminado': 'true'}, {'Tipo de piso en alcobas laminado': 'true'}, {'Tipo de piso en comedor laminado': 'true'}, {'Tipo de piso en sala laminado': 'true'}, {'Vista exterior': 'true'}, {'Cerca a gimnasio': 'true'}, {'Cerca a hospitales': 'true'}, {'Cerca a Jardines y Colegios': 'true'}, {'Cerca a restaurantes': 'true'}, {'Cerca a tiendas de barrio': 'true'}, {'Ascensor': 'true'}, {'Circuito cerrado de TV': 'true'}, {'Parqueadero cubierto': 'true'}, {'Número de Ascensores 1': 'true'}, {'Terraza/Balcón ninguno': 'true'}, {'Tipo de parqueadero propio': 'true'}, {'Vigilancia 24hrs': 'true'}, {'Cerca Centros Comerciales': 'true'}, {'Cerca Colegios / Universidades': 'true'}, {'Cerca Parques': 'true'}, {'Cerca Supermercados': 'true'}, {'Cerca Transporte Público': 'true'}, {'Sobre vía secundaria': 'true'}, {'Cerca Centros Comerciales': 'true'}, {'Cerca Colegios / Universidades': 'true'}, {'Cerca Parques': 'true'}, {'Cerca Supermercados': 'true'}, {'Cerca Transporte Público': 'true'}, {'Sobre vía secundaria': 'true'}]}",2026-10-08 21:04:19.921483+00:00
https://www.metrocuadrado.com/inmueble/arriendo-apartamento-bogota-emaus-2-habitaciones-3-banos-2-garajes/20115-M7022568?src_url=%2Finmuebles%2Farriendo%2Fbogota,"{'title': 'Apartamento En Arriendo, LOS ROSALES', 'location': 'LOS ROSALES, Bogotá D.C.', 'price': '$ 10.500.000', 'area': None, 'estrato': None, 'main_specs': '2 hab. | 3 bañ. | 2 par.', 'characteristics': [{'Citófonos': 'true'}, {'Tipo de Cortinas pesadas': 'true'}, {'Estudio o biblioteca': 'true'}, {'Equipado / Amoblado': 'true'}, {'Puertas de seguridad': 'true'}, {'Zona de lavanderia': 'true'}, {'Extractor': 'true'}, {'Horno': 'true'}, {'Tipo instalación de gas natural': 'true'}, {'Lavaplatos': 'true'}, {'Luz en la mañana': 'true'}, {'Luz en la tarde': 'true'}, {'Número de Closets 4': 'true'}, {'Número de piso 7': 'true'}, {'Shut de basura': 'true'}, {'Tipo de calentador gas': 'true'}, {'Tipo de Cocina lineal': 'true'}, {'Tipo comedor sala comedor': 'true'}, {'Depósito 1': 'true'}, {'Tipo de estufa gas': 'true'}, {'Tipo de acabado piso laminado': 'true'}, {'Tipo de piso en alcobas laminado': 'true'}, {'Tipo de piso en comedor laminado': 'true'}, {'Tipo de piso en estudio laminado': 'true'}, {'Tipo de piso en sala laminado': 'true'}, {'Vista exterior': 'true'}, {'Área Terraza/Balcón 8': 'true'}, {'Ascensor': 'true'}, {'Parqueadero cubierto': 'true'}, {'Conjunto cerrado': 'true'}, {'Número de Ascensores 2': 'true'}, {'Terraza/Balcón terraza': 'true'}, {'Tipo de parqueadero propio': 'true'}, {'Vigilancia 24hrs': 'true'}, {'Sobre vía secundaria': 'true'}, {'Sobre vía secundaria': 'true'}]}",2026-10-08 21:04:24.631859+00:00
https://www.metrocuadrado.com/inmueble/arriendo-oficina-bogota-salitre-modelia/532-M6671492?src_url=%2Finmuebles%2Farriendo%2Fbogota,"{'title': 'Oficina En Arriendo, Salitre Modelia', 'location': 'Salitre Modelia, Bogotá D.C.', 'price': '$ 3.068.000', 'area': None, 'estrato': None, 'main_specs': None, 'characteristics': [{'Aire acondicionado': 'true'}, {'Alarma': 'true'}, {'Con calefacción': 'true'}, {'Citófonos': 'true'}, {'Equipado / Amoblado': 'true'}, {'Puertas de seguridad': 'true'}, {'Control de ruido': 'true'}, {'Equipado': 'true'}, {'Escalera de Emergencia': 'true'}, {'Salón de conferencias': 'true'}, {'Tipo de oficina edificio': 'true'}, {'Vista exterior': 'true'}, {'Ascensor': 'true'}, {'Sala de juntas o reuniones': 'true'}, {'Vigilancia 24hrs': 'true'}, {'Cerca Transporte Público': 'true'}, {'Cerca Transporte Público': 'true'}]}",2026-10-08 21:04:29.164061+00:00
https://www.metrocuadrado.com/inmueble/arriendo-oficina-bogota-chico/532-M6671403?src_url=%2Finmuebles%2Farriendo%2Fbogota,"{'title': 'Oficina En Arriendo, Chico', 'location': 'Chico, Bogotá D.C.', 'price': '$ 3.009.000', 'area': None, 'estrato': None, 'main_specs': None, 'characteristics': [{'Aire acondicionado': 'true'}, {'Alarma': 'true'}, {'Con calefacción': 'true'}, {'Citófonos': 'true'}, {'Equipado / Amoblado': 'true'}, {'Puertas de seguridad': 'true'}, {'Control de ruido': 'true'}, {'Equipado': 'true'}, {'Escalera de Emergencia': 'true'}, {'Número de piso 7': 'true'}, {'Salón de conferencias': 'true'}, {'Tipo de oficina edificio': 'true'}, {'Vista exterior': 'true'}, {'Ascensor': 'true'}, {'Sala de juntas o reuniones': 'true'}, {'Vigilancia 24hrs': 'true'}, {'Cerca Transporte Público': 'true'}, {'Cerca Transporte Público': 'true'}]}",2026-10-08 21:04:33.932522+00:00
https://www.metrocuadrado.com/inmueble/arriendo-oficina-bogota-chico/532-M6671408?src_url=%2Finmuebles%2Farriendo%2Fbogota,"{'title': 'Oficina En Arriendo, Chico', 'location': 'Chico, Bogotá D.C.', 'price': '$ 5.328.000', 'area': None, 'estrato': None, 'main_specs': None, 'characteristics': [{'Aire acondicionado': 'true'}, {'Alarma': 'true'}, {'Con calefacción': 'true'}, {'Citófonos': 'true'}, {'Equipado / Amoblado': 'true'}, {'Puertas de seguridad': 'true'}, {'Control de ruido': 'true'}, {'Equipado': 'true'}, {'Escalera de Emergencia': 'true'}, {'Número de piso 7': 'true'}, {'Salón de conferencias': 'true'}, {'Tipo de oficina edificio': 'true'}, {'Vista exterior': 'true'}, {'Ascensor': 'true'}, {'Sala de juntas o reuniones': 'true'}, {'Vigilancia 24hrs': 'true'}, {'Cerca Transporte Público': 'true'}, {'Cerca Transporte Público': 'true'}]}",2026-10-08 21:04:38.561463+00:00
https://www.metrocuadrado.com/inmueble/arriendo-oficina-bogota-chico/532-M6671562?src_url=%2Finmuebles%2Farriendo%2Fbogota,"{'title': 'Oficina En Arriendo, Chico', 'location': 'Chico, Bogotá D.C.', 'price': '$ 2.639.000', 'area': None, 'estrato': None, 'main_specs': None, 'characteristics': [{'Aire acondicionado': 'true'}, {'Alarma': 'true'}, {'Con calefacción': 'true'}, {'Citófonos': 'true'}, {'Equipado / Amoblado': 'true'}, {'Puertas de seguridad': 'true'}, {'Control de ruido': 'true'}, {'Equipado': 'true'}, {'Escalera de Emergencia': 'true'}, {'Salón de conferencias': 'true'}, {'Tipo de oficina edificio': 'true'}, {'Vista exterior': 'true'}, {'Ascensor': 'true'}, {'Sala de juntas o reuniones': 'true'}, {'Vigilancia 24hrs': 'true'}, {'Cerca Transporte Público': 'true'}, {'Cerca Transporte Público': 'true'}]}",2026-10-08 21:04:43.114538+00:00
https://www.metrocuadrado.com/inmueble/arriendo-oficina-bogota-chico/532-M6671559?src_url=%2Finmuebles%2Farriendo%2Fbogota,"{'title': 'Oficina En Arriendo, Chico', 'location': 'Chico, Bogotá D.C.', 'price': '$ 4.588.000', 'area': None, 'estrato': None, 'main_specs': None, 'characteristics': [{'Aire acondicionado': 'true'}, {'Alarma': 'true'}, {'Con calefacción': 'true'}, {'Citófonos': 'true'}, {'Equipado / Amoblado': 'true'}, {'Puertas de seguridad': 'true'}, {'Control de ruido': 'true'}, {'Equipado': 'true'}, {'Escalera de Emergencia': 'true'}, {'Salón de conferencias': 'true'}, {'Tipo de oficina edificio': 'true'}, {'Vista exterior': 'true'}, {'Ascensor': 'true'}, {'Sala de juntas o reuniones': 'true'}, {'Vigilancia 24hrs': 'true'}, {'Cerca Transporte Público': 'true'}, {'Cerca Transporte Público': 'true'}]}",2026-10-08 21:04:47.689926+00:00
https://www.metrocuadrado.com/sistema-alarma-seguridad?cd_origin=result_result-grid_detail-card,"{'title': None, 'location': None, 'price': None, 'area': None, 'estrato': None, 'main_specs': None, 'characteristics': [{'key_0': 'true'}]}",2026-10-08 21:05:52.522671+00:00
https://www.metrocuadrado.com/inmueble/arriendo-apartamento-bogota-los-cedritos-2-habitaciones-3-banos-2-garajes/MC5130851?src_url=%2Finmuebles%2Farriendo%2Fbogota,"{'title': 'Apartamento En Arriendo, CEDRITOS Chicó', 'location': 'CEDRITOS Chicó, Bogotá D.C.', 'price': '$ 4.950.000', 'area': None, 'estrato': None, 'main_specs': '2 hab. | 3 bañ. | 2 par.', 'characteristics': [{'Baño Auxiliar': 'true'}, {'Cocina Tipo Americano': 'true'}, {'Cocina integral': 'true'}, {'Depósito o cuarto útil': 'true'}, {'Zona de lavanderia': 'true'}, {'Número de piso 4': 'true'}, {'Shut de basura': 'true'}, {'Cerca a tiendas de barrio': 'true'}, {'Salón comunal': 'true'}, {'Ascensor': 'true'}, {'Características del Parqueadero cubierto': 'true'}, {'Parqueadero visitantes': 'true'}, {'Con Terraza': 'true'}, {'Tipo de parqueadero propio': 'true'}, {'Cerca Parques': 'true'}, {'Cerca Supermercados': 'true'}, {'Cerca Transporte Público': 'true'}, {'Cerca Parques': 'true'}, {'Cerca Supermercados': 'true'}, {'Cerca Transporte Público': 'true'}]}",2026-10-08 21:05:57.820082+00:00
https://www.metrocuadrado.com/inmueble/arriendo-apartamento-bogota-julio-florez-1-habitaciones-1-banos/MC6834503?src_url=%2Finmuebles%2Farriendo%2Fbogota,"{'title': 'Apartamento En Arriendo, La Floresta Norte', 'location': 'La Floresta Norte, Bogotá D.C.', 'price': '$ 1.750.000', 'area': None, 'estrato': None, 'main_specs': '1 hab. | 1 bañ.', 'characteristics': [{'Zona de lavanderia': 'true'}, {'Número de piso 1': 'true'}, {'Cerca Centros Comerciales': 'true'}, {'Cerca Colegios / Universidades': 'true'}, {'Cerca Parques': 'true'}, {'Cerca Supermercados': 'true'}, {'Cerca Transporte Público': 'true'}, {'Área Urbana': 'true'}]}",2026-10-08 21:06:02.591226+00:00
https://www.metrocuadrado.com/inmueble/arriendo-apartamento-bogota-san-victorino-3-habitaciones-2-banos-1-garajes/MC3815070?src_url=%2Finmuebles%2Farriendo%2Fbogota,"{'title': 'Apartamento En Arriendo, ESTACION DE LA SABANA Centro Y Zona Colonial', 'location': 'ESTACION DE LA SABANA Centro Y Zona Colonial, Bogotá D.C.', 'price': '$ 2.500.000', 'area': None, 'estrato': None, 'main_specs': '3 hab. | 2 bañ. | 1 par.', 'characteristics': [{'Citófonos': 'true'}, {'Cocina integral': 'true'}, {'Depósito o cuarto útil': 'true'}, {'Piso en madera': 'true'}, {'Número de piso 23': 'true'}, {'Cerca a hospitales': 'true'}, {'Cerca a Jardines y Colegios': 'true'}, {'Cerca a restaurantes': 'true'}, {'Cancha(s) de Tennis': 'true'}, {'Salón comunal': 'true'}, {'Zona para niños': 'true'}, {'Zonas verdes': 'true'}, {'Ubicado en edificio': 'true'}, {'Acceso con tarjetas o dispositivos': 'true'}, {'Ascensor': 'true'}, {'Características del Parqueadero cubierto': 'true'}, {'Parqueadero visitantes': 'true'}, {'Piscina': 'true'}, {'Con Terraza': 'true'}, {'Vigilancia': 'true'}, {'Conjunto cerrado': 'true'}, {'Recepción Lobby': 'true'}, {'Tipo de parqueadero propio': 'true'}, {'Cerca Centros Comerciales': 'true'}, {'Cerca Colegios / Universidades': 'true'}, {'Cerca Parques': 'true'}, {'Cerca Supermercados': 'true'}, {'Cerca Transporte Público': 'true'}, {'Ubicación zona centros negocios': 'true'}, {'Cerca Centros Comerciales': 'true'}, {'Cerca Colegios / Universidades': 'true'}, {'Cerca Parques': 'true'}, {'Cerca Supermercados': 'true'}, {'Cerca Transporte Público': 'true'}, {'Ubicación zona centros negocios': 'true'}]}",2026-10-08 21:06:08.058652+00:00
https://www.metrocuadrado.com/inmueble/arriendo-apartaestudio-bogota-la-castellana-1-habitaciones-1-banos/MC6944731?src_url=%2Finmuebles%2Farriendo%2Fbogota,"{'title': 'Apartaestudio En Arriendo, LA CASTELLANA Zona Urbana', 'location': 'LA CASTELLANA Zona Urbana, Bogotá D.C.', 'price': '$ 2.000.000', 'area': None, 'estrato': None, 'main_specs': '1 hab. | 1 bañ.', 'characteristics': [{'Baño de Servicio': 'true'}, {'Citófonos': 'true'}, {'Cocina Tipo Americano': 'true'}, {'Cocina integral': 'true'}, {'Equipado / Amoblado': 'true'}, {'Piso en madera': 'true'}, {'Zona de lavanderia': 'true'}, {'Control de ruido': 'true'}, {'Detección de humo': 'true'}, {'Horno': 'true'}, {'Lavaplatos': 'true'}, {'Luz en la mañana': 'true'}, {'Número de piso 2': 'true'}, {'Cerca a gimnasio': 'true'}, {'Cerca a hospitales': 'true'}, {'Cerca a Jardines y Colegios': 'true'}, {'Cerca a restaurantes': 'true'}, {'Cerca a tiendas de barrio': 'true'}, {'Salón comunal': 'true'}, {'Zona para niños': 'true'}, {'Zonas verdes': 'true'}, {'Ubicado en edificio': 'true'}, {'Acceso con tarjetas o dispositivos': 'true'}, {'Ascensor': 'true'}, {'Bahias de parqueo': 'true'}, {'Parqueadero visitantes': 'true'}, {'Con Terraza': 'true'}, {'Vigilancia': 'true'}, {'Conjunto cerrado': 'true'}, {'Recepción Lobby': 'true'}, {'Roof garden': 'true'}, {'Terraza Rooftop': 'true'}, {'Cerca Centros Comerciales': 'true'}, {'Cerca Colegios / Universidades': 'true'}, {'Cerca Parques': 'true'}, {'Cerca Supermercados': 'true'}, {'Cerca Transporte Público': 'true'}, {'Área Urbana': 'true'}, {'Cerca Centros Comerciales': 'true'}, {'Cerca Colegios / Universidades': 'true'}, {'Cerca Parques': 'true'}, {'Cerca Supermercados': 'true'}, {'Cerca Transporte Público': 'true'}, {'Área Urbana': 'true'}]}",2026-10-08 21:06:13.531345+00:00
https://www.metrocuadrado.com/inmueble/arriendo-apartaestudio-bogota-santa-teresita-1-habitaciones-1-banos/MC5786622?src_url=%2Finmuebles%2Farriendo%2Fbogota,"{'title': 'Apartaestudio En Arriendo, TEUSAQUILLO Centro Y Zona Colonial', 'location': 'TEUSAQUILLO Centro Y Zona Colonial, Bogotá D.C.', 'price': '$ 1.700.000', 'area': None, 'estrato': None, 'main_specs': '1 hab. | 1 bañ.', 'characteristics': [{'Cocina Tipo Americano': 'true'}, {'Cocina integral': 'true'}, {'Estudio o biblioteca': 'true'}, {'Zona de lavanderia': 'true'}, {'Extractor': 'true'}, {'Número de piso 1': 'true'}, {'Cerca a gimnasio': 'true'}, {'Cerca a hospitales': 'true'}, {'Cerca a Jardines y Colegios': 'true'}, {'Cerca a restaurantes': 'true'}, {'Vigilancia': 'true'}, {'Conjunto cerrado': 'true'}, {'Cerca Centros Comerciales': 'true'}, {'Cerca Colegios / Universidades': 'true'}, {'Cerca Parques': 'true'}, {'Cerca Supermercados': 'true'}, {'Cerca Transporte Público': 'true'}, {'Área Urbana': 'true'}, {'Cerca Centros Comerciales': 'true'}, {'Cerca Colegios / Universidades': 'true'}, {'Cerca Parques': 'true'}, {'Cerca Supermercados': 'true'}, {'Cerca Transporte Público': 'true'}, {'Área Urbana': 'true'}]}",2026-10-08 21:06:18.914243+00:00
https://www.metrocuadrado.com/inmueble/arriendo-apartaestudio-bogota-san-felipe-1-habitaciones-1-banos/495-M6085297?src_url=%2Finmuebles%2Farriendo%2Fbogota,"{'title': 'Apartaestudio En Arriendo, San Felipe', 'location': 'San Felipe, Bogotá D.C.', 'price': '$ 1.800.000', 'area': None, 'estrato': None, 'main_specs': '1 hab. | 1 bañ.', 'characteristics': [{'Cocina Tipo Americano': 'true'}, {'Tipo de calentador electrico': 'true'}, {'Tipo de Cocina lineal': 'true'}, {'Cerca Centros Comerciales': 'true'}, {'Cerca Colegios / Universidades': 'true'}, {'Cerca Supermercados': 'true'}, {'Cerca Transporte Público': 'true'}, {'Sobre vía secundaria': 'true'}, {'Cerca Centros Comerciales': 'true'}, {'Cerca Colegios / Universidades': 'true'}, {'Cerca Supermercados': 'true'}, {'Cerca Transporte Público': 'true'}, {'Sobre vía secundaria': 'true'}]}",2026-10-08 21:06:23.658543+00:00
https://www.metrocuadrado.com/inmueble/arriendo-local-comercial-bogota-cedritos/495-M6953682?src_url=%2Finmuebles%2Farriendo%2Fbogota,"{'title': 'Local Comercial En Arriendo, Cedritos', 'location': 'Cedritos, Bogotá D.C.', 'price': '$ 35.000.000', 'area': None, 'estrato': None, 'main_specs': None, 'characteristics': [{'Cerca Centros Comerciales': 'true'}, {'Cerca Supermercados': 'true'}, {'Sobre vía principal': 'true'}, {'Ubicación zona centros negocios': 'true'}, {'Cerca Centros Comerciales': 'true'}, {'Cerca Supermercados': 'true'}, {'Sobre vía principal': 'true'}, {'Ubicación zona centros negocios': 'true'}]}",2026-10-08 21:06:28.314028+00:00
https://www.metrocuadrado.com/inmueble/arriendo-apartaestudio-bogota-el-nogal-1-habitaciones-1-banos/495-M6790224?src_url=%2Finmuebles%2Farriendo%2Fbogota,"{'title': 'Apartaestudio En Arriendo, El Nogal', 'location': 'El Nogal, Bogotá D.C.', 'price': '$ 2.500.000', 'area': None, 'estrato': None, 'main_specs': '1 hab. | 1 bañ.', 'characteristics': [{'Cocina integral': 'true'}, {'Tipo de calentador electrico': 'true'}, {'Tipo de Cocina lineal': 'true'}, {'Salón comunal': 'true'}, {'Ubicado en edificio': 'true'}, {'Cerca Transporte Público': 'true'}, {'Área Urbana': 'true'}, {'Cerca Transporte Público': 'true'}, {'Área Urbana': 'true'}]}",2026-10-08 21:06:33.207708+00:00
https://www.metrocuadrado.com/inmueble/arriendo-apartamento-bogota-la-cabrera-3-habitaciones-5-banos-4-garajes/3229-M7028954?src_url=%2Finmuebles%2Farriendo%2Fbogota,"{'title': 'Apartamento En Arriendo, La Cabrera', 'location': 'La Cabrera, Bogotá D.C.', 'price': '$ 22.000.000', 'area': None, 'estrato': None, 'main_specs': '3 hab. | 5 bañ. | 4 par.', 'characteristics': [{'Baño Auxiliar': 'true'}, {'Alarma': 'true'}, {'Baño de Servicio': 'true'}, {'Con calefacción': 'true'}, {'Con chimenea': 'true'}, {'Citófonos': 'true'}, {'Cocina integral': 'true'}, {'Cuarto de servicio': 'true'}, {'Estudio o biblioteca': 'true'}, {'Hall de Alcobas': 'true'}, {'Jacuzzi': 'true'}, {'Zona de lavanderia': 'true'}, {'Despensa': 'true'}, {'Detección de humo': 'true'}, {'Extractor': 'true'}, {'Luz en la mañana': 'true'}, {'Luz en la tarde': 'true'}, {'Monoambiente': 'true'}, {'Número de piso 4': 'true'}, {'Shut de basura': 'true'}, {'Depósito 1': 'true'}, {'Cerca a Jardines y Colegios': 'true'}, {'Cerca a restaurantes': 'true'}, {'Cerca a tiendas de barrio': 'true'}, {'Cancha(s) de squash': 'true'}, {'Gimnasio': 'true'}, {'Jaula de Golf': 'true'}, {'Salón comunal': 'true'}, {'Sauna y/o turco': 'true'}, {'Zona para niños': 'true'}, {'Zonas verdes': 'true'}, {'Ascensor': 'true'}, {'Parqueadero visitantes': 'true'}, {'Piscina': 'true'}, {'Vigilancia': 'true'}, {'Conjunto cerrado': 'true'}, {'Recepción Lobby': 'true'}, {'Terraza/Balcón balcón': 'true'}, {'Cerca Parques': 'true'}, {'Cerca Transporte Público': 'true'}, {'Área Urbana': 'true'}, {'Cerca Parques': 'true'}, {'Cerca Transporte Público': 'true'}, {'Área Urbana': 'true'}]}",2026-10-08 21:06:38.168349+00:00
https://www.metrocuadrado.com/inmueble/arriendo-oficina-bogota-julio-florez-5-banos-4-garajes/5161-M6767332?src_url=%2Finmuebles%2Farriendo%2Fbogota,"{'title': 'Oficina En Arriendo, LA FLORESTA', 'location': 'LA FLORESTA, Bogotá D.C.', 'price': '$ 332.000.000', 'area': None, 'estrato': None, 'main_specs': '5 bañ. | 4 par.', 'characteristics': [{'Citófonos': 'true'}, {'Control de ruido': 'true'}, {'Control térmico': 'true'}, {'Depósito Bodega': 'true'}, {'Detección de humo': 'true'}, {'Equipado': 'true'}, {'Escalera de Emergencia': 'true'}, {'Número de piso 0': 'true'}, {'Salón de conferencias': 'true'}, {'Se Permite Fumar': 'true'}, {'Tipo de oficina edificio': 'true'}, {'Vista exterior': 'true'}, {'Cerca a gimnasio': 'true'}, {'Cerca a hospitales': 'true'}, {'Cerca a parque industrial': 'true'}, {'Acceso con tarjetas o dispositivos': 'true'}, {'Ascensor': 'true'}, {'Acceso para discapacitados': 'true'}, {'Circuito cerrado de TV': 'true'}, {'Parqueadero cubierto': 'true'}, {'Vista panorámica': 'true'}, {'Generador eléctrico': 'true'}, {'Jardines': 'true'}, {'Número de Ascensores 4': 'true'}, {'Recepción Lobby': 'true'}, {'Salón de juegos': 'true'}, {'Sistema contra incendio': 'true'}, {'Vigilancia 24hrs': 'true'}, {'Cerca Centros Comerciales': 'true'}, {'Cerca Colegios / Universidades': 'true'}, {'Cerca Parques': 'true'}, {'Cerca Supermercados': 'true'}, {'Cerca Transporte Público': 'true'}, {'Sobre vía principal': 'true'}, {'Sobre vía secundaria': 'true'}, {'Ubicación zona centros negocios': 'true'}, {'Cerca Centros Comerciales': 'true'}, {'Cerca Colegios / Universidades': 'true'}, {'Cerca Parques': 'true'}, {'Cerca Supermercados': 'true'}, {'Cerca Transporte Público': 'true'}, {'Sobre vía principal': 'true'}, {'Sobre vía secundaria': 'true'}, {'Ubicación zona centros negocios': 'true'}]}",2026-10-08 21:06:42.950782+00:00
https://www.metrocuadrado.com/inmueble/arriendo-apartamento-bogota-chico-norte-2-habitaciones-2-banos/21282-M6100534?src_url=%2Finmuebles%2Farriendo%2Fbogota,"{'title': 'Apartamento En Arriendo, CHICO NORTE', 'location': 'CHICO NORTE, Bogotá D.C.', 'price': '$ 7.760.861', 'area': None, 'estrato': None, 'main_specs': '2 hab. | 2 bañ.', 'characteristics': [{'Tipo de Cortinas con velos': 'true'}, {'Zona de lavanderia': 'true'}, {'Despensa': 'true'}, {'Detección de humo': 'true'}, {'Extractor': 'true'}, {'Horno': 'true'}, {'Tipo instalación de gas ninguno': 'true'}, {'Lavaplatos': 'true'}, {'Número de Closets 2': 'true'}, {'Número de piso 2': 'true'}, {'Se Permiten Mascotas': 'true'}, {'Tipo de calentador caldera': 'true'}, {'Tipo de Cocina en l': 'true'}, {'Tipo comedor sala comedor': 'true'}, {'Depósito 0': 'true'}, {'Tipo de estufa electrica': 'true'}, {'Vista exterior': 'true'}, {'Walking closet': 'true'}, {'Cerca a hospitales': 'true'}, {'Cerca a restaurantes': 'true'}, {'Cancha(s) de Tennis': 'true'}, {'Gimnasio': 'true'}, {'Salón comunal': 'true'}, {'Zona de BBQ': 'true'}, {'Zonas verdes': 'true'}, {'Acceso con tarjetas o dispositivos': 'true'}, {'Área Terraza/Balcón 3': 'true'}, {'Ascensor': 'true'}, {'Bahias de parqueo': 'true'}, {'Acceso para discapacitados': 'true'}, {'Circuito cerrado de TV': 'true'}, {'Vista panorámica': 'true'}, {'Conjunto cerrado': 'true'}, {'Número de Ascensores 4': 'true'}, {'Recepción Lobby': 'true'}, {'Terraza/Balcón balcón': 'true'}, {'Terraza Rooftop': 'true'}, {'Vigilancia 24hrs': 'true'}, {'Cerca Centros Comerciales': 'true'}, {'Cerca Colegios / Universidades': 'true'}, {'Cerca Parques': 'true'}, {'Cerca Supermercados': 'true'}, {'Cerca Transporte Público': 'true'}, {'Sobre vía principal': 'true'}, {'Cerca Centros Comerciales': 'true'}, {'Cerca Colegios / Universidades': 'true'}, {'Cerca Parques': 'true'}, {'Cerca Supermercados': 'true'}, {'Cerca Transporte Público': 'true'}, {'Sobre vía principal': 'true'}]}",2026-10-08 21:06:48.198552+00:00
https://www.metrocuadrado.com/inmueble/arriendo-apartamento-bogota-chico-norte-1-habitaciones-1-banos/21282-M6099315?src_url=%2Finmuebles%2Farriendo%2Fbogota,"{'title': 'Apartamento En Arriendo, CHICO NORTE', 'location': 'CHICO NORTE, Bogotá D.C.', 'price': '$ 3.915.818', 'area': None, 'estrato': None, 'main_specs': '1 hab. | 1 bañ.', 'characteristics': [{'Tipo de Cortinas con velos': 'true'}, {'Zona de lavanderia': 'true'}, {'Despensa': 'true'}, {'Detección de humo': 'true'}, {'Extractor': 'true'}, {'Horno': 'true'}, {'Tipo instalación de gas ninguno': 'true'}, {'Lavaplatos': 'true'}, {'Monoambiente': 'true'}, {'Número de Closets 1': 'true'}, {'Número de piso 2': 'true'}, {'Se Permiten Mascotas': 'true'}, {'Shut de basura': 'true'}, {'Tipo de calentador caldera': 'true'}, {'Tipo de Cocina abierta': 'true'}, {'Tipo comedor sala comedor': 'true'}, {'Depósito 0': 'true'}, {'Tipo de estufa electrica': 'true'}, {'Tipo de acabado piso laminado': 'true'}, {'Tipo de piso en alcobas laminado': 'true'}, {'Vista exterior': 'true'}, {'Cerca a hospitales': 'true'}, {'Cerca a restaurantes': 'true'}, {'Cancha(s) de Tennis': 'true'}, {'Gimnasio': 'true'}, {'Salón comunal': 'true'}, {'Zona de BBQ': 'true'}, {'Zonas verdes': 'true'}, {'Acceso con tarjetas o dispositivos': 'true'}, {'Área Terraza/Balcón 2': 'true'}, {'Ascensor': 'true'}, {'Bahias de parqueo': 'true'}, {'Acceso para discapacitados': 'true'}, {'Circuito cerrado de TV': 'true'}, {'Vista panorámica': 'true'}, {'Conjunto cerrado': 'true'}, {'Número de Ascensores 4': 'true'}, {'Recepción Lobby': 'true'}, {'Terraza/Balcón balcón': 'true'}, {'Terraza Rooftop': 'true'}, {'Vigilancia 24hrs': 'true'}, {'Cerca Centros Comerciales': 'true'}, {'Cerca Colegios / Universidades': 'true'}, {'Cerca Parques': 'true'}, {'Cerca Supermercados': 'true'}, {'Cerca Transporte Público': 'true'}, {'Sobre vía principal': 'true'}, {'Cerca Centros Comerciales': 'true'}, {'Cerca Colegios / Universidades': 'true'}, {'Cerca Parques': 'true'}, {'Cerca Supermercados': 'true'}, {'Cerca Transporte Público': 'true'}, {'Sobre vía principal': 'true'}]}",2026-10-08 21:06:53.575972+00:00
https://www.metrocuadrado.com/inmueble/arriendo-apartamento-bogota-rincon-del-chico-3-habitaciones-2-banos-2-garajes/21597-M7017614?src_url=%2Finmuebles%2Farriendo%2Fbogota,"{'title': 'Apartamento En Arriendo, RINCON DEL CHICO', 'location': 'RINCON DEL CHICO, Bogotá D.C.', 'price': '$ 6.600.000', 'area': None, 'estrato': None, 'main_specs': '3 hab. | 2 bañ. | 2 par.', 'characteristics': [{'Citófonos': 'true'}, {'Comedor auxiliar': 'true'}, {'Cuarto de servicio': 'true'}, {'Hall de Alcobas': 'true'}, {'Puertas de seguridad': 'true'}, {'Zona de lavanderia': 'true'}, {'Despensa': 'true'}, {'Horno': 'true'}, {'Tipo instalación de gas natural': 'true'}, {'Luz en la mañana': 'true'}, {'Luz en la tarde': 'true'}, {'Número de Closets 3': 'true'}, {'Número de piso 2': 'true'}, {'Shut de basura': 'true'}, {'Tipo de calentador gas': 'true'}, {'Tipo de Cocina paralela': 'true'}, {'Tipo comedor sala comedor': 'true'}, {'Depósito 1': 'true'}, {'Tipo de estufa gas': 'true'}, {'Vista interior': 'true'}, {'Cerca a gimnasio': 'true'}, {'Cerca a hospitales': 'true'}, {'Cerca a Jardines y Colegios': 'true'}, {'Cerca a restaurantes': 'true'}, {'Salón comunal': 'true'}, {'Zona de BBQ': 'true'}, {'Zona para niños': 'true'}, {'Ascensor': 'true'}, {'Acceso para discapacitados': 'true'}, {'Circuito cerrado de TV': 'true'}, {'Parqueadero cubierto': 'true'}, {'Número de Ascensores 1': 'true'}, {'Recepción Lobby': 'true'}, {'Tipo de parqueadero propio': 'true'}, {'Vigilancia 24hrs': 'true'}, {'Cerca Centros Comerciales': 'true'}, {'Cerca Colegios / Universidades': 'true'}, {'Cerca Parques': 'true'}, {'Cerca Supermercados': 'true'}, {'Cerca Transporte Público': 'true'}, {'Sobre vía secundaria': 'true'}, {'Cerca Centros Comerciales': 'true'}, {'Cerca Colegios / Universidades': 'true'}, {'Cerca Parques': 'true'}, {'Cerca Supermercados': 'true'}, {'Cerca Transporte Público': 'true'}, {'Sobre vía secundaria': 'true'}]}",2026-10-08 21:06:58.740316+00:00
https://www.metrocuadrado.com/inmueble/arriendo-apartamento-bogota-chico-3-habitaciones-2-banos-4-garajes/10139-M6666835?src_url=%2Finmuebles%2Farriendo%2Fbogota,"{'title': 'Apartamento En Arriendo, CHICO NORTE', 'location': 'CHICO NORTE, Bogotá D.C.', 'price': '$ 15.000.000', 'area': None, 'estrato': None, 'main_specs': '3 hab. | 2 bañ. | 4 par.', 'characteristics': [{'Apto para niños': 'true'}, {'Con chimenea': 'true'}, {'Citófonos': 'true'}, {'Cuarto de servicio': 'true'}, {'Estudio o biblioteca': 'true'}, {'Hall de Alcobas': 'true'}, {'Zona de lavanderia': 'true'}, {'Tipo instalación de gas natural': 'true'}, {'Luz en la mañana': 'true'}, {'Luz en la tarde': 'true'}, {'Número de Closets 1': 'true'}, {'Número de piso 7': 'true'}, {'Tipo de calentador gas': 'true'}, {'Tipo de Cocina en l': 'true'}, {'Tipo comedor comedor independiente': 'true'}, {'Depósito 1': 'true'}, {'Tipo de estufa gas': 'true'}, {'Tipo de acabado piso madera': 'true'}, {'Tipo de piso en alcobas madera': 'true'}, {'Tipo de piso en comedor madera': 'true'}, {'Tipo de piso en estudio madera': 'true'}, {'Tipo de piso en sala madera': 'true'}, {'Vista exterior': 'true'}, {'Área Terraza/Balcón 40': 'true'}, {'Ascensor': 'true'}, {'Parqueadero cubierto': 'true'}, {'Número de Ascensores 2': 'true'}, {'Terraza/Balcón terraza': 'true'}, {'Tipo de parqueadero servidumbre': 'true'}, {'Vigilancia 24hrs': 'true'}, {'Cerca Centros Comerciales': 'true'}, {'Cerca Parques': 'true'}, {'Cerca Supermercados': 'true'}, {'Cerca Transporte Público': 'true'}, {'Sobre vía secundaria': 'true'}, {'Cerca Centros Comerciales': 'true'}, {'Cerca Parques': 'true'}, {'Cerca Supermercados': 'true'}, {'Cerca Transporte Público': 'true'}, {'Sobre vía secundaria': 'true'}]}",2026-10-08 21:07:03.435349+00:00
https://www.metrocuadrado.com/inmueble/arriendo-oficina-bogota-julio-florez-5-banos-4-garajes/5161-M6765711?src_url=%2Finmuebles%2Farriendo%2Fbogota,"{'title': 'Oficina En Arriendo, LA FLORESTA', 'location': 'LA FLORESTA, Bogotá D.C.', 'price': '$ 497.000.000', 'area': None, 'estrato': None, 'main_specs': '5 bañ. | 4 par.', 'characteristics': [{'Citófonos': 'true'}, {'Control de ruido': 'true'}, {'Control térmico': 'true'}, {'Depósito Bodega': 'true'}, {'Detección de humo': 'true'}, {'Equipado': 'true'}, {'Escalera de Emergencia': 'true'}, {'Número de piso 0': 'true'}, {'Salón de conferencias': 'true'}, {'Se Permite Fumar': 'true'}, {'Tipo de oficina edificio': 'true'}, {'Vista exterior': 'true'}, {'Cerca a gimnasio': 'true'}, {'Cerca a hospitales': 'true'}, {'Cerca a parque industrial': 'true'}, {'Acceso con tarjetas o dispositivos': 'true'}, {'Ascensor': 'true'}, {'Acceso para discapacitados': 'true'}, {'Circuito cerrado de TV': 'true'}, {'Parqueadero cubierto': 'true'}, {'Vista panorámica': 'true'}, {'Generador eléctrico': 'true'}, {'Jardines': 'true'}, {'Número de Ascensores 4': 'true'}, {'Recepción Lobby': 'true'}, {'Salón de juegos': 'true'}, {'Sistema contra incendio': 'true'}, {'Vigilancia 24hrs': 'true'}, {'Cerca Centros Comerciales': 'true'}, {'Cerca Colegios / Universidades': 'true'}, {'Cerca Parques': 'true'}, {'Cerca Supermercados': 'true'}, {'Cerca Transporte Público': 'true'}, {'Sobre vía principal': 'true'}, {'Sobre vía secundaria': 'true'}, {'Ubicación zona centros negocios': 'true'}, {'Cerca Centros Comerciales': 'true'}, {'Cerca Colegios / Universidades': 'true'}, {'Cerca Parques': 'true'}, {'Cerca Supermercados': 'true'}, {'Cerca Transporte Público': 'true'}, {'Sobre vía principal': 'true'}, {'Sobre vía secundaria': 'true'}, {'Ubicación zona centros negocios': 'true'}]}",2026-10-08 21:07:08.270860+00:00
https://www.metrocuadrado.com/inmueble/arriendo-casa-bogota-quinta-camacho-5-habitaciones-5-banos-2-garajes/22147-M6434023?src_url=%2Finmuebles%2Farriendo%2Fbogota,"{'title': 'Casa En Arriendo, QUINTA CAMACHO', 'location': 'QUINTA CAMACHO, Bogotá D.C.', 'price': '$ 15.000.000', 'area': None, 'estrato': None, 'main_specs': '5 hab. | 5 bañ. | 2 par.', 'characteristics': [{'Apto para niños': 'true'}, {'Con chimenea': 'true'}, {'Tipo de Cortinas ninguna': 'true'}, {'Estudio o biblioteca': 'true'}, {'Zona de lavanderia': 'true'}, {'Despensa': 'true'}, {'Tipo instalación de gas natural': 'true'}, {'Lavaplatos': 'true'}, {'Luz en la mañana': 'true'}, {'Número de Closets 0': 'true'}, {'Número de líneas teléfonicas 0': 'true'}, {'Tipo de calentador gas': 'true'}, {'Tipo de Casa tradicional': 'true'}, {'Tipo de Cocina abierta': 'true'}, {'Tipo comedor comedor independiente': 'true'}, {'Depósito 1': 'true'}, {'Tipo de estufa gas': 'true'}, {'Tipo de acabado piso laminado': 'true'}, {'Tipo de piso en alcobas laminado': 'true'}, {'Tipo de piso en comedor laminado': 'true'}, {'Tipo de piso en estudio laminado': 'true'}, {'Tipo de piso en sala laminado': 'true'}, {'Vista exterior': 'true'}, {'Cerca a gimnasio': 'true'}, {'Cerca a hospitales': 'true'}, {'Cerca a Jardines y Colegios': 'true'}, {'Cerca a parque industrial': 'true'}, {'Cerca a restaurantes': 'true'}, {'Cerca a tiendas de barrio': 'true'}, {'Jardín interior': 'true'}, {'Zonas verdes': 'true'}, {'Acceso para discapacitados': 'true'}, {'Parqueadero cubierto': 'true'}, {'Jardín': 'true'}, {'Vista panorámica': 'true'}, {'Número de Ascensores 0': 'true'}, {'Número de niveles 2': 'true'}, {'Terraza/Balcón ninguno': 'true'}, {'Tipo de parqueadero propio': 'true'}, {'Vigilancia 0': 'true'}, {'Cerca Centros Comerciales': 'true'}, {'Cerca Colegios / Universidades': 'true'}, {'Cerca Parques': 'true'}, {'Cerca Supermercados': 'true'}, {'Cerca Transporte Público': 'true'}, {'Sobre vía secundaria': 'true'}, {'Cerca Centros Comerciales': 'true'}, {'Cerca Colegios / Universidades': 'true'}, {'Cerca Parques': 'true'}, {'Cerca Supermercados': 'true'}, {'Cerca Transporte Público': 'true'}, {'Sobre vía secundaria': 'true'}]}",2026-10-08 21:07:13.719613+00:00
https://www.metrocuadrado.com/inmueble/arriendo-apartamento-bogota-chico-norte-3-habitaciones-4-banos-3-garajes/23622-M6940040?src_url=%2Finmuebles%2Farriendo%2Fbogota,"{'title': 'Apartamento En Arriendo, CHICO NORTE', 'location': 'CHICO NORTE, Bogotá D.C.', 'price': '$ 11.500.000', 'area': None, 'estrato': None, 'main_specs': '3 hab. | 4 bañ. | 3 par.', 'characteristics': [{'Apto para niños': 'true'}, {'Con chimenea': 'true'}, {'Citófonos': 'true'}, {'Comedor auxiliar': 'true'}, {'Tipo de Cortinas persianas': 'true'}, {'Cuarto de servicio': 'true'}, {'Estudio o biblioteca': 'true'}, {'Hall de Alcobas': 'true'}, {'Equipado / Amoblado': 'true'}, {'Puertas de seguridad': 'true'}, {'Zona de lavanderia': 'true'}, {'Despensa': 'true'}, {'En interior y/o bloque': 'true'}, {'Extractor': 'true'}, {'Horno': 'true'}, {'Tipo instalación de gas natural': 'true'}, {'Lavaplatos': 'true'}, {'Luz en la mañana': 'true'}, {'Luz en la tarde': 'true'}, {'Monoambiente': 'true'}, {'Número de Closets 3': 'true'}, {'Número de piso 4': 'true'}, {'Se Permite Fumar': 'true'}, {'Se Permiten Mascotas': 'true'}, {'Shut de basura': 'true'}, {'Tipo de calentador gas': 'true'}, {'Tipo de Cocina abierta': 'true'}, {'Tipo comedor comedor independiente': 'true'}, {'Depósito 1': 'true'}, {'Tipo de estufa gas': 'true'}, {'Tipo de acabado piso laminado': 'true'}, {'Tipo de piso en alcobas laminado': 'true'}, {'Tipo de piso en comedor laminado': 'true'}, {'Tipo de piso en estudio laminado': 'true'}, {'Tipo de piso en sala laminado': 'true'}, {'Vista exterior': 'true'}, {'Walking closet': 'true'}, {'Cerca a gimnasio': 'true'}, {'Cerca a hospitales': 'true'}, {'Cerca a Jardines y Colegios': 'true'}, {'Cerca a restaurantes': 'true'}, {'Cerca a tiendas de barrio': 'true'}, {'Gimnasio': 'true'}, {'Salón comunal': 'true'}, {'Zona de BBQ': 'true'}, {'Zona para niños': 'true'}, {'Zonas verdes': 'true'}, {'Área Terraza/Balcón 5': 'true'}, {'Ascensor': 'true'}, {'Bahias de parqueo': 'true'}, {'Acceso para discapacitados': 'true'}, {'Circuito cerrado de TV': 'true'}, {'Parqueadero cubierto': 'true'}, {'Vista panorámica': 'true'}, {'Conjunto cerrado': 'true'}, {'Número de Ascensores 4': 'true'}, {'Parqueadero inteligente': 'true'}, {'Recepción Lobby': 'true'}, {'Terraza/Balcón balcón': 'true'}, {'Tipo de parqueadero propio': 'true'}, {'Vigilancia 24hrs': 'true'}, {'Cerca Centros Comerciales': 'true'}, {'Cerca Colegios / Universidades': 'true'}, {'Cerca Parques': 'true'}, {'Cerca Supermercados': 'true'}, {'Cerca Transporte Público': 'true'}, {'Sobre vía principal': 'true'}, {'Sobre vía secundaria': 'true'}, {'Cerca Centros Comerciales': 'true'}, {'Cerca Colegios / Universidades': 'true'}, {'Cerca Parques': 'true'}, {'Cerca Supermercados': 'true'}, {'Cerca Transporte Público': 'true'}, {'Sobre vía principal': 'true'}, {'Sobre vía secundaria': 'true'}]}",2026-10-08 21:07:18.410620+00:00
https://www.metrocuadrado.com/inmueble/arriendo-oficina-bogota-aeropuerto-el-dorado-4-banos-3-garajes/4137-M7131848?src_url=%2Finmuebles%2Farriendo%2Fbogota,"{'title': 'Oficina En Arriendo, AVENIDA EL DORADO', 'location': 'AVENIDA EL DORADO, Bogotá D.C.', 'price': '$ 16.000.000', 'area': None, 'estrato': None, 'main_specs': '4 bañ. | 3 par.', 'characteristics': [{'Citófonos': 'true'}, {'Equipado / Amoblado': 'true'}, {'Puertas de seguridad': 'true'}, {'Control de ruido': 'true'}, {'Control térmico': 'true'}, {'Depósito Bodega': 'true'}, {'Detección de humo': 'true'}, {'Equipado': 'true'}, {'Escalera de Emergencia': 'true'}, {'Número de piso 2': 'true'}, {'Salón de conferencias': 'true'}, {'Se Permite Fumar': 'true'}, {'Tipo de oficina edificio': 'true'}, {'Tipo de acabado piso laminado': 'true'}, {'Vista exterior': 'true'}, {'Cerca a gimnasio': 'true'}, {'Cerca a hospitales': 'true'}, {'Cerca a parque industrial': 'true'}, {'Acceso con tarjetas o dispositivos': 'true'}, {'Ascensor': 'true'}, {'Acceso para discapacitados': 'true'}, {'Circuito cerrado de TV': 'true'}, {'Parqueadero cubierto': 'true'}, {'Vista panorámica': 'true'}, {'Generador eléctrico': 'true'}, {'Jardines': 'true'}, {'Número de Ascensores 4': 'true'}, {'Recepción Lobby': 'true'}, {'Salón de juegos': 'true'}, {'Sistema contra incendio': 'true'}, {'Vigilancia 24hrs': 'true'}, {'Cerca Centros Comerciales': 'true'}, {'Cerca Colegios / Universidades': 'true'}, {'Cerca Parques': 'true'}, {'Cerca Supermercados': 'true'}, {'Cerca Transporte Público': 'true'}, {'Sobre vía secundaria': 'true'}, {'Cerca Centros Comerciales': 'true'}, {'Cerca Colegios / Universidades': 'true'}, {'Cerca Parques': 'true'}, {'Cerca Supermercados': 'true'}, {'Cerca Transporte Público': 'true'}, {'Sobre vía secundaria': 'true'}]}",2026-10-08 21:07:23.716134+00:00
https://www.metrocuadrado.com/inmueble/arriendo-apartamento-bogota-na-4-habitaciones-5-banos-2-garajes/3664-M6604701?src_url=%2Finmuebles%2Farriendo%2Fbogota,"{'title': 'Apartamento En Arriendo, Rosales', 'location': 'Rosales, Bogotá D.C.', 'price': '$ 21.000.000', 'area': None, 'estrato': None, 'main_specs': '4 hab. | 5 bañ. | 2 par.', 'characteristics': [{'Baño Auxiliar': 'true'}, {'Baño de Servicio': 'true'}, {'Con chimenea': 'true'}, {'Citófonos': 'true'}, {'Cocina integral': 'true'}, {'Comedor auxiliar': 'true'}, {'Cuarto de servicio': 'true'}, {'Estudio o biblioteca': 'true'}, {'Hall de Alcobas': 'true'}, {'Zona de lavanderia': 'true'}, {'Control de ruido': 'true'}, {'Control térmico': 'true'}, {'Despensa': 'true'}, {'Detección de humo': 'true'}, {'Extractor': 'true'}, {'Horno': 'true'}, {'Lavaplatos': 'true'}, {'Luz en la tarde': 'true'}, {'Monoambiente': 'true'}, {'Número de piso 6': 'true'}, {'Shut de basura': 'true'}, {'Depósito 1': 'true'}, {'Walking closet': 'true'}, {'Cerca a Jardines y Colegios': 'true'}, {'Cerca a restaurantes': 'true'}, {'Gimnasio': 'true'}, {'Salón comunal': 'true'}, {'Zona para niños': 'true'}, {'Ascensor': 'true'}, {'Circuito cerrado de TV': 'true'}, {'Parqueadero visitantes': 'true'}, {'Vigilancia': 'true'}, {'Recepción Lobby': 'true'}, {'Terraza/Balcón balcón': 'true'}, {'Cerca Colegios / Universidades': 'true'}, {'Cerca Parques': 'true'}, {'Cerca Transporte Público': 'true'}, {'Área Urbana': 'true'}, {'Cerca Colegios / Universidades': 'true'}, {'Cerca Parques': 'true'}, {'Cerca Transporte Público': 'true'}, {'Área Urbana': 'true'}]}",2026-10-08 21:07:28.527922+00:00
https://www.metrocuadrado.com/inmueble/arriendo-apartamento-bogota-antiguo-country-2-habitaciones-1-banos/23245-M6823028?src_url=%2Finmuebles%2Farriendo%2Fbogota,"{'title': 'Apartamento En Arriendo, ANTIGUO COUNTRY', 'location': 'ANTIGUO COUNTRY, Bogotá D.C.', 'price': '$ 8.000.000', 'area': None, 'estrato': None, 'main_specs': '2 hab. | 1 bañ.', 'characteristics': [{'Apto para niños': 'true'}, {'Citófonos': 'true'}, {'Tipo de Cortinas persianas': 'true'}, {'Cuarto de servicio': 'true'}, {'Estudio o biblioteca': 'true'}, {'Equipado / Amoblado': 'true'}, {'Puertas de seguridad': 'true'}, {'Zona de lavanderia': 'true'}, {'Extractor': 'true'}, {'Horno': 'true'}, {'Tipo instalación de gas natural': 'true'}, {'Luz en la tarde': 'true'}, {'Número de Closets 2': 'true'}, {'Número de piso 2': 'true'}, {'Se Permiten Mascotas': 'true'}, {'Shut de basura': 'true'}, {'Tipo de calentador gas': 'true'}, {'Tipo de Cocina lineal': 'true'}, {'Tipo comedor sala comedor': 'true'}, {'Depósito 0': 'true'}, {'Tipo de estufa electrica': 'true'}, {'Tipo de acabado piso baldosa': 'true'}, {'Tipo de piso en alcobas laminado': 'true'}, {'Tipo de piso en comedor laminado': 'true'}, {'Tipo de piso en estudio laminado': 'true'}, {'Tipo de piso en sala laminado': 'true'}, {'Cerca a gimnasio': 'true'}, {'Cerca a hospitales': 'true'}, {'Cerca a Jardines y Colegios': 'true'}, {'Cerca a restaurantes': 'true'}, {'Cerca a tiendas de barrio': 'true'}, {'Área Terraza/Balcón 3': 'true'}, {'Circuito cerrado de TV': 'true'}, {'Número de Ascensores 0': 'true'}, {'Terraza/Balcón balcón': 'true'}, {'Cerca Centros Comerciales': 'true'}, {'Cerca Parques': 'true'}, {'Cerca Transporte Público': 'true'}, {'Sobre vía secundaria': 'true'}, {'Cerca Centros Comerciales': 'true'}, {'Cerca Parques': 'true'}, {'Cerca Transporte Público': 'true'}, {'Sobre vía secundaria': 'true'}]}",2026-10-08 21:07:34.401944+00:00
https://www.metrocuadrado.com/inmueble/arriendo-apartaestudio-bogota-chico-norte-et-ii-1-habitaciones-1-banos/22377-M6556614?src_url=%2Finmuebles%2Farriendo%2Fbogota,"{'title': 'Apartaestudio En Arriendo, CHICO NORTE', 'location': 'CHICO NORTE, Bogotá D.C.', 'price': '$ 2.950.000', 'area': None, 'estrato': None, 'main_specs': '1 hab. | 1 bañ.', 'characteristics': [{'Alarma': 'true'}, {'Tipo de Cortinas pesadas': 'true'}, {'Jacuzzi': 'true'}, {'Equipado / Amoblado': 'true'}, {'Puertas de seguridad': 'true'}, {'Zona de lavanderia': 'true'}, {'Control de ruido': 'true'}, {'Detección de humo': 'true'}, {'Extractor': 'true'}, {'Horno': 'true'}, {'Tipo instalación de gas ninguno': 'true'}, {'Luz en la mañana': 'true'}, {'Luz en la tarde': 'true'}, {'Monoambiente': 'true'}, {'Número de Closets 3': 'true'}, {'Número de piso 4': 'true'}, {'Puerta eléctrica': 'true'}, {'Shut de basura': 'true'}, {'Tipo de calentador caldera': 'true'}, {'Tipo de Cocina lineal': 'true'}, {'Tipo comedor sala comedor': 'true'}, {'Depósito 1': 'true'}, {'Tipo de estufa electrica': 'true'}, {'Tipo de acabado piso madera': 'true'}, {'Tipo de piso en alcobas madera': 'true'}, {'Tipo de piso en comedor madera': 'true'}, {'Tipo de piso en estudio madera': 'true'}, {'Tipo de piso en sala madera': 'true'}, {'Vista interior': 'true'}, {'Cerca a gimnasio': 'true'}, {'Cerca a hospitales': 'true'}, {'Cerca a restaurantes': 'true'}, {'Cerca a tiendas de barrio': 'true'}, {'Gimnasio': 'true'}, {'Salón comunal': 'true'}, {'Sauna y/o turco': 'true'}, {'Zona de BBQ': 'true'}, {'Acceso con tarjetas o dispositivos': 'true'}, {'Área Terraza/Balcón 2': 'true'}, {'Ascensor': 'true'}, {'Conjunto cerrado': 'true'}, {'Número de Ascensores 3': 'true'}, {'Recepción Lobby': 'true'}, {'Roof garden': 'true'}, {'Terraza/Balcón balcón': 'true'}, {'Terraza Rooftop': 'true'}, {'Vigilancia 24hrs': 'true'}, {'Cerca Centros Comerciales': 'true'}, {'Cerca Parques': 'true'}, {'Cerca Supermercados': 'true'}, {'Cerca Transporte Público': 'true'}, {'Sobre vía secundaria': 'true'}, {'Cerca Centros Comerciales': 'true'}, {'Cerca Parques': 'true'}, {'Cerca Supermercados': 'true'}, {'Cerca Transporte Público': 'true'}, {'Sobre vía secundaria': 'true'}]}",2026-10-08 21:07:39.702329+00:00
https://www.metrocuadrado.com/inmueble/arriendo-apartamento-bogota-la-cabrera-3-habitaciones-5-banos-3-garajes/3664-M6709452?src_url=%2Finmuebles%2Farriendo%2Fbogota,"{'title': 'Apartamento En Arriendo, Cabrera', 'location': 'Cabrera, Bogotá D.C.', 'price': '$ 16.000.000', 'area': None, 'estrato': None, 'main_specs': '3 hab. | 5 bañ. | 3 par.', 'characteristics': [{'Baño Auxiliar': 'true'}, {'Baño de Servicio': 'true'}, {'Con chimenea': 'true'}, {'Citófonos': 'true'}, {'Cocina integral': 'true'}, {'Comedor auxiliar': 'true'}, {'Cuarto de servicio': 'true'}, {'Estudio o biblioteca': 'true'}, {'Hall de Alcobas': 'true'}, {'Jacuzzi': 'true'}, {'Zona de lavanderia': 'true'}, {'Despensa': 'true'}, {'Extractor': 'true'}, {'Horno': 'true'}, {'Lavaplatos': 'true'}, {'Luz en la mañana': 'true'}, {'Monoambiente': 'true'}, {'Número de piso 7': 'true'}, {'Shut de basura': 'true'}, {'Depósito 1': 'true'}, {'Walking closet': 'true'}, {'Cerca a Jardines y Colegios': 'true'}, {'Cerca a restaurantes': 'true'}, {'Gimnasio': 'true'}, {'Salón comunal': 'true'}, {'Zona para niños': 'true'}, {'Ascensor': 'true'}, {'Bahias de parqueo': 'true'}, {'Circuito cerrado de TV': 'true'}, {'Parqueadero visitantes': 'true'}, {'Vigilancia': 'true'}, {'Vista panorámica': 'true'}, {'Recepción Lobby': 'true'}, {'Terraza/Balcón balcón': 'true'}, {'Cerca Colegios / Universidades': 'true'}, {'Cerca Parques': 'true'}, {'Cerca Transporte Público': 'true'}, {'Área Urbana': 'true'}, {'Cerca Colegios / Universidades': 'true'}, {'Cerca Parques': 'true'}, {'Cerca Transporte Público': 'true'}, {'Área Urbana': 'true'}]}",2026-10-08 21:07:44.482627+00:00
https://www.metrocuadrado.com/inmueble/arriendo-apartaestudio-bogota-chico-norte-et-ii-1-habitaciones-1-banos/22377-M6628937?src_url=%2Finmuebles%2Farriendo%2Fbogota,"{'title': 'Apartaestudio En Arriendo, CHICO NORTE', 'location': 'CHICO NORTE, Bogotá D.C.', 'price': '$ 3.000.000', 'area': None, 'estrato': None, 'main_specs': '1 hab. | 1 bañ.', 'characteristics': [{'Alarma': 'true'}, {'Tipo de Cortinas pesadas': 'true'}, {'Jacuzzi': 'true'}, {'Equipado / Amoblado': 'true'}, {'Puertas de seguridad': 'true'}, {'Zona de lavanderia': 'true'}, {'Control de ruido': 'true'}, {'Despensa': 'true'}, {'Detección de humo': 'true'}, {'Extractor': 'true'}, {'Horno': 'true'}, {'Tipo instalación de gas ninguno': 'true'}, {'Lavaplatos': 'true'}, {'Luz en la mañana': 'true'}, {'Luz en la tarde': 'true'}, {'Monoambiente': 'true'}, {'Número de Closets 3': 'true'}, {'Número de piso 4': 'true'}, {'Puerta eléctrica': 'true'}, {'Shut de basura': 'true'}, {'Tipo de calentador caldera': 'true'}, {'Tipo de Cocina lineal': 'true'}, {'Tipo comedor sala comedor': 'true'}, {'Depósito 0': 'true'}, {'Tipo de estufa electrica': 'true'}, {'Tipo de acabado piso madera': 'true'}, {'Tipo de piso en alcobas madera': 'true'}, {'Tipo de piso en comedor madera': 'true'}, {'Tipo de piso en estudio madera': 'true'}, {'Tipo de piso en sala madera': 'true'}, {'Vista interior': 'true'}, {'Cerca a gimnasio': 'true'}, {'Cerca a hospitales': 'true'}, {'Cerca a restaurantes': 'true'}, {'Cerca a tiendas de barrio': 'true'}, {'Gimnasio': 'true'}, {'Salón comunal': 'true'}, {'Sauna y/o turco': 'true'}, {'Zona de BBQ': 'true'}, {'Zonas verdes': 'true'}, {'Acceso con tarjetas o dispositivos': 'true'}, {'Área Terraza/Balcón 2': 'true'}, {'Ascensor': 'true'}, {'Número de Ascensores 3': 'true'}, {'Recepción Lobby': 'true'}, {'Roof garden': 'true'}, {'Senderos ecológicos': 'true'}, {'Terraza/Balcón balcón': 'true'}, {'Terraza Rooftop': 'true'}, {'Vigilancia 24hrs': 'true'}, {'Cerca Centros Comerciales': 'true'}, {'Cerca Parques': 'true'}, {'Cerca Supermercados': 'true'}, {'Cerca Transporte Público': 'true'}, {'Sobre vía secundaria': 'true'}, {'Cerca Centros Comerciales': 'true'}, {'Cerca Parques': 'true'}, {'Cerca Supermercados': 'true'}, {'Cerca Transporte Público': 'true'}, {'Sobre vía secundaria': 'true'}]}",2026-10-08 21:07:49.799149+00:00
https://www.metrocuadrado.com/inmueble/arriendo-apartamento-bogota-asd-3-habitaciones-5-banos-4-garajes/990-M6113877?src_url=%2Finmuebles%2Farriendo%2Fbogota,"{'title': 'Apartamento En Arriendo, BOSQUE MEDINA', 'location': 'BOSQUE MEDINA, Bogotá D.C.', 'price': '$ 15.000.000', 'area': None, 'estrato': None, 'main_specs': '3 hab. | 5 bañ. | 4 par.', 'characteristics': [{'Apto para niños': 'true'}, {'Con chimenea': 'true'}, {'Citófonos': 'true'}, {'Comedor auxiliar': 'true'}, {'Tipo de Cortinas persianas': 'true'}, {'Cuarto de servicio': 'true'}, {'Estudio o biblioteca': 'true'}, {'Hall de Alcobas': 'true'}, {'Equipado / Amoblado': 'true'}, {'Zona de lavanderia': 'true'}, {'Despensa': 'true'}, {'Extractor': 'true'}, {'Horno': 'true'}, {'Tipo instalación de gas natural': 'true'}, {'Lavaplatos': 'true'}, {'Luz en la mañana': 'true'}, {'Luz en la tarde': 'true'}, {'Número de Closets 4': 'true'}, {'Número de piso 7': 'true'}, {'PentHouse': 'true'}, {'Se Permite Fumar': 'true'}, {'Se Permiten Mascotas': 'true'}, {'Shut de basura': 'true'}, {'Tipo de calentador gas': 'true'}, {'Tipo de Cocina abierta': 'true'}, {'Tipo comedor sala comedor': 'true'}, {'Depósito 1': 'true'}, {'Tipo de estufa gas': 'true'}, {'Tipo de acabado piso madera': 'true'}, {'Tipo de piso en alcobas madera': 'true'}, {'Tipo de piso en comedor madera': 'true'}, {'Tipo de piso en estudio madera': 'true'}, {'Tipo de piso en sala madera': 'true'}, {'Vista exterior': 'true'}, {'Cerca a gimnasio': 'true'}, {'Cerca a hospitales': 'true'}, {'Cerca a Jardines y Colegios': 'true'}, {'Cerca a parque industrial': 'true'}, {'Cerca a restaurantes': 'true'}, {'Cerca a tiendas de barrio': 'true'}, {'Gimnasio': 'true'}, {'Salón comunal': 'true'}, {'Zona de BBQ': 'true'}, {'Zona para niños': 'true'}, {'Zonas verdes': 'true'}, {'Área Terraza/Balcón 8': 'true'}, {'Ascensor': 'true'}, {'Bahias de parqueo': 'true'}, {'Acceso para discapacitados': 'true'}, {'Circuito cerrado de TV': 'true'}, {'Parqueadero cubierto': 'true'}, {'Vista panorámica': 'true'}, {'Conjunto cerrado': 'true'}, {'Número de Ascensores 1': 'true'}, {'Recepción Lobby': 'true'}, {'Terraza/Balcón terraza': 'true'}, {'Tipo de parqueadero propio': 'true'}, {'Vigilancia 24hrs': 'true'}, {'Cerca Centros Comerciales': 'true'}, {'Cerca Colegios / Universidades': 'true'}, {'Cerca Parques': 'true'}, {'Cerca Supermercados': 'true'}, {'Cerca Transporte Público': 'true'}, {'Sobre vía secundaria': 'true'}, {'Cerca Centros Comerciales': 'true'}, {'Cerca Colegios / Universidades': 'true'}, {'Cerca Parques': 'true'}, {'Cerca Supermercados': 'true'}, {'Cerca Transporte Público': 'true'}, {'Sobre vía secundaria': 'true'}]}",2026-10-08 21:07:55.119675+00:00
https://www.metrocuadrado.com/inmueble/arriendo-apartamento-bogota-la-carolina-2-habitaciones-2-banos-1-garajes/4698-M7025504?src_url=%2Finmuebles%2Farriendo%2Fbogota,"{'title': 'Apartamento En Arriendo, LA CAROLINA', 'location': 'LA CAROLINA, Bogotá D.C.', 'price': '$ 4.090.000', 'area': None, 'estrato': None, 'main_specs': '2 hab. | 2 bañ. | 1 par.', 'characteristics': [{'Citófonos': 'true'}, {'Tipo de Cortinas persianas': 'true'}, {'Estudio o biblioteca': 'true'}, {'Puertas de seguridad': 'true'}, {'Zona de lavanderia': 'true'}, {'Extractor': 'true'}, {'Horno': 'true'}, {'Tipo instalación de gas ninguno': 'true'}, {'Luz en la mañana': 'true'}, {'Luz en la tarde': 'true'}, {'Número de Closets 2': 'true'}, {'Número de piso 2': 'true'}, {'Tipo de calentador electrico': 'true'}, {'Tipo de Cocina en l': 'true'}, {'Tipo comedor sala comedor': 'true'}, {'Depósito 0': 'true'}, {'Tipo de estufa electrica': 'true'}, {'Tipo de acabado piso laminado': 'true'}, {'Tipo de piso en alcobas laminado': 'true'}, {'Tipo de piso en comedor laminado': 'true'}, {'Tipo de piso en estudio laminado': 'true'}, {'Tipo de piso en sala laminado': 'true'}, {'Vista interior': 'true'}, {'Cerca a Jardines y Colegios': 'true'}, {'Cerca a restaurantes': 'true'}, {'Ascensor': 'true'}, {'Circuito cerrado de TV': 'true'}, {'Parqueadero cubierto': 'true'}, {'Número de Ascensores 1': 'true'}, {'Terraza/Balcón ninguno': 'true'}, {'Tipo de parqueadero propio': 'true'}, {'Vigilancia 24hrs': 'true'}, {'Cerca Centros Comerciales': 'true'}, {'Cerca Colegios / Universidades': 'true'}, {'Cerca Parques': 'true'}, {'Cerca Transporte Público': 'true'}, {'Sobre vía secundaria': 'true'}, {'Cerca Centros Comerciales': 'true'}, {'Cerca Colegios / Universidades': 'true'}, {'Cerca Parques': 'true'}, {'Cerca Transporte Público': 'true'}, {'Sobre vía secundaria': 'true'}]}",2026-10-08 21:08:00.538494+00:00
https://www.metrocuadrado.com/inmueble/arriendo-apartamento-bogota-santa-ana-oriental-3-habitaciones-5-banos-3-garajes/3664-M6900629?src_url=%2Finmuebles%2Farriendo%2Fbogota,"{'title': 'Apartamento En Arriendo, Usaquen', 'location': 'Usaquen, Bogotá D.C.', 'price': '$ 20.000.000', 'area': None, 'estrato': None, 'main_specs': '3 hab. | 5 bañ. | 3 par.', 'characteristics': [{'Altillo': 'true'}, {'Baño Auxiliar': 'true'}, {'Baño de Servicio': 'true'}, {'Con chimenea': 'true'}, {'Citófonos': 'true'}, {'Cocina Tipo Americano': 'true'}, {'Cocina integral': 'true'}, {'Comedor auxiliar': 'true'}, {'Cuarto de servicio': 'true'}, {'Depósito o cuarto útil': 'true'}, {'Estudio o biblioteca': 'true'}, {'Hall de Alcobas': 'true'}, {'Zona de lavanderia': 'true'}, {'Despensa': 'true'}, {'Extractor': 'true'}, {'Horno': 'true'}, {'Lavaplatos': 'true'}, {'Luz en la mañana': 'true'}, {'Luz en la tarde': 'true'}, {'Monoambiente': 'true'}, {'Número de piso 5': 'true'}, {'Shut de basura': 'true'}, {'Depósito 1': 'true'}, {'Cerca a Jardines y Colegios': 'true'}, {'Gimnasio': 'true'}, {'Salón comunal': 'true'}, {'Zonas verdes': 'true'}, {'Ascensor': 'true'}, {'Bahias de parqueo': 'true'}, {'Circuito cerrado de TV': 'true'}, {'Parqueadero visitantes': 'true'}, {'Con Terraza': 'true'}, {'Vigilancia': 'true'}, {'Vista panorámica': 'true'}, {'Conjunto cerrado': 'true'}, {'Recepción Lobby': 'true'}, {'Terraza/Balcón balcón': 'true'}, {'Terraza Rooftop': 'true'}, {'Cerca Transporte Público': 'true'}, {'Área Urbana': 'true'}, {'Cerca Transporte Público': 'true'}, {'Área Urbana': 'true'}]}",2026-10-08 21:08:05.839521+00:00
https://www.metrocuadrado.com/inmueble/arriendo-apartamento-bogota-na-3-habitaciones-5-banos-3-garajes/3664-M6909042?src_url=%2Finmuebles%2Farriendo%2Fbogota,"{'title': 'Apartamento En Arriendo, Cabrera', 'location': 'Cabrera, Bogotá D.C.', 'price': '$ 19.000.000', 'area': None, 'estrato': None, 'main_specs': '3 hab. | 5 bañ. | 3 par.', 'characteristics': [{'Baño Auxiliar': 'true'}, {'Baño de Servicio': 'true'}, {'Con chimenea': 'true'}, {'Citófonos': 'true'}, {'Cocina Tipo Americano': 'true'}, {'Cocina integral': 'true'}, {'Comedor auxiliar': 'true'}, {'Cuarto de servicio': 'true'}, {'Depósito o cuarto útil': 'true'}, {'Estudio o biblioteca': 'true'}, {'Zona de lavanderia': 'true'}, {'Control de ruido': 'true'}, {'Control térmico': 'true'}, {'Despensa': 'true'}, {'Extractor': 'true'}, {'Horno': 'true'}, {'Lavaplatos': 'true'}, {'Luz en la mañana': 'true'}, {'Luz en la tarde': 'true'}, {'Monoambiente': 'true'}, {'Número de piso 5': 'true'}, {'Shut de basura': 'true'}, {'Depósito 1': 'true'}, {'Walking closet': 'true'}, {'Cerca a Jardines y Colegios': 'true'}, {'Cerca a restaurantes': 'true'}, {'Gimnasio': 'true'}, {'Salón comunal': 'true'}, {'Ascensor': 'true'}, {'Bahias de parqueo': 'true'}, {'Circuito cerrado de TV': 'true'}, {'Parqueadero visitantes': 'true'}, {'Con Terraza': 'true'}, {'Vigilancia': 'true'}, {'Recepción Lobby': 'true'}, {'Terraza/Balcón balcón': 'true'}, {'Terraza Rooftop': 'true'}, {'Cerca Colegios / Universidades': 'true'}, {'Cerca Parques': 'true'}, {'Cerca Transporte Público': 'true'}, {'Área Urbana': 'true'}, {'Cerca Colegios / Universidades': 'true'}, {'Cerca Parques': 'true'}, {'Cerca Transporte Público': 'true'}, {'Área Urbana': 'true'}]}",2026-10-08 21:08:10.537877+00:00
https://www.metrocuadrado.com/inmueble/arriendo-oficina-bogota-chico-norte-et-ii-3-banos-2-garajes/4137-M7132261?src_url=%2Finmuebles%2Farriendo%2Fbogota,"{'title': 'Oficina En Arriendo, Chico', 'location': 'Chico, Bogotá D.C.', 'price': '$ 20.014.400', 'area': None, 'estrato': None, 'main_specs': '3 bañ. | 2 par.', 'characteristics': [{'Con calefacción': 'true'}, {'Citófonos': 'true'}, {'Puertas de seguridad': 'true'}, {'Control de ruido': 'true'}, {'Control térmico': 'true'}, {'Depósito Bodega': 'true'}, {'Detección de humo': 'true'}, {'Equipado': 'true'}, {'Escalera de Emergencia': 'true'}, {'Número de piso 1': 'true'}, {'Salón de conferencias': 'true'}, {'Se Permite Fumar': 'true'}, {'Tipo de oficina edificio': 'true'}, {'Vista exterior': 'true'}, {'Cerca a gimnasio': 'true'}, {'Cerca a hospitales': 'true'}, {'Cerca a parque industrial': 'true'}, {'Acceso con tarjetas o dispositivos': 'true'}, {'Ascensor': 'true'}, {'Acceso para discapacitados': 'true'}, {'Circuito cerrado de TV': 'true'}, {'Parqueadero cubierto': 'true'}, {'Vista panorámica': 'true'}, {'Generador eléctrico': 'true'}, {'Jardines': 'true'}, {'Número de Ascensores 2': 'true'}, {'Recepción Lobby': 'true'}, {'Salón de juegos': 'true'}, {'Sistema contra incendio': 'true'}, {'Vigilancia 24hrs': 'true'}, {'Cerca Centros Comerciales': 'true'}, {'Cerca Colegios / Universidades': 'true'}, {'Cerca Parques': 'true'}, {'Cerca Supermercados': 'true'}, {'Cerca Transporte Público': 'true'}, {'Sobre vía principal': 'true'}, {'Sobre vía secundaria': 'true'}, {'Ubicación zona centros negocios': 'true'}, {'Cerca Centros Comerciales': 'true'}, {'Cerca Colegios / Universidades': 'true'}, {'Cerca Parques': 'true'}, {'Cerca Supermercados': 'true'}, {'Cerca Transporte Público': 'true'}, {'Sobre vía principal': 'true'}, {'Sobre vía secundaria': 'true'}, {'Ubicación zona centros negocios': 'true'}]}",2026-10-08 21:08:15.159751+00:00
https://www.metrocuadrado.com/inmueble/arriendo-apartamento-bogota-na-4-habitaciones-5-banos-4-garajes/3664-M6980791?src_url=%2Finmuebles%2Farriendo%2Fbogota,"{'title': 'Apartamento En Arriendo, Cabrera', 'location': 'Cabrera, Bogotá D.C.', 'price': '$ 20.120.000', 'area': None, 'estrato': None, 'main_specs': '4 hab. | 5 bañ. | 4 par.', 'characteristics': [{'Baño Auxiliar': 'true'}, {'Baño de Servicio': 'true'}, {'Con calefacción': 'true'}, {'Con chimenea': 'true'}, {'Citófonos': 'true'}, {'Cocina integral': 'true'}, {'Cuarto de servicio': 'true'}, {'Depósito o cuarto útil': 'true'}, {'Estudio o biblioteca': 'true'}, {'Hall de Alcobas': 'true'}, {'Jacuzzi': 'true'}, {'Zona de lavanderia': 'true'}, {'Control de ruido': 'true'}, {'Control térmico': 'true'}, {'Despensa': 'true'}, {'Extractor': 'true'}, {'Horno': 'true'}, {'Lavaplatos': 'true'}, {'Luz en la mañana': 'true'}, {'Luz en la tarde': 'true'}, {'Monoambiente': 'true'}, {'Número de piso 7': 'true'}, {'Shut de basura': 'true'}, {'Depósito 1': 'true'}, {'Cerca a Jardines y Colegios': 'true'}, {'Gimnasio': 'true'}, {'Salón comunal': 'true'}, {'Zona para niños': 'true'}, {'Ascensor': 'true'}, {'Bahias de parqueo': 'true'}, {'Circuito cerrado de TV': 'true'}, {'Con Terraza': 'true'}, {'Vigilancia': 'true'}, {'Recepción Lobby': 'true'}, {'Terraza/Balcón balcón': 'true'}, {'Terraza Rooftop': 'true'}, {'Cerca Parques': 'true'}, {'Cerca Transporte Público': 'true'}, {'Área Urbana': 'true'}, {'Cerca Parques': 'true'}, {'Cerca Transporte Público': 'true'}, {'Área Urbana': 'true'}]}",2026-10-08 21:08:19.817992+00:00
https://www.metrocuadrado.com/inmueble/arriendo-apartamento-bogota-cabrera-3-habitaciones-4-banos-4-garajes/19579-M7104113?src_url=%2Finmuebles%2Farriendo%2Fbogota,"{'title': 'Apartamento En Arriendo, Cabrera', 'location': 'Cabrera, Bogotá D.C.', 'price': '$ 33.000.000', 'area': None, 'estrato': None, 'main_specs': '3 hab. | 4 bañ. | 4 par.', 'characteristics': [{'Baño Auxiliar': 'true'}, {'Baño de Servicio': 'true'}, {'Con calefacción': 'true'}, {'Con chimenea': 'true'}, {'Citófonos': 'true'}, {'Cocina integral': 'true'}, {'Comedor auxiliar': 'true'}, {'Cuarto de servicio': 'true'}, {'Estudio o biblioteca': 'true'}, {'Hall de Alcobas': 'true'}, {'Zona de lavanderia': 'true'}, {'Control de ruido': 'true'}, {'Despensa': 'true'}, {'Extractor': 'true'}, {'Lavaplatos': 'true'}, {'Luz en la mañana': 'true'}, {'Luz en la tarde': 'true'}, {'Monoambiente': 'true'}, {'Número de piso 12': 'true'}, {'Shut de basura': 'true'}, {'Depósito 1': 'true'}, {'Tipo de acabado piso cerámica': 'true'}, {'Walking closet': 'true'}, {'Cerca a Jardines y Colegios': 'true'}, {'Cerca a restaurantes': 'true'}, {'Cerca a tiendas de barrio': 'true'}, {'Gimnasio': 'true'}, {'Salón comunal': 'true'}, {'Zona para niños': 'true'}, {'Zonas verdes': 'true'}, {'Acceso con tarjetas o dispositivos': 'true'}, {'Ascensor': 'true'}, {'Circuito cerrado de TV': 'true'}, {'Parqueadero visitantes': 'true'}, {'Piscina': 'true'}, {'Con Terraza': 'true'}, {'Vigilancia': 'true'}, {'Vista panorámica': 'true'}, {'Conjunto cerrado': 'true'}, {'Recepción Lobby': 'true'}, {'Terraza/Balcón balcón': 'true'}, {'Terraza Rooftop': 'true'}, {'Cerca Colegios / Universidades': 'true'}, {'Cerca Parques': 'true'}, {'Cerca Transporte Público': 'true'}, {'Sobre vía principal': 'true'}, {'Área Urbana': 'true'}, {'Cerca Colegios / Universidades': 'true'}, {'Cerca Parques': 'true'}, {'Cerca Transporte Público': 'true'}, {'Sobre vía principal': 'true'}, {'Área Urbana': 'true'}]}",2026-10-08 21:08:25.161601+00:00
https://www.metrocuadrado.com/inmueble/arriendo-casa-bogota-santa-barbara-alta-3-habitaciones-4-banos-4-garajes/5586-M6487142?src_url=%2Finmuebles%2Farriendo%2Fbogota,"{'title': 'Casa En Arriendo, SANTA BARBARA ALTA', 'location': 'SANTA BARBARA ALTA, Bogotá D.C.', 'price': '$ 22.000.000', 'area': None, 'estrato': None, 'main_specs': '3 hab. | 4 bañ. | 4 par.', 'characteristics': [{'Apto para niños': 'true'}, {'Con calefacción': 'true'}, {'Con chimenea': 'true'}, {'Citófonos': 'true'}, {'Comedor auxiliar': 'true'}, {'Tipo de Cortinas persianas': 'true'}, {'Cuarto de servicio': 'true'}, {'Estudio o biblioteca': 'true'}, {'Puertas de seguridad': 'true'}, {'Zona de lavanderia': 'true'}, {'Despensa': 'true'}, {'Tipo instalación de gas natural': 'true'}, {'Lavaplatos': 'true'}, {'Luz en la mañana': 'true'}, {'Luz en la tarde': 'true'}, {'Número de Closets 4': 'true'}, {'Número de líneas teléfonicas 0': 'true'}, {'Tipo de calentador caldera': 'true'}, {'Tipo de Casa townhouse': 'true'}, {'Tipo de Cocina isla': 'true'}, {'Tipo comedor sala comedor': 'true'}, {'Depósito 1': 'true'}, {'Tipo de estufa gas': 'true'}, {'Tipo de acabado piso madera': 'true'}, {'Tipo de piso en alcobas madera': 'true'}, {'Tipo de piso en comedor madera': 'true'}, {'Tipo de piso en estudio madera': 'true'}, {'Tipo de piso en sala madera': 'true'}, {'Vista exterior': 'true'}, {'Walking-closet': 'true'}, {'Cerca a gimnasio': 'true'}, {'Cerca a restaurantes': 'true'}, {'Gimnasio': 'true'}, {'Jardín interior': 'true'}, {'Salón comunal': 'true'}, {'Zona para niños': 'true'}, {'Zonas verdes': 'true'}, {'Área Terraza/Balcón 15': 'true'}, {'Acceso para discapacitados': 'true'}, {'Circuito cerrado de TV': 'true'}, {'Parqueadero cubierto': 'true'}, {'Jardín': 'true'}, {'Piscina': 'true'}, {'Vista panorámica': 'true'}, {'Conjunto cerrado': 'true'}, {'Número de niveles 3': 'true'}, {'Terraza/Balcón terraza': 'true'}, {'Tipo de parqueadero propio': 'true'}, {'Vigilancia 24hrs': 'true'}, {'Cerca Centros Comerciales': 'true'}, {'Cerca Parques': 'true'}, {'Cerca Transporte Público': 'true'}, {'Cerca Centros Comerciales': 'true'}, {'Cerca Parques': 'true'}, {'Cerca Transporte Público': 'true'}]}",2026-10-08 21:08:30.515101+00:00
https://www.metrocuadrado.com/inmueble/arriendo-apartamento-bogota-el-porvenir-2-habitaciones-2-banos/19374-M7023211?src_url=%2Finmuebles%2Farriendo%2Fbogota,"{'title': 'Apartamento En Arriendo, EL CHANCO', 'location': 'EL CHANCO, Bogotá D.C.', 'price': '$ 1.250.000', 'area': None, 'estrato': None, 'main_specs': '2 hab. | 2 bañ.', 'characteristics': [{'Apto para niños': 'true'}, {'Tipo de Cortinas persianas': 'true'}, {'Hall de Alcobas': 'true'}, {'Zona de lavanderia': 'true'}, {'En interior y/o bloque': 'true'}, {'Horno': 'true'}, {'Tipo instalación de gas natural': 'true'}, {'Luz en la mañana': 'true'}, {'Número de Closets 2': 'true'}, {'Número de piso 1': 'true'}, {'Se Permiten Mascotas': 'true'}, {'Tipo de calentador gas': 'true'}, {'Tipo de Cocina lineal': 'true'}, {'Tipo comedor sala comedor': 'true'}, {'Depósito 0': 'true'}, {'Tipo de estufa gas': 'true'}, {'Tipo de acabado piso cerámica': 'true'}, {'Tipo de piso en alcobas laminado': 'true'}, {'Tipo de piso en comedor cerámica': 'true'}, {'Tipo de piso en sala cerámica': 'true'}, {'Vista interior': 'true'}, {'Cerca a restaurantes': 'true'}, {'Cerca a tiendas de barrio': 'true'}, {'Salón comunal': 'true'}, {'Zona de BBQ': 'true'}, {'Zona para niños': 'true'}, {'Zonas verdes': 'true'}, {'Acceso con tarjetas o dispositivos': 'true'}, {'Acceso para discapacitados': 'true'}, {'Circuito cerrado de TV': 'true'}, {'Conjunto cerrado': 'true'}, {'Número de Ascensores 0': 'true'}, {'Terraza/Balcón ninguno': 'true'}, {'Vigilancia 24hrs': 'true'}, {'Cerca Supermercados': 'true'}, {'Cerca Transporte Público': 'true'}, {'Sobre vía secundaria': 'true'}, {'Cerca Supermercados': 'true'}, {'Cerca Transporte Público': 'true'}, {'Sobre vía secundaria': 'true'}]}",2026-10-08 21:08:35.822343+00:00
https://www.metrocuadrado.com/inmueble/arriendo-apartamento-bogota-lisboa-3-habitaciones-3-banos-2-garajes/3815-M6660969?src_url=%2Finmuebles%2Farriendo%2Fbogota,"{'title': 'Apartamento En Arriendo, BELMIRA', 'location': 'BELMIRA, Bogotá D.C.', 'price': '$ 7.000.000', 'area': None, 'estrato': None, 'main_specs': '3 hab. | 3 bañ. | 2 par.', 'characteristics': [{'Con chimenea': 'true'}, {'Comedor auxiliar': 'true'}, {'Tipo de Cortinas ninguna': 'true'}, {'Estudio o biblioteca': 'true'}, {'Hall de Alcobas': 'true'}, {'Equipado / Amoblado': 'true'}, {'Puertas de seguridad': 'true'}, {'Zona de lavanderia': 'true'}, {'Número de Closets 3': 'true'}, {'Número de piso 9': 'true'}, {'Tipo de Cocina en u': 'true'}, {'Tipo comedor comedor independiente': 'true'}, {'Depósito 0': 'true'}, {'Vista exterior': 'true'}, {'Cerca a restaurantes': 'true'}, {'Cerca a tiendas de barrio': 'true'}, {'Cancha(s) de Basket': 'true'}, {'Cancha(s) de Tennis': 'true'}, {'Gimnasio': 'true'}, {'Salón comunal': 'true'}, {'Sauna y/o turco': 'true'}, {'Zonas verdes': 'true'}, {'Área Terraza/Balcón 2': 'true'}, {'Ascensor': 'true'}, {'Parqueadero cubierto': 'true'}, {'Piscina': 'true'}, {'Conjunto cerrado': 'true'}, {'Número de Ascensores 2': 'true'}, {'Terraza/Balcón balcón': 'true'}, {'Tipo de parqueadero propio': 'true'}, {'Sobre vía secundaria': 'true'}, {'Sobre vía secundaria': 'true'}]}",2026-10-08 21:08:40.583362+00:00
https://www.metrocuadrado.com/inmueble/arriendo-apartamento-bogota-centro-internacional-de-bogota-1-habitaciones-1-banos/22208-M7124403?src_url=%2Finmuebles%2Farriendo%2Fbogota,"{'title': 'Apartamento En Arriendo, Centro Internacional De Bogota', 'location': 'Centro Internacional De Bogota, Bogotá D.C.', 'price': '$ 1.700.000', 'area': None, 'estrato': None, 'main_specs': '1 hab. | 1 bañ.', 'characteristics': [{'Alarma': 'true'}, {'Con calefacción': 'true'}, {'Citófonos': 'true'}, {'Cocina integral': 'true'}, {'Estudio o biblioteca': 'true'}, {'Jacuzzi': 'true'}, {'Zona de lavanderia': 'true'}, {'Control de ruido': 'true'}, {'Control térmico': 'true'}, {'Detección de humo': 'true'}, {'Extractor': 'true'}, {'Lavaplatos': 'true'}, {'Luz en la mañana': 'true'}, {'Luz en la tarde': 'true'}, {'Monoambiente': 'true'}, {'Número de piso 15': 'true'}, {'Puerta eléctrica': 'true'}, {'Shut de basura': 'true'}, {'Tipo de acabado piso cerámica': 'true'}, {'Walking closet': 'true'}, {'Cerca a hospitales': 'true'}, {'Cerca a Jardines y Colegios': 'true'}, {'Cerca a restaurantes': 'true'}, {'Cerca a tiendas de barrio': 'true'}, {'Gimnasio': 'true'}, {'Sauna y/o turco': 'true'}, {'Zona para niños': 'true'}, {'Zonas verdes': 'true'}, {'Acceso con tarjetas o dispositivos': 'true'}, {'Ascensor': 'true'}, {'Circuito cerrado de TV': 'true'}, {'Parqueadero visitantes': 'true'}, {'Piscina': 'true'}, {'Con Terraza': 'true'}, {'Vigilancia': 'true'}, {'Vista panorámica': 'true'}, {'Parqueadero inteligente': 'true'}, {'Recepción Lobby': 'true'}, {'Terraza Rooftop': 'true'}, {'Vivienda Bifamiliar': 'true'}, {'Cerca Colegios / Universidades': 'true'}, {'Cerca Parques': 'true'}, {'Cerca Transporte Público': 'true'}, {'Sobre vía principal': 'true'}, {'Ubicación zona centros negocios': 'true'}, {'Área Urbana': 'true'}, {'Cerca Colegios / Universidades': 'true'}, {'Cerca Parques': 'true'}, {'Cerca Transporte Público': 'true'}, {'Sobre vía principal': 'true'}, {'Ubicación zona centros negocios': 'true'}, {'Área Urbana': 'true'}]}",2026-10-08 21:08:45.974887+00:00
https://www.metrocuadrado.com/inmueble/arriendo-casa-bogota-belmira-4-habitaciones-3-banos-2-garajes/22376-M7099401?src_url=%2Finmuebles%2Farriendo%2Fbogota,"{'title': 'Casa En Arriendo, BELMIRA ACACIAS', 'location': 'BELMIRA ACACIAS, Bogotá D.C.', 'price': '$ 7.500.000', 'area': None, 'estrato': None, 'main_specs': '4 hab. | 3 bañ. | 2 par.', 'characteristics': [{'Con chimenea': 'true'}, {'Comedor auxiliar': 'true'}, {'Cuarto de servicio': 'true'}, {'Estudio o biblioteca': 'true'}, {'Hall de Alcobas': 'true'}, {'Zona de lavanderia': 'true'}, {'Extractor': 'true'}, {'Horno': 'true'}, {'Tipo instalación de gas natural': 'true'}, {'Luz en la mañana': 'true'}, {'Tipo de calentador gas': 'true'}, {'Tipo de Casa townhouse': 'true'}, {'Tipo de Cocina en u': 'true'}, {'Tipo de estufa gas': 'true'}, {'Vista exterior': 'true'}, {'Cerca a gimnasio': 'true'}, {'Cerca a hospitales': 'true'}, {'Cerca a Jardines y Colegios': 'true'}, {'Cerca a restaurantes': 'true'}, {'Cerca a tiendas de barrio': 'true'}, {'Cancha(s) de Basket': 'true'}, {'Cancha(s) de Fútbol': 'true'}, {'Jardín interior': 'true'}, {'Zona para niños': 'true'}, {'Zonas verdes': 'true'}, {'Circuito cerrado de TV': 'true'}, {'Esquinero': 'true'}, {'Número de niveles 3': 'true'}, {'Vigilancia 24hrs': 'true'}, {'Cerca Centros Comerciales': 'true'}, {'Cerca Colegios / Universidades': 'true'}, {'Cerca Parques': 'true'}, {'Cerca Supermercados': 'true'}, {'Cerca Transporte Público': 'true'}, {'Sobre vía secundaria': 'true'}, {'Cerca Centros Comerciales': 'true'}, {'Cerca Colegios / Universidades': 'true'}, {'Cerca Parques': 'true'}, {'Cerca Supermercados': 'true'}, {'Cerca Transporte Público': 'true'}, {'Sobre vía secundaria': 'true'}]}",2026-10-08 21:08:50.594023+00:00
https://www.metrocuadrado.com/inmueble/arriendo-oficina-bogota-chico-norte-et-iii-2-banos-2-garajes/20258-M6938914?src_url=%2Finmuebles%2Farriendo%2Fbogota,"{'title': 'Oficina En Arriendo, CHICO NORTE', 'location': 'CHICO NORTE, Bogotá D.C.', 'price': '$ 5.000.000', 'area': None, 'estrato': None, 'main_specs': '2 bañ. | 2 par.', 'characteristics': [{'Citófonos': 'true'}, {'Equipado / Amoblado': 'true'}, {'Puertas de seguridad': 'true'}, {'Número de piso 2': 'true'}, {'Tipo de oficina edificio': 'true'}, {'Vista exterior': 'true'}, {'Cerca a gimnasio': 'true'}, {'Cerca a hospitales': 'true'}, {'Acceso con tarjetas o dispositivos': 'true'}, {'Ascensor': 'true'}, {'Acceso para discapacitados': 'true'}, {'Circuito cerrado de TV': 'true'}, {'Parqueadero cubierto': 'true'}, {'Vista panorámica': 'true'}, {'Jardines': 'true'}, {'Número de Ascensores 4': 'true'}, {'Recepción Lobby': 'true'}, {'Sistema contra incendio': 'true'}, {'Vigilancia 24hrs': 'true'}, {'Cerca Centros Comerciales': 'true'}, {'Cerca Colegios / Universidades': 'true'}, {'Cerca Supermercados': 'true'}, {'Cerca Transporte Público': 'true'}, {'Sobre vía secundaria': 'true'}, {'Ubicación zona centros negocios': 'true'}, {'Cerca Centros Comerciales': 'true'}, {'Cerca Colegios / Universidades': 'true'}, {'Cerca Supermercados': 'true'}, {'Cerca Transporte Público': 'true'}, {'Sobre vía secundaria': 'true'}, {'Ubicación zona centros negocios': 'true'}]}",2026-10-08 21:08:55.203397+00:00
https://www.metrocuadrado.com/inmueble/arriendo-casa-bogota-jose-joaquin-vargas-5-habitaciones-5-banos-3-garajes/23839-M7034885?src_url=%2Finmuebles%2Farriendo%2Fbogota,"{'title': 'Casa En Arriendo, JOSE JOAQUIN VARGAS', 'location': 'JOSE JOAQUIN VARGAS, Bogotá D.C.', 'price': '$ 8.500.000', 'area': None, 'estrato': None, 'main_specs': '5 hab. | 5 bañ. | 3 par.', 'characteristics': [{'Ancho 8 m': 'true'}, {'Con chimenea': 'true'}, {'Comedor auxiliar': 'true'}, {'Tipo de Cortinas con velos': 'true'}, {'Cuarto de servicio': 'true'}, {'Estudio o biblioteca': 'true'}, {'Hall de Alcobas': 'true'}, {'Equipado / Amoblado': 'true'}, {'Puertas de seguridad': 'true'}, {'Zona de lavanderia': 'true'}, {'Despensa': 'true'}, {'Fondo 35 m': 'true'}, {'Horno': 'true'}, {'Tipo instalación de gas natural': 'true'}, {'Lavaplatos': 'true'}, {'Luz en la mañana': 'true'}, {'Luz en la tarde': 'true'}, {'Número de Closets 4': 'true'}, {'Número de líneas teléfonicas 0': 'true'}, {'Se Permiten Mascotas': 'true'}, {'Tipo de calentador gas': 'true'}, {'Tipo de Casa tradicional': 'true'}, {'Tipo de Cocina lineal': 'true'}, {'Tipo comedor comedor independiente': 'true'}, {'Depósito 2': 'true'}, {'Tipo de estufa gas': 'true'}, {'Tipo de acabado piso cerámica': 'true'}, {'Tipo de piso en alcobas laminado': 'true'}, {'Tipo de piso en comedor cerámica': 'true'}, {'Tipo de piso en estudio cerámica': 'true'}, {'Tipo de piso en sala cerámica': 'true'}, {'Vista exterior': 'true'}, {'Walking-closet': 'true'}, {'Cerca a gimnasio': 'true'}, {'Cerca a hospitales': 'true'}, {'Cerca a Jardines y Colegios': 'true'}, {'Cerca a parque industrial': 'true'}, {'Cerca a restaurantes': 'true'}, {'Cerca a tiendas de barrio': 'true'}, {'&Aacute;rea del lote 180': 'true'}, {'Bahias de parqueo': 'true'}, {'Acceso para discapacitados': 'true'}, {'Parqueadero cubierto': 'true'}, {'Vista panorámica': 'true'}, {'Número de Ascensores 0': 'true'}, {'Número de niveles 2': 'true'}, {'Terraza/Balcón ninguno': 'true'}, {'Tipo de parqueadero propio': 'true'}, {'Vigilancia 0': 'true'}, {'Cerca Centros Comerciales': 'true'}, {'Cerca Colegios / Universidades': 'true'}, {'Cerca Parques': 'true'}, {'Cerca Supermercados': 'true'}, {'Cerca Transporte Público': 'true'}, {'Sobre vía principal': 'true'}, {'Ubicación zona centros negocios': 'true'}, {'Cerca Centros Comerciales': 'true'}, {'Cerca Colegios / Universidades': 'true'}, {'Cerca Parques': 'true'}, {'Cerca Supermercados': 'true'}, {'Cerca Transporte Público': 'true'}, {'Sobre vía principal': 'true'}, {'Ubicación zona centros negocios': 'true'}]}",2026-10-08 21:09:00.534974+00:00
https://www.metrocuadrado.com/inmueble/arriendo-oficina-bogota-chico-norte-1-banos-3-garajes/3282-M5861949?src_url=%2Finmuebles%2Farriendo%2Fbogota,"{'title': 'Oficina En Arriendo, CHICO LA CABRERA', 'location': 'CHICO LA CABRERA, Bogotá D.C.', 'price': '$ 9.000.000', 'area': None, 'estrato': None, 'main_specs': '1 bañ. | 3 par.', 'characteristics': [{'Citófonos': 'true'}, {'Control de ruido': 'true'}, {'Detección de humo': 'true'}, {'Equipado': 'true'}, {'Escalera de Emergencia': 'true'}, {'Número de piso 3': 'true'}, {'Salón de conferencias': 'true'}, {'Tipo de oficina edificio': 'true'}, {'Tipo de acabado piso cerámica': 'true'}, {'Vista interior': 'true'}, {'Cerca a hospitales': 'true'}, {'Acceso con tarjetas o dispositivos': 'true'}, {'Ascensor': 'true'}, {'Acceso para discapacitados': 'true'}, {'Circuito cerrado de TV': 'true'}, {'Parqueadero cubierto': 'true'}, {'Generador eléctrico': 'true'}, {'Número de Ascensores 2': 'true'}, {'Recepción Lobby': 'true'}, {'Sistema contra incendio': 'true'}, {'Vigilancia 24hrs': 'true'}, {'Cerca Centros Comerciales': 'true'}, {'Cerca Parques': 'true'}, {'Cerca Supermercados': 'true'}, {'Cerca Transporte Público': 'true'}, {'Sobre vía secundaria': 'true'}, {'Cerca Centros Comerciales': 'true'}, {'Cerca Parques': 'true'}, {'Cerca Supermercados': 'true'}, {'Cerca Transporte Público': 'true'}, {'Sobre vía secundaria': 'true'}]}",2026-10-08 21:09:05.182433+00:00
https://www.metrocuadrado.com/inmueble/arriendo-apartamento-bogota-el-rosario-1-habitaciones-1-banos/14388-M5309081?src_url=%2Finmuebles%2Farriendo%2Fbogota,"{'title': 'Apartamento En Arriendo, El Rosario Barrios Unidos', 'location': 'El Rosario Barrios Unidos, Bogotá D.C.', 'price': '$ 2.800.000', 'area': None, 'estrato': None, 'main_specs': '1 hab. | 1 bañ.', 'characteristics': [{'Apto para niños': 'true'}, {'Citófonos': 'true'}, {'Tipo de Cortinas persianas': 'true'}, {'Equipado / Amoblado': 'true'}, {'Puertas de seguridad': 'true'}, {'Zona de lavanderia': 'true'}, {'Control de ruido': 'true'}, {'Detección de humo': 'true'}, {'Extractor': 'true'}, {'Horno': 'true'}, {'Tipo instalación de gas ninguno': 'true'}, {'Lavaplatos': 'true'}, {'Luz en la mañana': 'true'}, {'Monoambiente': 'true'}, {'Número de Closets 1': 'true'}, {'Número de piso 9': 'true'}, {'Se Permite Fumar': 'true'}, {'Se Permiten Mascotas': 'true'}, {'Shut de basura': 'true'}, {'Tipo de calentador electrico': 'true'}, {'Tipo de Cocina lineal': 'true'}, {'Tipo comedor sala comedor': 'true'}, {'Depósito 1': 'true'}, {'Tipo de estufa electrica': 'true'}, {'Tipo de acabado piso laminado': 'true'}, {'Tipo de piso en alcobas laminado': 'true'}, {'Tipo de piso en comedor laminado': 'true'}, {'Tipo de piso en estudio laminado': 'true'}, {'Tipo de piso en sala laminado': 'true'}, {'Vista exterior': 'true'}, {'Cerca a hospitales': 'true'}, {'Cerca a tiendas de barrio': 'true'}, {'Cancha(s) de Fútbol': 'true'}, {'Gimnasio': 'true'}, {'Zona de BBQ': 'true'}, {'Zona para niños': 'true'}, {'Zonas verdes': 'true'}, {'Acceso con tarjetas o dispositivos': 'true'}, {'Ascensor': 'true'}, {'Bahias de parqueo': 'true'}, {'Acceso para discapacitados': 'true'}, {'Piscina': 'true'}, {'Vista panorámica': 'true'}, {'Conjunto cerrado': 'true'}, {'Número de Ascensores 2': 'true'}, {'Recepción Lobby': 'true'}, {'Terraza/Balcón ninguno': 'true'}, {'Terraza Rooftop': 'true'}, {'Vigilancia 24hrs': 'true'}, {'Cerca Colegios / Universidades': 'true'}, {'Cerca Parques': 'true'}, {'Cerca Supermercados': 'true'}, {'Cerca Transporte Público': 'true'}, {'Sobre vía secundaria': 'true'}, {'Cerca Colegios / Universidades': 'true'}, {'Cerca Parques': 'true'}, {'Cerca Supermercados': 'true'}, {'Cerca Transporte Público': 'true'}, {'Sobre vía secundaria': 'true'}]}",2026-10-08 21:09:10.467305+00:00
https://www.metrocuadrado.com/inmueble/arriendo-oficina-bogota-chico-norte-et-iii-1-banos-1-garajes/23861-M7025020?src_url=%2Finmuebles%2Farriendo%2Fbogota,"{'title': 'Oficina En Arriendo, CHICO NORTE', 'location': 'CHICO NORTE, Bogotá D.C.', 'price': '$ 2.790.000', 'area': None, 'estrato': None, 'main_specs': '1 bañ. | 1 par.', 'characteristics': [{'Citófonos': 'true'}, {'Escalera de Emergencia': 'true'}, {'Número de piso 2': 'true'}, {'Salón de conferencias': 'true'}, {'Tipo de oficina edificio': 'true'}, {'Tipo de acabado piso porcelanato': 'true'}, {'Vista exterior': 'true'}, {'Cerca a gimnasio': 'true'}, {'Cerca a hospitales': 'true'}, {'Ascensor': 'true'}, {'Acceso para discapacitados': 'true'}, {'Circuito cerrado de TV': 'true'}, {'Parqueadero cubierto': 'true'}, {'Vista panorámica': 'true'}, {'Número de Ascensores 2': 'true'}, {'Recepción Lobby': 'true'}, {'Vigilancia 24hrs': 'true'}, {'Cerca Centros Comerciales': 'true'}, {'Cerca Colegios / Universidades': 'true'}, {'Cerca Parques': 'true'}, {'Cerca Supermercados': 'true'}, {'Cerca Transporte Público': 'true'}, {'Sobre vía principal': 'true'}, {'Ubicación zona centros negocios': 'true'}, {'Cerca Centros Comerciales': 'true'}, {'Cerca Colegios / Universidades': 'true'}, {'Cerca Parques': 'true'}, {'Cerca Supermercados': 'true'}, {'Cerca Transporte Público': 'true'}, {'Sobre vía principal': 'true'}, {'Ubicación zona centros negocios': 'true'}]}",2026-10-08 21:09:15.136987+00:00
https://www.metrocuadrado.com/inmueble/arriendo-oficina-bogota-sagrado-corazon-3-banos-3-garajes/19734-M6678917?src_url=%2Finmuebles%2Farriendo%2Fbogota,"{'title': 'Oficina En Arriendo, PARQUE CENTRAL BAVARIA', 'location': 'PARQUE CENTRAL BAVARIA, Bogotá D.C.', 'price': '$ 17.820.000', 'area': None, 'estrato': None, 'main_specs': '3 bañ. | 3 par.', 'characteristics': [{'Citófonos': 'true'}, {'Equipado / Amoblado': 'true'}, {'Puertas de seguridad': 'true'}, {'Control de ruido': 'true'}, {'Control térmico': 'true'}, {'Equipado': 'true'}, {'Escalera de Emergencia': 'true'}, {'Número de piso 3': 'true'}, {'Salón de conferencias': 'true'}, {'Se Permite Fumar': 'true'}, {'Tipo de oficina edificio': 'true'}, {'Vista exterior': 'true'}, {'Cerca a gimnasio': 'true'}, {'Cerca a hospitales': 'true'}, {'Acceso con tarjetas o dispositivos': 'true'}, {'Ascensor': 'true'}, {'Acceso para discapacitados': 'true'}, {'Circuito cerrado de TV': 'true'}, {'Parqueadero cubierto': 'true'}, {'Vista panorámica': 'true'}, {'Número de Ascensores 4': 'true'}, {'Recepción Lobby': 'true'}, {'Sistema contra incendio': 'true'}, {'Vigilancia 24hrs': 'true'}, {'Cerca Centros Comerciales': 'true'}, {'Cerca Colegios / Universidades': 'true'}, {'Cerca Parques': 'true'}, {'Cerca Supermercados': 'true'}, {'Cerca Transporte Público': 'true'}, {'Sobre vía principal': 'true'}, {'Sobre vía secundaria': 'true'}, {'Cerca Centros Comerciales': 'true'}, {'Cerca Colegios / Universidades': 'true'}, {'Cerca Parques': 'true'}, {'Cerca Supermercados': 'true'}, {'Cerca Transporte Público': 'true'}, {'Sobre vía principal': 'true'}, {'Sobre vía secundaria': 'true'}]}",2026-10-08 21:09:20.382512+00:00
https://www.metrocuadrado.com/inmueble/arriendo-apartamento-bogota-el-retiro-3-habitaciones-4-banos-3-garajes/20074-M6928099?src_url=%2Finmuebles%2Farriendo%2Fbogota,"{'title': 'Apartamento En Arriendo, CABRERA', 'location': 'CABRERA, Bogotá D.C.', 'price': '$ 20.000.000', 'area': None, 'estrato': None, 'main_specs': '3 hab. | 4 bañ. | 3 par.', 'characteristics': [{'Citófonos': 'true'}, {'Estudio o biblioteca': 'true'}, {'Hall de Alcobas': 'true'}, {'Jacuzzi': 'true'}, {'Equipado / Amoblado': 'true'}, {'Puertas de seguridad': 'true'}, {'Zona de lavanderia': 'true'}, {'Lavaplatos': 'true'}, {'Número de piso 7': 'true'}, {'Shut de basura': 'true'}, {'Tipo de Cocina paralela': 'true'}, {'Tipo comedor sala comedor': 'true'}, {'Depósito 1': 'true'}, {'Tipo de acabado piso madera': 'true'}, {'Tipo de piso en alcobas madera': 'true'}, {'Tipo de piso en comedor madera': 'true'}, {'Tipo de piso en estudio madera': 'true'}, {'Tipo de piso en sala madera': 'true'}, {'Vista exterior': 'true'}, {'Walking closet': 'true'}, {'Cerca a gimnasio': 'true'}, {'Cerca a restaurantes': 'true'}, {'Cancha(s) de Tennis': 'true'}, {'Gimnasio': 'true'}, {'Salón comunal': 'true'}, {'Zonas verdes': 'true'}, {'Área Terraza/Balcón 320': 'true'}, {'Ascensor': 'true'}, {'Parqueadero cubierto': 'true'}, {'Vista panorámica': 'true'}, {'Conjunto cerrado': 'true'}, {'Número de Ascensores 1': 'true'}, {'Recepción Lobby': 'true'}, {'Terraza/Balcón balcón': 'true'}, {'Tipo de parqueadero independiente': 'true'}, {'Vigilancia 24hrs': 'true'}, {'Sobre vía principal': 'true'}, {'Sobre vía principal': 'true'}]}",2026-10-08 21:09:25.118128+00:00
https://www.metrocuadrado.com/inmueble/arriendo-apartamento-bogota-chico-norte-et-iii-1-habitaciones-2-banos-1-garajes/533-M7036013?src_url=%2Finmuebles%2Farriendo%2Fbogota,"{'title': 'Apartamento En Arriendo, CHICO NORTE III', 'location': 'CHICO NORTE III, Bogotá D.C.', 'price': '$ 4.300.000', 'area': None, 'estrato': None, 'main_specs': '1 hab. | 2 bañ. | 1 par.', 'characteristics': [{'Apto para niños': 'true'}, {'Citófonos': 'true'}, {'Comedor auxiliar': 'true'}, {'Tipo de Cortinas persianas': 'true'}, {'Estudio o biblioteca': 'true'}, {'Equipado / Amoblado': 'true'}, {'Puertas de seguridad': 'true'}, {'Zona de lavanderia': 'true'}, {'Despensa': 'true'}, {'Extractor': 'true'}, {'Horno': 'true'}, {'Tipo instalación de gas natural': 'true'}, {'Luz en la mañana': 'true'}, {'Luz en la tarde': 'true'}, {'Monoambiente': 'true'}, {'Número de Closets 1': 'true'}, {'Número de piso 4': 'true'}, {'Shut de basura': 'true'}, {'Tipo de calentador gas': 'true'}, {'Tipo de Cocina abierta': 'true'}, {'Tipo comedor comedor independiente': 'true'}, {'Depósito 1': 'true'}, {'Tipo de estufa gas': 'true'}, {'Tipo de acabado piso laminado': 'true'}, {'Tipo de piso en alcobas laminado': 'true'}, {'Tipo de piso en comedor laminado': 'true'}, {'Tipo de piso en estudio laminado': 'true'}, {'Tipo de piso en sala laminado': 'true'}, {'Vista exterior': 'true'}, {'Walking closet': 'true'}, {'Cerca a gimnasio': 'true'}, {'Cerca a hospitales': 'true'}, {'Cerca a Jardines y Colegios': 'true'}, {'Cerca a restaurantes': 'true'}, {'Cerca a tiendas de barrio': 'true'}, {'Gimnasio': 'true'}, {'Salón comunal': 'true'}, {'Zona de BBQ': 'true'}, {'Área Terraza/Balcón 2': 'true'}, {'Ascensor': 'true'}, {'Bahias de parqueo': 'true'}, {'Acceso para discapacitados': 'true'}, {'Circuito cerrado de TV': 'true'}, {'Parqueadero cubierto': 'true'}, {'Vista panorámica': 'true'}, {'Número de Ascensores 2': 'true'}, {'Recepción Lobby': 'true'}, {'Terraza/Balcón balcón': 'true'}, {'Tipo de parqueadero propio': 'true'}, {'Vigilancia 24hrs': 'true'}, {'Cerca Colegios / Universidades': 'true'}, {'Cerca Parques': 'true'}, {'Cerca Supermercados': 'true'}, {'Cerca Transporte Público': 'true'}, {'Sobre vía secundaria': 'true'}, {'Cerca Colegios / Universidades': 'true'}, {'Cerca Parques': 'true'}, {'Cerca Supermercados': 'true'}, {'Cerca Transporte Público': 'true'}, {'Sobre vía secundaria': 'true'}]}",2026-10-08 21:09:30.654464+00:00
https://www.metrocuadrado.com/inmueble/arriendo-apartamento-bogota-el-nogal-2-habitaciones-3-banos-2-garajes/15920-M6896884?src_url=%2Finmuebles%2Farriendo%2Fbogota,"{'title': 'Apartamento En Arriendo, EL NOGAL', 'location': 'EL NOGAL, Bogotá D.C.', 'price': '$ 8.733.000', 'area': None, 'estrato': None, 'main_specs': '2 hab. | 3 bañ. | 2 par.', 'characteristics': [{'Apto para niños': 'true'}, {'Alarma': 'true'}, {'Con chimenea': 'true'}, {'Citófonos': 'true'}, {'Tipo de Cortinas persianas': 'true'}, {'Estudio o biblioteca': 'true'}, {'Hall de Alcobas': 'true'}, {'Equipado / Amoblado': 'true'}, {'Puertas de seguridad': 'true'}, {'Zona de lavanderia': 'true'}, {'Control de ruido': 'true'}, {'Control térmico': 'true'}, {'Despensa': 'true'}, {'Detección de humo': 'true'}, {'Extractor': 'true'}, {'Horno': 'true'}, {'Tipo instalación de gas natural': 'true'}, {'Lavaplatos': 'true'}, {'Luz en la mañana': 'true'}, {'Luz en la tarde': 'true'}, {'Número de Closets 4': 'true'}, {'Número de piso 0': 'true'}, {'Puerta eléctrica': 'true'}, {'Se Permite Fumar': 'true'}, {'Se Permiten Mascotas': 'true'}, {'Shut de basura': 'true'}, {'Tipo de calentador gas': 'true'}, {'Tipo de Cocina en l': 'true'}, {'Tipo comedor sala comedor': 'true'}, {'Depósito 1': 'true'}, {'Tipo de estufa gas': 'true'}, {'Tipo de acabado piso laminado': 'true'}, {'Tipo de piso en alcobas laminado': 'true'}, {'Tipo de piso en comedor laminado': 'true'}, {'Tipo de piso en estudio laminado': 'true'}, {'Tipo de piso en sala laminado': 'true'}, {'Vista exterior': 'true'}, {'Walking closet': 'true'}, {'Cerca a gimnasio': 'true'}, {'Cerca a Jardines y Colegios': 'true'}, {'Cerca a parque industrial': 'true'}, {'Cerca a restaurantes': 'true'}, {'Cerca a tiendas de barrio': 'true'}, {'Salón comunal': 'true'}, {'Zona de BBQ': 'true'}, {'Zona para niños': 'true'}, {'Zonas verdes': 'true'}, {'Ascensor': 'true'}, {'Acceso para discapacitados': 'true'}, {'Circuito cerrado de TV': 'true'}, {'Parqueadero cubierto': 'true'}, {'Vista panorámica': 'true'}, {'Conjunto cerrado': 'true'}, {'Número de Ascensores 1': 'true'}, {'Recepción Lobby': 'true'}, {'Roof garden': 'true'}, {'Terraza/Balcón ninguno': 'true'}, {'Terraza Rooftop': 'true'}, {'Tipo de parqueadero propio': 'true'}, {'Vigilancia 24hrs': 'true'}, {'Cerca Centros Comerciales': 'true'}, {'Cerca Colegios / Universidades': 'true'}, {'Cerca Parques': 'true'}, {'Cerca Supermercados': 'true'}, {'Cerca Transporte Público': 'true'}, {'Sobre vía secundaria': 'true'}, {'Cerca Centros Comerciales': 'true'}, {'Cerca Colegios / Universidades': 'true'}, {'Cerca Parques': 'true'}, {'Cerca Supermercados': 'true'}, {'Cerca Transporte Público': 'true'}, {'Sobre vía secundaria': 'true'}]}",2026-10-08 21:09:36.046158+00:00
https://www.metrocuadrado.com/inmueble/arriendo-casa-bogota-la-soledad-5-habitaciones-3-banos-2-garajes/660-M7127724?src_url=%2Finmuebles%2Farriendo%2Fbogota,"{'title': 'Casa En Arriendo, PARK WAY', 'location': 'PARK WAY, Bogotá D.C.', 'price': '$ 4.500.000', 'area': None, 'estrato': None, 'main_specs': '5 hab. | 3 bañ. | 2 par.', 'characteristics': [{'Ancho 20 m': 'true'}, {'Apto para niños': 'true'}, {'Alarma': 'true'}, {'Comedor auxiliar': 'true'}, {'Tipo de Cortinas persianas': 'true'}, {'Cuarto de servicio': 'true'}, {'Estudio o biblioteca': 'true'}, {'Hall de Alcobas': 'true'}, {'Equipado / Amoblado': 'true'}, {'Puertas de seguridad': 'true'}, {'Zona de lavanderia': 'true'}, {'Despensa': 'true'}, {'Fondo 10 m': 'true'}, {'Tipo instalación de gas natural': 'true'}, {'Lavaplatos': 'true'}, {'Luz en la mañana': 'true'}, {'Luz en la tarde': 'true'}, {'Número de Closets 2': 'true'}, {'Número de líneas teléfonicas 1': 'true'}, {'Se Permiten Mascotas': 'true'}, {'Tipo de calentador no tiene': 'true'}, {'Tipo de Casa tradicional': 'true'}, {'Tipo de Cocina lineal': 'true'}, {'Tipo comedor sala comedor': 'true'}, {'Depósito 2': 'true'}, {'Tipo de estufa gas': 'true'}, {'Tipo de acabado piso cerámica': 'true'}, {'Tipo de piso en alcobas madera': 'true'}, {'Tipo de piso en comedor cerámica': 'true'}, {'Tipo de piso en estudio madera': 'true'}, {'Tipo de piso en sala cerámica': 'true'}, {'Vista exterior': 'true'}, {'Cerca a gimnasio': 'true'}, {'Cerca a hospitales': 'true'}, {'Cerca a Jardines y Colegios': 'true'}, {'Cerca a restaurantes': 'true'}, {'Cerca a tiendas de barrio': 'true'}, {'Jardín interior': 'true'}, {'Sendero peatonal': 'true'}, {'Zonas verdes': 'true'}, {'Acceso con tarjetas o dispositivos': 'true'}, {'&Aacute;rea del lote 150': 'true'}, {'Bahias de parqueo': 'true'}, {'Acceso para discapacitados': 'true'}, {'Parqueadero cubierto': 'true'}, {'Jardín': 'true'}, {'Vista panorámica': 'true'}, {'Conjunto cerrado': 'true'}, {'Esquinero': 'true'}, {'Número de Ascensores 0': 'true'}, {'Número de niveles 2': 'true'}, {'Roof garden': 'true'}, {'Terraza/Balcón ninguno': 'true'}, {'Tipo de parqueadero propio': 'true'}, {'Vigilancia 0': 'true'}, {'Cerca Centros Comerciales': 'true'}, {'Cerca Colegios / Universidades': 'true'}, {'Cerca Parques': 'true'}, {'Cerca Supermercados': 'true'}, {'Cerca Transporte Público': 'true'}, {'Sobre vía principal': 'true'}, {'Sobre vía secundaria': 'true'}, {'Ubicación zona centros negocios': 'true'}, {'Cerca Centros Comerciales': 'true'}, {'Cerca Colegios / Universidades': 'true'}, {'Cerca Parques': 'true'}, {'Cerca Supermercados': 'true'}, {'Cerca Transporte Público': 'true'}, {'Sobre vía principal': 'true'}, {'Sobre vía secundaria': 'true'}, {'Ubicación zona centros negocios': 'true'}]}",2026-10-08 21:09:41.458091+00:00
https://www.metrocuadrado.com/inmueble/arriendo-apartamento-bogota-chico-norte-et-iii-2-habitaciones-2-banos-1-garajes/23245-M6970729?src_url=%2Finmuebles%2Farriendo%2Fbogota,"{'title': 'Apartamento En Arriendo, CHICO NORTE II', 'location': 'CHICO NORTE II, Bogotá D.C.', 'price': '$ 6.500.000', 'area': None, 'estrato': None, 'main_specs': '2 hab. | 2 bañ. | 1 par.', 'characteristics': [{'Apto para niños': 'true'}, {'Tipo de Cortinas ninguna': 'true'}, {'Puertas de seguridad': 'true'}, {'Zona de lavanderia': 'true'}, {'Extractor': 'true'}, {'Horno': 'true'}, {'Tipo instalación de gas natural': 'true'}, {'Luz en la tarde': 'true'}, {'Número de Closets 2': 'true'}, {'Número de piso 302': 'true'}, {'Se Permiten Mascotas': 'true'}, {'Shut de basura': 'true'}, {'Tipo de calentador electrico': 'true'}, {'Tipo de Cocina abierta': 'true'}, {'Tipo comedor sala comedor': 'true'}, {'Depósito 1': 'true'}, {'Tipo de estufa electrica': 'true'}, {'Tipo de acabado piso laminado': 'true'}, {'Tipo de piso en alcobas laminado': 'true'}, {'Tipo de piso en comedor laminado': 'true'}, {'Tipo de piso en estudio laminado': 'true'}, {'Tipo de piso en sala laminado': 'true'}, {'Vista exterior': 'true'}, {'Cerca a gimnasio': 'true'}, {'Cerca a hospitales': 'true'}, {'Cerca a Jardines y Colegios': 'true'}, {'Cerca a restaurantes': 'true'}, {'Cerca a tiendas de barrio': 'true'}, {'Gimnasio': 'true'}, {'Salón comunal': 'true'}, {'Zona de BBQ': 'true'}, {'Área Terraza/Balcón 3': 'true'}, {'Ascensor': 'true'}, {'Acceso para discapacitados': 'true'}, {'Circuito cerrado de TV': 'true'}, {'Parqueadero cubierto': 'true'}, {'Conjunto cerrado': 'true'}, {'Número de Ascensores 1': 'true'}, {'Recepción Lobby': 'true'}, {'Terraza/Balcón balcón': 'true'}, {'Terraza Rooftop': 'true'}, {'Tipo de parqueadero propio': 'true'}, {'Vigilancia 24hrs': 'true'}, {'Cerca Centros Comerciales': 'true'}, {'Cerca Colegios / Universidades': 'true'}, {'Cerca Parques': 'true'}, {'Cerca Supermercados': 'true'}, {'Cerca Transporte Público': 'true'}, {'Sobre vía secundaria': 'true'}, {'Cerca Centros Comerciales': 'true'}, {'Cerca Colegios / Universidades': 'true'}, {'Cerca Parques': 'true'}, {'Cerca Supermercados': 'true'}, {'Cerca Transporte Público': 'true'}, {'Sobre vía secundaria': 'true'}]}",2026-10-08 21:09:46.716307+00:00
https://www.metrocuadrado.com/inmueble/arriendo-apartamento-bogota-chico-norte-et-iii-1-habitaciones-1-banos-1-garajes/533-M7035946?src_url=%2Finmuebles%2Farriendo%2Fbogota,"{'title': 'Apartamento En Arriendo, CHICO NORTE III', 'location': 'CHICO NORTE III, Bogotá D.C.', 'price': '$ 4.700.000', 'area': None, 'estrato': None, 'main_specs': '1 hab. | 1 bañ. | 1 par.', 'characteristics': [{'Apto para niños': 'true'}, {'Con chimenea': 'true'}, {'Citófonos': 'true'}, {'Comedor auxiliar': 'true'}, {'Tipo de Cortinas persianas': 'true'}, {'Estudio o biblioteca': 'true'}, {'Equipado / Amoblado': 'true'}, {'Puertas de seguridad': 'true'}, {'Zona de lavanderia': 'true'}, {'Control de ruido': 'true'}, {'Control térmico': 'true'}, {'Extractor': 'true'}, {'Horno': 'true'}, {'Tipo instalación de gas natural': 'true'}, {'Lavaplatos': 'true'}, {'Luz en la mañana': 'true'}, {'Luz en la tarde': 'true'}, {'Monoambiente': 'true'}, {'Número de Closets 1': 'true'}, {'Número de piso 4': 'true'}, {'Shut de basura': 'true'}, {'Tipo de calentador caldera': 'true'}, {'Tipo de Cocina abierta': 'true'}, {'Tipo comedor comedor independiente': 'true'}, {'Depósito 1': 'true'}, {'Tipo de estufa gas': 'true'}, {'Tipo de acabado piso laminado': 'true'}, {'Tipo de piso en alcobas laminado': 'true'}, {'Tipo de piso en comedor laminado': 'true'}, {'Tipo de piso en estudio laminado': 'true'}, {'Tipo de piso en sala laminado': 'true'}, {'Vista exterior': 'true'}, {'Walking closet': 'true'}, {'Cerca a gimnasio': 'true'}, {'Cerca a hospitales': 'true'}, {'Cerca a Jardines y Colegios': 'true'}, {'Cerca a restaurantes': 'true'}, {'Cerca a tiendas de barrio': 'true'}, {'Gimnasio': 'true'}, {'Ascensor': 'true'}, {'Bahias de parqueo': 'true'}, {'Acceso para discapacitados': 'true'}, {'Circuito cerrado de TV': 'true'}, {'Parqueadero cubierto': 'true'}, {'Vista panorámica': 'true'}, {'Número de Ascensores 2': 'true'}, {'Recepción Lobby': 'true'}, {'Terraza/Balcón ninguno': 'true'}, {'Tipo de parqueadero propio': 'true'}, {'Vigilancia 24hrs': 'true'}, {'Cerca Colegios / Universidades': 'true'}, {'Cerca Parques': 'true'}, {'Cerca Supermercados': 'true'}, {'Cerca Transporte Público': 'true'}, {'Sobre vía secundaria': 'true'}, {'Cerca Colegios / Universidades': 'true'}, {'Cerca Parques': 'true'}, {'Cerca Supermercados': 'true'}, {'Cerca Transporte Público': 'true'}, {'Sobre vía secundaria': 'true'}]}",2026-10-08 21:09:52.192335+00:00
https://www.metrocuadrado.com/inmueble/arriendo-apartamento-bogota-molinos-norte-3-habitaciones-3-banos-2-garajes/20343-M7131413?src_url=%2Finmuebles%2Farriendo%2Fbogota,"{'title': 'Apartamento En Arriendo, MOLINOS NORTE', 'location': 'MOLINOS NORTE, Bogotá D.C.', 'price': '$ 7.500.000', 'area': None, 'estrato': None, 'main_specs': '3 hab. | 3 bañ. | 2 par.', 'characteristics': [{'Citófonos': 'true'}, {'Comedor auxiliar': 'true'}, {'Tipo de Cortinas persianas': 'true'}, {'Estudio o biblioteca': 'true'}, {'Hall de Alcobas': 'true'}, {'Equipado / Amoblado': 'true'}, {'Puertas de seguridad': 'true'}, {'Zona de lavanderia': 'true'}, {'Despensa': 'true'}, {'Extractor': 'true'}, {'Horno': 'true'}, {'Tipo instalación de gas natural': 'true'}, {'Luz en la mañana': 'true'}, {'Número de Closets 3': 'true'}, {'Número de piso 4': 'true'}, {'Shut de basura': 'true'}, {'Tipo de calentador gas': 'true'}, {'Tipo de Cocina en l': 'true'}, {'Tipo comedor sala comedor': 'true'}, {'Depósito 1': 'true'}, {'Tipo de estufa gas': 'true'}, {'Tipo de acabado piso laminado': 'true'}, {'Tipo de piso en alcobas laminado': 'true'}, {'Tipo de piso en comedor laminado': 'true'}, {'Tipo de piso en estudio laminado': 'true'}, {'Tipo de piso en sala laminado': 'true'}, {'Vista exterior': 'true'}, {'Walking closet': 'true'}, {'Cerca a gimnasio': 'true'}, {'Cerca a hospitales': 'true'}, {'Cerca a Jardines y Colegios': 'true'}, {'Cerca a restaurantes': 'true'}, {'Cerca a tiendas de barrio': 'true'}, {'Gimnasio': 'true'}, {'Acceso con tarjetas o dispositivos': 'true'}, {'Área Terraza/Balcón 10': 'true'}, {'Ascensor': 'true'}, {'Acceso para discapacitados': 'true'}, {'Circuito cerrado de TV': 'true'}, {'Parqueadero cubierto': 'true'}, {'Número de Ascensores 1': 'true'}, {'Recepción Lobby': 'true'}, {'Terraza/Balcón balcón': 'true'}, {'Terraza Rooftop': 'true'}, {'Tipo de parqueadero servidumbre': 'true'}, {'Vigilancia 24hrs': 'true'}, {'Cerca Centros Comerciales': 'true'}, {'Cerca Colegios / Universidades': 'true'}, {'Cerca Parques': 'true'}, {'Cerca Supermercados': 'true'}, {'Cerca Transporte Público': 'true'}, {'Sobre vía secundaria': 'true'}, {'Cerca Centros Comerciales': 'true'}, {'Cerca Colegios / Universidades': 'true'}, {'Cerca Parques': 'true'}, {'Cerca Supermercados': 'true'}, {'Cerca Transporte Público': 'true'}, {'Sobre vía secundaria': 'true'}]}",2026-10-08 21:09:57.460082+00:00
https://www.metrocuadrado.com/inmueble/arriendo-apartamento-bogota-alcazares-1-habitaciones-1-banos/22547-M6584607?src_url=%2Finmuebles%2Farriendo%2Fbogota,"{'title': 'Apartamento En Arriendo, BARRIOS UNIDOS', 'location': 'BARRIOS UNIDOS, Bogotá D.C.', 'price': '$ 2.400.000', 'area': None, 'estrato': None, 'main_specs': '1 hab. | 1 bañ.', 'characteristics': [{'Apto para niños': 'true'}, {'Tipo de Cortinas persianas': 'true'}, {'Estudio o biblioteca': 'true'}, {'Zona de lavanderia': 'true'}, {'Despensa': 'true'}, {'Detección de humo': 'true'}, {'En interior y/o bloque': 'true'}, {'Extractor': 'true'}, {'Horno': 'true'}, {'Tipo instalación de gas natural': 'true'}, {'Lavaplatos': 'true'}, {'Luz en la mañana': 'true'}, {'Luz en la tarde': 'true'}, {'Número de Closets 1': 'true'}, {'Número de piso 10': 'true'}, {'Se Permiten Mascotas': 'true'}, {'Shut de basura': 'true'}, {'Tipo de calentador gas': 'true'}, {'Tipo de Cocina lineal': 'true'}, {'Tipo comedor sala comedor': 'true'}, {'Depósito 0': 'true'}, {'Tipo de estufa gas': 'true'}, {'Tipo de acabado piso madera': 'true'}, {'Tipo de piso en alcobas madera': 'true'}, {'Tipo de piso en comedor madera': 'true'}, {'Tipo de piso en estudio madera': 'true'}, {'Tipo de piso en sala madera': 'true'}, {'Vista interior': 'true'}, {'Walking closet': 'true'}, {'Cerca a gimnasio': 'true'}, {'Cerca a hospitales': 'true'}, {'Cerca a Jardines y Colegios': 'true'}, {'Cerca a restaurantes': 'true'}, {'Cerca a tiendas de barrio': 'true'}, {'Gimnasio': 'true'}, {'Salón comunal': 'true'}, {'Sauna y/o turco': 'true'}, {'Zona de BBQ': 'true'}, {'Zona para niños': 'true'}, {'Zonas verdes': 'true'}, {'Área Terraza/Balcón 1.40': 'true'}, {'Ascensor': 'true'}, {'Acceso para discapacitados': 'true'}, {'Circuito cerrado de TV': 'true'}, {'Piscina': 'true'}, {'Conjunto cerrado': 'true'}, {'Número de Ascensores 2': 'true'}, {'Recepción Lobby': 'true'}, {'Terraza/Balcón balcón': 'true'}, {'Terraza Rooftop': 'true'}, {'Vigilancia 24hrs': 'true'}, {'Cerca Centros Comerciales': 'true'}, {'Cerca Colegios / Universidades': 'true'}, {'Cerca Parques': 'true'}, {'Cerca Supermercados': 'true'}, {'Cerca Transporte Público': 'true'}, {'Sobre vía principal': 'true'}, {'Sobre vía secundaria': 'true'}, {'Cerca Centros Comerciales': 'true'}, {'Cerca Colegios / Universidades': 'true'}, {'Cerca Parques': 'true'}, {'Cerca Supermercados': 'true'}, {'Cerca Transporte Público': 'true'}, {'Sobre vía principal': 'true'}, {'Sobre vía secundaria': 'true'}]}",2026-10-08 21:10:02.748657+00:00
https://www.metrocuadrado.com/inmueble/arriendo-apartamento-bogota-contador-3-habitaciones-5-banos-2-garajes/18778-M6670746?src_url=%2Finmuebles%2Farriendo%2Fbogota,"{'title': 'Apartamento En Arriendo, BELLA SUIZA', 'location': 'BELLA SUIZA, Bogotá D.C.', 'price': '$ 14.000.000', 'area': None, 'estrato': None, 'main_specs': '3 hab. | 5 bañ. | 2 par.', 'characteristics': [{'Con chimenea': 'true'}, {'Citófonos': 'true'}, {'Comedor auxiliar': 'true'}, {'Tipo de Cortinas persianas': 'true'}, {'Cuarto de servicio': 'true'}, {'Estudio o biblioteca': 'true'}, {'Hall de Alcobas': 'true'}, {'Jacuzzi': 'true'}, {'Puertas de seguridad': 'true'}, {'Zona de lavanderia': 'true'}, {'Despensa': 'true'}, {'Dúplex': 'true'}, {'En interior y/o bloque': 'true'}, {'Extractor': 'true'}, {'Horno': 'true'}, {'Tipo instalación de gas natural': 'true'}, {'Luz en la mañana': 'true'}, {'Luz en la tarde': 'true'}, {'Número de Closets 4': 'true'}, {'Número de piso 18': 'true'}, {'PentHouse': 'true'}, {'Shut de basura': 'true'}, {'Tipo de calentador gas': 'true'}, {'Tipo de Cocina isla': 'true'}, {'Tipo comedor comedor independiente': 'true'}, {'Depósito 1': 'true'}, {'Tipo de estufa gas': 'true'}, {'Tipo de acabado piso madera': 'true'}, {'Tipo de piso en alcobas madera': 'true'}, {'Vista exterior': 'true'}, {'Walking closet': 'true'}, {'Cerca a gimnasio': 'true'}, {'Cerca a restaurantes': 'true'}, {'Cancha(s) de Basket': 'true'}, {'Cancha(s) de Fútbol': 'true'}, {'Cancha(s) de squash': 'true'}, {'Cancha(s) de Tennis': 'true'}, {'Gimnasio': 'true'}, {'Salón comunal': 'true'}, {'Sauna y/o turco': 'true'}, {'Zona para niños': 'true'}, {'Zonas verdes': 'true'}, {'Área Terraza/Balcón 20': 'true'}, {'Ascensor': 'true'}, {'Acceso para discapacitados': 'true'}, {'Circuito cerrado de TV': 'true'}, {'Parqueadero cubierto': 'true'}, {'Piscina': 'true'}, {'Vista panorámica': 'true'}, {'Conjunto cerrado': 'true'}, {'Número de Ascensores 2': 'true'}, {'Recepción Lobby': 'true'}, {'Terraza/Balcón terraza': 'true'}, {'Tipo de parqueadero independiente': 'true'}, {'Vigilancia 24hrs': 'true'}, {'Cerca Centros Comerciales': 'true'}, {'Cerca Colegios / Universidades': 'true'}, {'Cerca Parques': 'true'}, {'Cerca Supermercados': 'true'}, {'Cerca Transporte Público': 'true'}, {'Sobre vía secundaria': 'true'}, {'Cerca Centros Comerciales': 'true'}, {'Cerca Colegios / Universidades': 'true'}, {'Cerca Parques': 'true'}, {'Cerca Supermercados': 'true'}, {'Cerca Transporte Público': 'true'}, {'Sobre vía secundaria': 'true'}]}",2026-10-08 21:10:08.140032+00:00
https://www.metrocuadrado.com/inmueble/arriendo-apartamento-bogota-santa-barbara-occidental-3-habitaciones-3-banos-2-garajes/17152-M5658451?src_url=%2Finmuebles%2Farriendo%2Fbogota,"{'title': 'Apartamento En Arriendo, SANTA BARBARA CENTRAL', 'location': 'SANTA BARBARA CENTRAL, Bogotá D.C.', 'price': '$ 12.000.000', 'area': None, 'estrato': None, 'main_specs': '3 hab. | 3 bañ. | 2 par.', 'characteristics': [{'Apto para niños': 'true'}, {'Con chimenea': 'true'}, {'Citófonos': 'true'}, {'Tipo de Cortinas persianas': 'true'}, {'Estudio o biblioteca': 'true'}, {'Hall de Alcobas': 'true'}, {'Equipado / Amoblado': 'true'}, {'Puertas de seguridad': 'true'}, {'Zona de lavanderia': 'true'}, {'Despensa': 'true'}, {'Detección de humo': 'true'}, {'Extractor': 'true'}, {'Horno': 'true'}, {'Tipo instalación de gas natural': 'true'}, {'Lavaplatos': 'true'}, {'Luz en la mañana': 'true'}, {'Luz en la tarde': 'true'}, {'Número de Closets 3': 'true'}, {'Número de piso 6': 'true'}, {'PentHouse': 'true'}, {'Se Permite Fumar': 'true'}, {'Shut de basura': 'true'}, {'Tipo de calentador gas': 'true'}, {'Tipo de Cocina isla': 'true'}, {'Tipo comedor sala comedor': 'true'}, {'Depósito 1': 'true'}, {'Tipo de estufa gas': 'true'}, {'Tipo de acabado piso laminado': 'true'}, {'Tipo de piso en alcobas laminado': 'true'}, {'Tipo de piso en comedor laminado': 'true'}, {'Tipo de piso en estudio laminado': 'true'}, {'Tipo de piso en sala laminado': 'true'}, {'Vista exterior': 'true'}, {'Walking closet': 'true'}, {'Cerca a gimnasio': 'true'}, {'Cerca a Jardines y Colegios': 'true'}, {'Cerca a restaurantes': 'true'}, {'Zona de BBQ': 'true'}, {'Zonas verdes': 'true'}, {'Área Terraza/Balcón 33': 'true'}, {'Ascensor': 'true'}, {'Bahias de parqueo': 'true'}, {'Acceso para discapacitados': 'true'}, {'Circuito cerrado de TV': 'true'}, {'Parqueadero cubierto': 'true'}, {'Vista panorámica': 'true'}, {'Conjunto cerrado': 'true'}, {'Número de Ascensores 1': 'true'}, {'Recepción Lobby': 'true'}, {'Terraza/Balcón terraza': 'true'}, {'Terraza Rooftop': 'true'}, {'Tipo de parqueadero propio': 'true'}, {'Vigilancia 24hrs': 'true'}, {'Cerca Centros Comerciales': 'true'}, {'Cerca Parques': 'true'}, {'Cerca Supermercados': 'true'}, {'Cerca Transporte Público': 'true'}, {'Sobre vía secundaria': 'true'}, {'Cerca Centros Comerciales': 'true'}, {'Cerca Parques': 'true'}, {'Cerca Supermercados': 'true'}, {'Cerca Transporte Público': 'true'}, {'Sobre vía secundaria': 'true'}]}",2026-10-08 21:10:13.326035+00:00
https://www.metrocuadrado.com/inmueble/arriendo-apartamento-bogota-centro-internacional-de-bogota-1-habitaciones-1-banos/22208-M7119192?src_url=%2Finmuebles%2Farriendo%2Fbogota,"{'title': 'Apartamento En Arriendo, Centro Internacional De Bogota', 'location': 'Centro Internacional De Bogota, Bogotá D.C.', 'price': '$ 2.200.000', 'area': None, 'estrato': None, 'main_specs': '1 hab. | 1 bañ.', 'characteristics': [{'Con calefacción': 'true'}, {'Cocina Tipo Americano': 'true'}, {'Cocina integral': 'true'}, {'Depósito o cuarto útil': 'true'}, {'Estudio o biblioteca': 'true'}, {'Equipado / Amoblado': 'true'}, {'Zona de lavanderia': 'true'}, {'Control de ruido': 'true'}, {'Control térmico': 'true'}, {'Despensa': 'true'}, {'Detección de humo': 'true'}, {'Extractor': 'true'}, {'Horno': 'true'}, {'Lavaplatos': 'true'}, {'Luz en la mañana': 'true'}, {'Luz en la tarde': 'true'}, {'Monoambiente': 'true'}, {'Número de piso 15': 'true'}, {'Puerta eléctrica': 'true'}, {'Shut de basura': 'true'}, {'Walking closet': 'true'}, {'Cerca a Jardines y Colegios': 'true'}, {'Cerca a restaurantes': 'true'}, {'Cerca a tiendas de barrio': 'true'}, {'Gimnasio': 'true'}, {'Salón comunal': 'true'}, {'Sauna y/o turco': 'true'}, {'Zona de BBQ': 'true'}, {'Zonas verdes': 'true'}, {'Acceso con tarjetas o dispositivos': 'true'}, {'Ascensor': 'true'}, {'Bahias de parqueo': 'true'}, {'Circuito cerrado de TV': 'true'}, {'Parqueadero visitantes': 'true'}, {'Piscina': 'true'}, {'Con Terraza': 'true'}, {'Vigilancia': 'true'}, {'Vista panorámica': 'true'}, {'Conjunto cerrado': 'true'}, {'Parqueadero inteligente': 'true'}, {'Recepción Lobby': 'true'}, {'Terraza Rooftop': 'true'}, {'Vivienda Bifamiliar': 'true'}, {'Cerca Colegios / Universidades': 'true'}, {'Cerca Parques': 'true'}, {'Cerca Transporte Público': 'true'}, {'Sobre vía principal': 'true'}, {'Ubicación zona centros negocios': 'true'}, {'Área Urbana': 'true'}, {'Cerca Colegios / Universidades': 'true'}, {'Cerca Parques': 'true'}, {'Cerca Transporte Público': 'true'}, {'Sobre vía principal': 'true'}, {'Ubicación zona centros negocios': 'true'}, {'Área Urbana': 'true'}]}",2026-10-08 21:10:18.800132+00:00
https://www.metrocuadrado.com/inmueble/arriendo-apartamento-bogota-chico-norte-et.-ii-2-habitaciones-2-banos-2-garajes/18479-M6830888?src_url=%2Finmuebles%2Farriendo%2Fbogota,"{'title': 'Apartamento En Arriendo, CHICO NORTE III', 'location': 'CHICO NORTE III, Bogotá D.C.', 'price': '$ 9.000.000', 'area': None, 'estrato': None, 'main_specs': '2 hab. | 2 bañ. | 2 par.', 'characteristics': [{'Apto para niños': 'true'}, {'Citófonos': 'true'}, {'Tipo de Cortinas persianas': 'true'}, {'Equipado / Amoblado': 'true'}, {'Puertas de seguridad': 'true'}, {'Zona de lavanderia': 'true'}, {'Despensa': 'true'}, {'Detección de humo': 'true'}, {'Extractor': 'true'}, {'Horno': 'true'}, {'Tipo instalación de gas natural': 'true'}, {'Número de Closets 3': 'true'}, {'Número de piso 3': 'true'}, {'Shut de basura': 'true'}, {'Tipo de calentador electrico': 'true'}, {'Tipo de Cocina abierta': 'true'}, {'Tipo comedor sala comedor': 'true'}, {'Depósito 1': 'true'}, {'Tipo de estufa gas': 'true'}, {'Tipo de acabado piso laminado': 'true'}, {'Tipo de piso en alcobas laminado': 'true'}, {'Tipo de piso en comedor laminado': 'true'}, {'Tipo de piso en estudio laminado': 'true'}, {'Tipo de piso en sala laminado': 'true'}, {'Vista exterior': 'true'}, {'Walking closet': 'true'}, {'Cerca a gimnasio': 'true'}, {'Cerca a hospitales': 'true'}, {'Cerca a restaurantes': 'true'}, {'Gimnasio': 'true'}, {'Salón comunal': 'true'}, {'Zonas verdes': 'true'}, {'Área Terraza/Balcón 1.50': 'true'}, {'Ascensor': 'true'}, {'Acceso para discapacitados': 'true'}, {'Circuito cerrado de TV': 'true'}, {'Parqueadero cubierto': 'true'}, {'Número de Ascensores 2': 'true'}, {'Recepción Lobby': 'true'}, {'Terraza/Balcón balcón': 'true'}, {'Tipo de parqueadero propio': 'true'}, {'Vigilancia 24hrs': 'true'}, {'Cerca Centros Comerciales': 'true'}, {'Cerca Colegios / Universidades': 'true'}, {'Cerca Parques': 'true'}, {'Cerca Supermercados': 'true'}, {'Cerca Transporte Público': 'true'}, {'Sobre vía secundaria': 'true'}, {'Cerca Centros Comerciales': 'true'}, {'Cerca Colegios / Universidades': 'true'}, {'Cerca Parques': 'true'}, {'Cerca Supermercados': 'true'}, {'Cerca Transporte Público': 'true'}, {'Sobre vía secundaria': 'true'}]}",2026-10-08 21:10:24.126493+00:00
https://www.metrocuadrado.com/inmueble/arriendo-apartamento-bogota-molinos-norte-3-habitaciones-3-banos-2-garajes/20564-M6883345?src_url=%2Finmuebles%2Farriendo%2Fbogota,"{'title': 'Apartamento En Arriendo, SANTA PAULA', 'location': 'SANTA PAULA, Bogotá D.C.', 'price': '$ 6.880.000', 'area': None, 'estrato': None, 'main_specs': '3 hab. | 3 bañ. | 2 par.', 'characteristics': [{'Apto para niños': 'true'}, {'Con chimenea': 'true'}, {'Citófonos': 'true'}, {'Tipo de Cortinas pesadas': 'true'}, {'Estudio o biblioteca': 'true'}, {'Hall de Alcobas': 'true'}, {'Equipado / Amoblado': 'true'}, {'Puertas de seguridad': 'true'}, {'Zona de lavanderia': 'true'}, {'Extractor': 'true'}, {'Horno': 'true'}, {'Tipo instalación de gas natural': 'true'}, {'Lavaplatos': 'true'}, {'Luz en la mañana': 'true'}, {'Luz en la tarde': 'true'}, {'Número de Closets 3': 'true'}, {'Número de piso 2': 'true'}, {'Tipo de calentador gas': 'true'}, {'Tipo de Cocina abierta': 'true'}, {'Tipo comedor sala comedor': 'true'}, {'Depósito 1': 'true'}, {'Tipo de estufa gas': 'true'}, {'Tipo de acabado piso laminado': 'true'}, {'Tipo de piso en alcobas laminado': 'true'}, {'Tipo de piso en comedor laminado': 'true'}, {'Tipo de piso en estudio laminado': 'true'}, {'Tipo de piso en sala laminado': 'true'}, {'Vista exterior': 'true'}, {'Cerca a gimnasio': 'true'}, {'Cerca a hospitales': 'true'}, {'Cerca a Jardines y Colegios': 'true'}, {'Cerca a restaurantes': 'true'}, {'Cerca a tiendas de barrio': 'true'}, {'Zona de BBQ': 'true'}, {'Área Terraza/Balcón 8': 'true'}, {'Ascensor': 'true'}, {'Acceso para discapacitados': 'true'}, {'Parqueadero cubierto': 'true'}, {'Número de Ascensores 1': 'true'}, {'Terraza/Balcón balcón': 'true'}, {'Terraza Rooftop': 'true'}, {'Tipo de parqueadero propio': 'true'}, {'Vigilancia 24hrs': 'true'}, {'Cerca Centros Comerciales': 'true'}, {'Cerca Colegios / Universidades': 'true'}, {'Cerca Parques': 'true'}, {'Cerca Supermercados': 'true'}, {'Cerca Transporte Público': 'true'}, {'Sobre vía secundaria': 'true'}, {'Cerca Centros Comerciales': 'true'}, {'Cerca Colegios / Universidades': 'true'}, {'Cerca Parques': 'true'}, {'Cerca Supermercados': 'true'}, {'Cerca Transporte Público': 'true'}, {'Sobre vía secundaria': 'true'}]}",2026-10-08 21:10:29.406791+00:00
https://www.metrocuadrado.com/inmueble/arriendo-apartamento-bogota-chico-norte-et.-iii-3-habitaciones-4-banos-2-garajes/MC7124662?src_url=%2Finmuebles%2Farriendo%2Fbogota,"{'title': 'Apartamento En Arriendo, CHICO NORTE Zona Urbana', 'location': 'CHICO NORTE Zona Urbana, Bogotá D.C.', 'price': '$ 13.750.000', 'area': None, 'estrato': None, 'main_specs': '3 hab. | 4 bañ. | 2 par.', 'characteristics': [{'Baño Auxiliar': 'true'}, {'Con chimenea': 'true'}, {'Citófonos': 'true'}, {'Cocina Tipo Americano': 'true'}, {'Estudio o biblioteca': 'true'}, {'Jacuzzi': 'true'}, {'Equipado / Amoblado': 'true'}, {'Piso en madera': 'true'}, {'Zona de lavanderia': 'true'}, {'Control de ruido': 'true'}, {'Despensa': 'true'}, {'Detección de humo': 'true'}, {'Horno': 'true'}, {'Lavaplatos': 'true'}, {'Número de piso 9': 'true'}, {'Shut de basura': 'true'}, {'Walking closet': 'true'}, {'Cerca a gimnasio': 'true'}, {'Cerca a hospitales': 'true'}, {'Cerca a restaurantes': 'true'}, {'Cerca a tiendas de barrio': 'true'}, {'Cerca playa': 'true'}, {'Jaula de Golf': 'true'}, {'Salón comunal': 'true'}, {'Sauna y/o turco': 'true'}, {'Zonas verdes': 'true'}, {'Ubicado en edificio': 'true'}, {'Acceso con tarjetas o dispositivos': 'true'}, {'Ascensor': 'true'}, {'Características del Parqueadero cubierto': 'true'}, {'Parqueadero visitantes': 'true'}, {'Con Terraza': 'true'}, {'Vigilancia': 'true'}, {'Recepción Lobby': 'true'}, {'Tipo de parqueadero propio': 'true'}, {'Cerca Centros Comerciales': 'true'}, {'Cerca Colegios / Universidades': 'true'}, {'Cerca Parques': 'true'}, {'Cerca Supermercados': 'true'}, {'Cerca Transporte Público': 'true'}, {'Ubicación zona centros negocios': 'true'}, {'Área Urbana': 'true'}, {'Cerca Centros Comerciales': 'true'}, {'Cerca Colegios / Universidades': 'true'}, {'Cerca Parques': 'true'}, {'Cerca Supermercados': 'true'}, {'Cerca Transporte Público': 'true'}, {'Ubicación zona centros negocios': 'true'}, {'Área Urbana': 'true'}]}",2026-10-08 21:10:35.199049+00:00
https://www.metrocuadrado.com/inmueble/arriendo-apartaestudio-bogota-santa-cecilia-1-habitaciones-1-banos/MC7129675?src_url=%2Finmuebles%2Farriendo%2Fbogota,"{'title': 'Apartaestudio En Arriendo, SANTA CECILIA Salitre Modelia', 'location': 'SANTA CECILIA Salitre Modelia, Bogotá D.C.', 'price': '$ 2.600.000', 'area': None, 'estrato': None, 'main_specs': '1 hab. | 1 bañ.', 'characteristics': [{'Cocina integral': 'true'}, {'Estudio o biblioteca': 'true'}, {'Equipado / Amoblado': 'true'}, {'Zona de lavanderia': 'true'}, {'Control de ruido': 'true'}, {'Detección de humo': 'true'}, {'Extractor': 'true'}, {'Monoambiente': 'true'}, {'Número de piso 9': 'true'}, {'Puerta eléctrica': 'true'}, {'Cerca a gimnasio': 'true'}, {'Cerca a hospitales': 'true'}, {'Cerca a Jardines y Colegios': 'true'}, {'Cerca a parque industrial': 'true'}, {'Cerca a restaurantes': 'true'}, {'Cerca a tiendas de barrio': 'true'}, {'Salón comunal': 'true'}, {'Sauna y/o turco': 'true'}, {'Zonas verdes': 'true'}, {'Acceso con tarjetas o dispositivos': 'true'}, {'Ascensor': 'true'}, {'Parqueadero visitantes': 'true'}, {'Con Terraza': 'true'}, {'Vigilancia': 'true'}, {'Conjunto cerrado': 'true'}, {'Recepción Lobby': 'true'}, {'Terraza Rooftop': 'true'}, {'Cerca Centros Comerciales': 'true'}, {'Cerca Colegios / Universidades': 'true'}, {'Cerca Parques': 'true'}, {'Cerca Supermercados': 'true'}, {'Cerca Transporte Público': 'true'}, {'Cerca Centros Comerciales': 'true'}, {'Cerca Colegios / Universidades': 'true'}, {'Cerca Parques': 'true'}, {'Cerca Supermercados': 'true'}, {'Cerca Transporte Público': 'true'}]}",2026-10-08 21:10:40.320417+00:00
https://www.metrocuadrado.com/inmueble/arriendo-oficina-bogota-san-diego-3-banos/MC5620352?src_url=%2Finmuebles%2Farriendo%2Fbogota,"{'title': 'Oficina En Arriendo, SAN DIEGO', 'location': 'SAN DIEGO, Bogotá D.C.', 'price': '$ 4.500.000', 'area': None, 'estrato': None, 'main_specs': '3 bañ.', 'characteristics': [{'Baño Auxiliar': 'true'}, {'Cocineta': 'true'}, {'Equipado / Amoblado': 'true'}, {'Piso en madera': 'true'}, {'Número de piso 4': 'true'}, {'Cerca a hospitales': 'true'}, {'Ubicado en edificio': 'true'}, {'Ascensor': 'true'}, {'Vigilancia': 'true'}, {'Recepción Lobby': 'true'}, {'Cerca Centros Comerciales': 'true'}, {'Cerca Parques': 'true'}, {'Cerca Supermercados': 'true'}, {'Cerca Transporte Público': 'true'}, {'Ubicación zona centros negocios': 'true'}, {'Cerca Centros Comerciales': 'true'}, {'Cerca Parques': 'true'}, {'Cerca Supermercados': 'true'}, {'Cerca Transporte Público': 'true'}, {'Ubicación zona centros negocios': 'true'}]}",2026-10-08 21:10:45.540466+00:00
https://www.metrocuadrado.com/inmueble/arriendo-apartamento-bogota-el-batan-4-habitaciones-4-banos-2-garajes/MC6753135?src_url=%2Finmuebles%2Farriendo%2Fbogota,"{'title': 'Apartamento En Arriendo, EL BATAN Santa Bárbara', 'location': 'EL BATAN Santa Bárbara, Bogotá D.C.', 'price': '$ 4.200.000', 'area': None, 'estrato': None, 'main_specs': '4 hab. | 4 bañ. | 2 par.', 'characteristics': [{'Altillo': 'true'}, {'Baño Auxiliar': 'true'}, {'Con chimenea': 'true'}, {'Citófonos': 'true'}, {'Cuarto de servicio': 'true'}, {'Depósito o cuarto útil': 'true'}, {'Estudio o biblioteca': 'true'}, {'Piso en baldosa': 'true'}, {'Piso en madera': 'true'}, {'Piso en porcelanato': 'true'}, {'Zona de lavanderia': 'true'}, {'Despensa': 'true'}, {'Dúplex': 'true'}, {'Horno': 'true'}, {'Luz en la mañana': 'true'}, {'Luz en la tarde': 'true'}, {'Número de piso 5': 'true'}, {'PentHouse': 'true'}, {'Puerta eléctrica': 'true'}, {'Shut de basura': 'true'}, {'Walking closet': 'true'}, {'Cerca a gimnasio': 'true'}, {'Cerca a hospitales': 'true'}, {'Cerca a Jardines y Colegios': 'true'}, {'Cerca a restaurantes': 'true'}, {'Cerca a tiendas de barrio': 'true'}, {'Ubicado en edificio': 'true'}, {'Acceso con tarjetas o dispositivos': 'true'}, {'Ascensor': 'true'}, {'Características del Parqueadero cubierto': 'true'}, {'Parqueadero visitantes': 'true'}, {'Con Terraza': 'true'}, {'Recepción Lobby': 'true'}, {'Roof garden': 'true'}, {'Tipo de parqueadero propio': 'true'}, {'Cerca Centros Comerciales': 'true'}, {'Cerca Colegios / Universidades': 'true'}, {'Cerca Parques': 'true'}, {'Cerca Supermercados': 'true'}, {'Cerca Transporte Público': 'true'}, {'Área Urbana': 'true'}, {'Cerca Centros Comerciales': 'true'}, {'Cerca Colegios / Universidades': 'true'}, {'Cerca Parques': 'true'}, {'Cerca Supermercados': 'true'}, {'Cerca Transporte Público': 'true'}, {'Área Urbana': 'true'}]}",2026-10-08 21:10:51.243560+00:00
https://www.metrocuadrado.com/inmueble/arriendo-apartamento-bogota-na-3-habitaciones-4-banos-4-garajes/4566-M6926563?src_url=%2Finmuebles%2Farriendo%2Fbogota%2F%3Fsearch%3Dform,"{'title': 'Apartamento En Arriendo, Chico Museo', 'location': 'Chico Museo, Bogotá D.C.', 'price': '$ 23.000.000', 'area': None, 'estrato': None, 'main_specs': '3 hab. | 4 bañ. | 4 par.', 'characteristics': [{'Número de piso 4': 'true'}, {'Depósito 1': 'true'}, {'Vigilancia': 'true'}]}",2026-10-08 21:10:55.893444+00:00
https://www.metrocuadrado.com/inmueble/arriendo-apartamento-bogota-la-soledad-3-habitaciones-3-banos-1-garajes/23202-M7121657?src_url=%2Finmuebles%2Farriendo%2Fbogota%2F%3Fsearch%3Dform,"{'title': 'Apartamento En Arriendo, PARKWAY', 'location': 'PARKWAY, Bogotá D.C.', 'price': '$ 4.500.000', 'area': None, 'estrato': None, 'main_specs': '3 hab. | 3 bañ. | 1 par.', 'characteristics': [{'Citófonos': 'true'}, {'Tipo de Cortinas persianas': 'true'}, {'Estudio o biblioteca': 'true'}, {'Hall de Alcobas': 'true'}, {'Puertas de seguridad': 'true'}, {'Zona de lavanderia': 'true'}, {'Dúplex': 'true'}, {'Extractor': 'true'}, {'Horno': 'true'}, {'Tipo instalación de gas natural': 'true'}, {'Número de piso 6': 'true'}, {'PentHouse': 'true'}, {'Se Permiten Mascotas': 'true'}, {'Tipo de calentador gas': 'true'}, {'Tipo de Cocina abierta': 'true'}, {'Tipo comedor comedor independiente': 'true'}, {'Depósito 1': 'true'}, {'Tipo de estufa gas': 'true'}, {'Vista exterior': 'true'}, {'Cerca a gimnasio': 'true'}, {'Cerca a hospitales': 'true'}, {'Cerca a Jardines y Colegios': 'true'}, {'Cerca a restaurantes': 'true'}, {'Salón comunal': 'true'}, {'Zonas verdes': 'true'}, {'Área Terraza/Balcón 5': 'true'}, {'Ascensor': 'true'}, {'Acceso para discapacitados': 'true'}, {'Circuito cerrado de TV': 'true'}, {'Parqueadero cubierto': 'true'}, {'Vista panorámica': 'true'}, {'Conjunto cerrado': 'true'}, {'Número de Ascensores 1': 'true'}, {'Terraza/Balcón terraza': 'true'}, {'Tipo de parqueadero propio': 'true'}, {'Vigilancia 24hrs': 'true'}, {'Cerca Centros Comerciales': 'true'}, {'Cerca Colegios / Universidades': 'true'}, {'Cerca Parques': 'true'}, {'Cerca Supermercados': 'true'}, {'Cerca Transporte Público': 'true'}, {'Sobre vía principal': 'true'}, {'Cerca Centros Comerciales': 'true'}, {'Cerca Colegios / Universidades': 'true'}, {'Cerca Parques': 'true'}, {'Cerca Supermercados': 'true'}, {'Cerca Transporte Público': 'true'}, {'Sobre vía principal': 'true'}]}",2026-10-08 21:11:01.154037+00:00
https://www.metrocuadrado.com/inmueble/arriendo-oficina-bogota-chico-norte-2-banos-2-garajes/17740-M7107864?src_url=%2Finmuebles%2Farriendo%2Fbogota%2F%3Fsearch%3Dform,"{'title': 'Oficina En Arriendo, CHICO', 'location': 'CHICO, Bogotá D.C.', 'price': '$ 7.800.000', 'area': None, 'estrato': None, 'main_specs': '2 bañ. | 2 par.', 'characteristics': [{'Aire acondicionado': 'true'}, {'Puertas de seguridad': 'true'}, {'Escalera de Emergencia': 'true'}, {'Número de piso 5': 'true'}, {'Salón de conferencias': 'true'}, {'Tipo de oficina edificio': 'true'}, {'Tipo de acabado piso alfombra': 'true'}, {'Vista exterior': 'true'}, {'Ascensor': 'true'}, {'Circuito cerrado de TV': 'true'}, {'Parqueadero cubierto': 'true'}, {'Vista panorámica': 'true'}, {'Número de Ascensores 2': 'true'}, {'Recepción Lobby': 'true'}, {'Vigilancia 24hrs': 'true'}, {'Cerca Centros Comerciales': 'true'}, {'Cerca Parques': 'true'}, {'Cerca Transporte Público': 'true'}, {'Sobre vía secundaria': 'true'}, {'Cerca Centros Comerciales': 'true'}, {'Cerca Parques': 'true'}, {'Cerca Transporte Público': 'true'}, {'Sobre vía secundaria': 'true'}]}",2026-10-08 21:11:05.749233+00:00
https://www.metrocuadrado.com/inmueble/arriendo-apartamento-bogota-ciudad-salitre-sur-oriental-3-habitaciones-2-banos-1-garajes/MC7092798?src_url=%2Finmuebles%2Farriendo%2Fbogota%2F%3Fsearch%3Dform,"{'title': 'Apartamento En Arriendo, SALITRE ORIENTAL', 'location': 'SALITRE ORIENTAL, Bogotá D.C.', 'price': '$ 3.900.000', 'area': None, 'estrato': None, 'main_specs': '3 hab. | 2 bañ. | 1 par.', 'characteristics': [{'Baño Auxiliar': 'true'}, {'Citófonos': 'true'}, {'Cocina integral': 'true'}, {'Estudio o biblioteca': 'true'}, {'Piso en madera': 'true'}, {'Zona de lavanderia': 'true'}, {'Despensa': 'true'}, {'Extractor': 'true'}, {'Horno': 'true'}, {'Lavaplatos': 'true'}, {'Número de piso 3': 'true'}, {'Puerta eléctrica': 'true'}, {'Walking closet': 'true'}, {'Cerca a gimnasio': 'true'}, {'Cerca a hospitales': 'true'}, {'Cerca a Jardines y Colegios': 'true'}, {'Cerca a parque industrial': 'true'}, {'Cerca a restaurantes': 'true'}, {'Cerca a tiendas de barrio': 'true'}, {'Salón comunal': 'true'}, {'Zona para niños': 'true'}, {'Ubicado en edificio': 'true'}, {'Acceso con tarjetas o dispositivos': 'true'}, {'Ascensor': 'true'}, {'Bahias de parqueo': 'true'}, {'Características del Parqueadero cubierto': 'true'}, {'Parqueadero visitantes': 'true'}, {'Vigilancia': 'true'}, {'Conjunto cerrado': 'true'}, {'Recepción Lobby': 'true'}, {'Tipo de parqueadero propio': 'true'}, {'Cerca Centros Comerciales': 'true'}, {'Cerca Colegios / Universidades': 'true'}, {'Cerca Parques': 'true'}, {'Cerca Supermercados': 'true'}, {'Cerca Transporte Público': 'true'}, {'Área Urbana': 'true'}, {'Cerca Centros Comerciales': 'true'}, {'Cerca Colegios / Universidades': 'true'}, {'Cerca Parques': 'true'}, {'Cerca Supermercados': 'true'}, {'Cerca Transporte Público': 'true'}, {'Área Urbana': 'true'}]}",2026-10-08 21:11:10.978772+00:00
https://www.metrocuadrado.com/inmueble/arriendo-apartamento-bogota-alfonso-lopez-1-habitaciones-1-banos/MC6924288?src_url=%2Finmuebles%2Farriendo%2Fbogota%2F%3Fsearch%3Dform,"{'title': 'Apartamento En Arriendo, ALFONSO LOPEZ Chapinero Alto', 'location': 'ALFONSO LOPEZ Chapinero Alto, Bogotá D.C.', 'price': '$ 1.100.000', 'area': None, 'estrato': None, 'main_specs': '1 hab. | 1 bañ.', 'characteristics': [{'Número de piso 1': 'true'}, {'Ubicado en edificio': 'true'}, {'Cerca Centros Comerciales': 'true'}, {'Cerca Colegios / Universidades': 'true'}, {'Cerca Parques': 'true'}, {'Cerca Supermercados': 'true'}, {'Cerca Transporte Público': 'true'}]}",2026-10-08 21:11:15.601239+00:00
https://www.metrocuadrado.com/inmueble/arriendo-apartamento-bogota-los-cedritos-1-habitaciones-1-banos-1-garajes/MC7097898?src_url=%2Finmuebles%2Farriendo%2Fbogota%2F%3Fsearch%3Dform,"{'title': 'Apartamento En Arriendo, CEDRITOS Cedritos', 'location': 'CEDRITOS Cedritos, Bogotá D.C.', 'price': '$ 2.000.000', 'area': None, 'estrato': None, 'main_specs': '1 hab. | 1 bañ. | 1 par.', 'characteristics': [{'Número de piso 4': 'true'}, {'Características del Parqueadero cubierto': 'true'}, {'Tipo de parqueadero propio': 'true'}]}",2026-10-08 21:11:20.677479+00:00
https://www.metrocuadrado.com/inmueble/arriendo-apartamento-bogota-alfonso-lopez-1-habitaciones-1-banos/MC4210878?src_url=%2Finmuebles%2Farriendo%2Fbogota%2F%3Fsearch%3Dform,"{'title': 'Apartamento En Arriendo, GALERIAS', 'location': 'GALERIAS, Bogotá D.C.', 'price': '$ 1.450.000', 'area': None, 'estrato': None, 'main_specs': '1 hab. | 1 bañ.', 'characteristics': [{'Número de piso 2': 'true'}, {'Cerca Centros Comerciales': 'true'}, {'Cerca Colegios / Universidades': 'true'}, {'Cerca Parques': 'true'}, {'Cerca Supermercados': 'true'}, {'Cerca Transporte Público': 'true'}, {'Cerca Centros Comerciales': 'true'}, {'Cerca Colegios / Universidades': 'true'}, {'Cerca Parques': 'true'}, {'Cerca Supermercados': 'true'}, {'Cerca Transporte Público': 'true'}]}",2026-10-08 21:11:25.903950+00:00
https://www.metrocuadrado.com/inmueble/arriendo-apartaestudio-bogota-samper-1-habitaciones-1-banos-1-garajes/MC6765825?src_url=%2Finmuebles%2Farriendo%2Fbogota%2F%3Fsearch%3Dform,"{'title': 'Apartaestudio En Arriendo, Centro Internacional', 'location': 'Centro Internacional , Bogotá D.C.', 'price': '$ 2.650.000', 'area': None, 'estrato': None, 'main_specs': '1 hab. | 1 bañ. | 1 par.', 'characteristics': [{'Cocina Tipo Americano': 'true'}, {'Piso en madera': 'true'}, {'Detección de humo': 'true'}, {'Extractor': 'true'}, {'Número de piso 18': 'true'}, {'Cerca a gimnasio': 'true'}, {'Cerca a hospitales': 'true'}, {'Cerca a restaurantes': 'true'}, {'Zonas verdes': 'true'}, {'Ubicado en edificio': 'true'}, {'Acceso con tarjetas o dispositivos': 'true'}, {'Ascensor': 'true'}, {'Características del Parqueadero cubierto': 'true'}, {'Piscina': 'true'}, {'Con Terraza': 'true'}, {'Vigilancia': 'true'}, {'Parqueadero inteligente': 'true'}, {'Recepción Lobby': 'true'}, {'Roof garden': 'true'}, {'Terraza Rooftop': 'true'}, {'Tipo de parqueadero propio': 'true'}, {'Cerca Centros Comerciales': 'true'}, {'Cerca Colegios / Universidades': 'true'}, {'Cerca Parques': 'true'}, {'Cerca Supermercados': 'true'}, {'Cerca Transporte Público': 'true'}, {'Ubicación zona centros negocios': 'true'}, {'Área Urbana': 'true'}, {'Cerca Centros Comerciales': 'true'}, {'Cerca Colegios / Universidades': 'true'}, {'Cerca Parques': 'true'}, {'Cerca Supermercados': 'true'}, {'Cerca Transporte Público': 'true'}, {'Ubicación zona centros negocios': 'true'}, {'Área Urbana': 'true'}]}",2026-10-08 21:11:31.091550+00:00
https://www.metrocuadrado.com/inmueble/arriendo-apartamento-bogota-antiguo-country-2-habitaciones-2-banos-2-garajes/18574-M7120612?src_url=%2Finmuebles%2Farriendo%2Fbogota%2F%3Fsearch%3Dform,"{'title': 'Apartamento En Arriendo, ANTIGUO COUNTRY', 'location': 'ANTIGUO COUNTRY, Bogotá D.C.', 'price': '$ 5.120.000', 'area': None, 'estrato': None, 'main_specs': '2 hab. | 2 bañ. | 2 par.', 'characteristics': [{'Tipo de Cortinas persianas': 'true'}, {'Puertas de seguridad': 'true'}, {'Zona de lavanderia': 'true'}, {'Tipo instalación de gas natural': 'true'}, {'Número de Closets 2': 'true'}, {'Número de piso 2': 'true'}, {'Tipo de calentador caldera': 'true'}, {'Tipo de Cocina abierta': 'true'}, {'Tipo comedor sala comedor': 'true'}, {'Depósito 0': 'true'}, {'Tipo de estufa gas': 'true'}, {'Vista exterior': 'true'}, {'Zona de BBQ': 'true'}, {'Acceso con tarjetas o dispositivos': 'true'}, {'Circuito cerrado de TV': 'true'}, {'Parqueadero cubierto': 'true'}, {'Conjunto cerrado': 'true'}, {'Terraza Rooftop': 'true'}, {'Tipo de parqueadero servidumbre': 'true'}, {'Vigilancia 0': 'true'}, {'Cerca Transporte Público': 'true'}, {'Sobre vía secundaria': 'true'}, {'Cerca Transporte Público': 'true'}, {'Sobre vía secundaria': 'true'}]}",2026-10-08 21:11:35.734908+00:00
https://www.metrocuadrado.com/inmueble/arriendo-oficina-bogota-chico-norte-5-banos-4-garajes/MC7036594?src_url=%2Finmuebles%2Farriendo%2Fbogota%2F%3Fsearch%3Dform,"{'title': 'Oficina En Arriendo, CHICO Zona Urbana', 'location': 'CHICO Zona Urbana, Bogotá D.C.', 'price': '$ 33.829.150', 'area': None, 'estrato': None, 'main_specs': '5 bañ. | 4 par.', 'characteristics': [{'Baño Auxiliar': 'true'}, {'Cocineta': 'true'}, {'Depósito o cuarto útil': 'true'}, {'Piso en baldosa': 'true'}, {'Piso en madera': 'true'}, {'Depósito Bodega': 'true'}, {'Escalera de Emergencia': 'true'}, {'Número de piso 2': 'true'}, {'Zonas verdes': 'true'}, {'Ubicado en edificio': 'true'}, {'Acceso con tarjetas o dispositivos': 'true'}, {'Ascensor': 'true'}, {'Planta eléctrica': 'true'}, {'Vigilancia': 'true'}, {'Recepción Lobby': 'true'}, {'Sistema contra incendio': 'true'}, {'Tipo de parqueadero propio': 'true'}, {'Cerca Centros Comerciales': 'true'}, {'Cerca Parques': 'true'}, {'Cerca Supermercados': 'true'}, {'Cerca Transporte Público': 'true'}, {'Ubicación zona centros negocios': 'true'}, {'Cerca Centros Comerciales': 'true'}, {'Cerca Parques': 'true'}, {'Cerca Supermercados': 'true'}, {'Cerca Transporte Público': 'true'}, {'Ubicación zona centros negocios': 'true'}]}",2026-10-08 21:11:40.854007+00:00
https://www.metrocuadrado.com/sistema-alarma-seguridad?cd_origin=result_result-grid_detail-card,"{'title': None, 'location': None, 'price': None, 'area': None, 'estrato': None, 'main_specs': None, 'characteristics': [{'key_0': 'true'}]}",2026-10-08 21:12:45.615284+00:00
https://www.metrocuadrado.com/inmueble/arriendo-bodega-bogota-el-tintal-4-garajes/MC6817315?src_url=%2Finmuebles%2Farriendo%2Fbogota%2F%3Fsearch%3Dform,"{'title': 'Bodega En Arriendo, SANTA PAZ Kennedy', 'location': 'SANTA PAZ Kennedy, Bogotá D.C.', 'price': '$ 45.000.000', 'area': None, 'estrato': None, 'main_specs': '4 par.', 'characteristics': [{'Almacen': 'true'}, {'Altura Libre': 'true'}, {'Depósito o cuarto útil': 'true'}, {'Con oficinas': 'true'}, {'Tipo bodega industrial': 'true'}, {'Cerca a gimnasio': 'true'}, {'Cerca a hospitales': 'true'}, {'Cerca a parque industrial': 'true'}, {'Tanques de agua': 'true'}, {'Acceso para Camiones': 'true'}, {'Características del Parqueadero descubierto': 'true'}, {'Parqueadero visitantes': 'true'}, {'Planta eléctrica': 'true'}, {'Puerta acceso para tractomulas': 'true'}, {'Puerta acceso para tractomulas camiones': 'true'}, {'Tipo de parqueadero propio': 'true'}, {'Área Urbana': 'true'}, {'Bomba de Gasolina': 'true'}, {'Cerca Centros Comerciales': 'true'}, {'Cerca Transporte Público': 'true'}, {'Restaurantes': 'true'}, {'Ubicación zona centros negocios': 'true'}, {'Zona Industrial': 'true'}, {'Área Urbana': 'true'}, {'Bomba de Gasolina': 'true'}, {'Cerca Centros Comerciales': 'true'}, {'Cerca Transporte Público': 'true'}, {'Restaurantes': 'true'}, {'Ubicación zona centros negocios': 'true'}, {'Zona Industrial': 'true'}]}",2026-10-08 21:12:50.841531+00:00
https://www.metrocuadrado.com/inmueble/arriendo-oficina-bogota-chico-norte-5-banos-3-garajes/MC7036592?src_url=%2Finmuebles%2Farriendo%2Fbogota%2F%3Fsearch%3Dform,"{'title': 'Oficina En Arriendo, CHICO Zona Urbana', 'location': 'CHICO Zona Urbana, Bogotá D.C.', 'price': '$ 23.144.450', 'area': None, 'estrato': None, 'main_specs': '5 bañ. | 3 par.', 'characteristics': [{'Aire acondicionado': 'true'}, {'Cocineta': 'true'}, {'Depósito o cuarto útil': 'true'}, {'Equipado / Amoblado': 'true'}, {'Piso en baldosa': 'true'}, {'Depósito Bodega': 'true'}, {'Detección de humo': 'true'}, {'Equipado': 'true'}, {'Escalera de Emergencia': 'true'}, {'Número de piso 1': 'true'}, {'Zonas verdes': 'true'}, {'Ubicado en edificio': 'true'}, {'Acceso con tarjetas o dispositivos': 'true'}, {'Ascensor': 'true'}, {'Planta eléctrica': 'true'}, {'Vigilancia': 'true'}, {'Recepción Lobby': 'true'}, {'Sistema contra incendio': 'true'}, {'Tipo de parqueadero propio': 'true'}, {'Cerca Parques': 'true'}, {'Cerca Supermercados': 'true'}, {'Cerca Transporte Público': 'true'}, {'Ubicación zona centros negocios': 'true'}, {'Cerca Parques': 'true'}, {'Cerca Supermercados': 'true'}, {'Cerca Transporte Público': 'true'}, {'Ubicación zona centros negocios': 'true'}]}",2026-10-08 21:12:55.947452+00:00
https://www.metrocuadrado.com/inmueble/arriendo-apartamento-bogota-centro-internacional-1-habitaciones-2-banos-1-garajes/21362-M7109397?src_url=%2Finmuebles%2Farriendo%2Fbogota%2F%3Fsearch%3Dform,"{'title': 'Apartamento En Arriendo, Centro Internacional', 'location': 'Centro Internacional, Bogotá D.C.', 'price': '$ 3.200.000', 'area': None, 'estrato': None, 'main_specs': '1 hab. | 2 bañ. | 1 par.', 'characteristics': [{'Tipo instalación de gas natural': 'true'}, {'Tipo de calentador no tiene': 'true'}, {'Tipo comedor sala comedor': 'true'}, {'Tipo de estufa gas': 'true'}, {'Tipo de acabado piso laminado': 'true'}, {'Tipo de piso en alcobas laminado': 'true'}, {'Tipo de piso en comedor laminado': 'true'}, {'Tipo de piso en estudio laminado': 'true'}, {'Tipo de piso en sala laminado': 'true'}, {'Vigilancia': 'true'}, {'Vigilancia 24hrs': 'true'}]}",2026-10-08 21:13:00.453402+00:00
https://www.metrocuadrado.com/inmueble/arriendo-local-comercial-bogota-pardo-rubio-3-banos/MC7103188?src_url=%2Finmuebles%2Farriendo%2Fbogota%2F%3Fsearch%3Dform,"{'title': 'Local Comercial En Arriendo, Pardo Rubio Chapinero Chapinero Alto', 'location': 'Pardo Rubio Chapinero Chapinero Alto, Bogotá D.C.', 'price': '$ 3.500.000', 'area': None, 'estrato': None, 'main_specs': '3 bañ.', 'characteristics': [{'Baño Auxiliar': 'true'}, {'Número local 1': 'true'}, {'Número de piso 1': 'true'}, {'Ventilación Natural': 'true'}, {'Cerca a hospitales': 'true'}, {'Cerca Colegios / Universidades': 'true'}, {'Cerca Supermercados': 'true'}, {'Cerca Transporte Público': 'true'}, {'Ubicación zona centros negocios': 'true'}, {'Área Urbana': 'true'}, {'Cerca Colegios / Universidades': 'true'}, {'Cerca Supermercados': 'true'}, {'Cerca Transporte Público': 'true'}, {'Ubicación zona centros negocios': 'true'}, {'Área Urbana': 'true'}]}",2026-10-08 21:13:05.693587+00:00
https://www.metrocuadrado.com/inmueble/arriendo-apartamento-bogota-usaquen-cedritos-1-habitaciones-1-banos-1-garajes/359-M7100290?src_url=%2Finmuebles%2Farriendo%2Fbogota%2F%3Fsearch%3Dform,"{'title': 'Apartamento En Arriendo, Usaquen Cedritos', 'location': 'Usaquen Cedritos, Bogotá D.C.', 'price': '$ 1.800.400', 'area': None, 'estrato': None, 'main_specs': '1 hab. | 1 bañ. | 1 par.', 'characteristics': [{'Citófonos': 'true'}, {'Cocina Tipo Americano': 'true'}, {'Cocina integral': 'true'}, {'Jacuzzi': 'true'}, {'Puertas de seguridad': 'true'}, {'Zona de lavanderia': 'true'}, {'Número de Closets 1': 'true'}, {'Tipo de calentador no tiene': 'true'}, {'Tipo de acabado piso madera': 'true'}, {'Gimnasio': 'true'}, {'Salón comunal': 'true'}, {'Sauna y/o turco': 'true'}, {'Zona de BBQ': 'true'}, {'Ascensor': 'true'}, {'Conjunto cerrado': 'true'}, {'Cerca Centros Comerciales': 'true'}, {'Cerca Colegios / Universidades': 'true'}, {'Cerca Parques': 'true'}, {'Cerca Transporte Público': 'true'}, {'Sobre vía secundaria': 'true'}, {'Área Urbana': 'true'}, {'Cerca Centros Comerciales': 'true'}, {'Cerca Colegios / Universidades': 'true'}, {'Cerca Parques': 'true'}, {'Cerca Transporte Público': 'true'}, {'Sobre vía secundaria': 'true'}, {'Área Urbana': 'true'}]}",2026-10-08 21:13:10.451726+00:00
https://www.metrocuadrado.com/inmueble/arriendo-casa-bogota-usaquen-cedritos-5-habitaciones-4-banos-2-garajes/359-M6687316?src_url=%2Finmuebles%2Farriendo%2Fbogota%2F%3Fsearch%3Dform,"{'title': 'Casa En Arriendo, Usaquen Cedritos', 'location': 'Usaquen Cedritos, Bogotá D.C.', 'price': '$ 5.500.000', 'area': None, 'estrato': None, 'main_specs': '5 hab. | 4 bañ. | 2 par.', 'characteristics': [{'Con chimenea': 'true'}, {'Cocina Tipo Americano': 'true'}, {'Cocina integral': 'true'}, {'Puertas de seguridad': 'true'}, {'Número de Closets 1': 'true'}, {'Tipo de calentador no tiene': 'true'}, {'Tipo de acabado piso madera': 'true'}, {'Vista exterior': 'true'}, {'Vista panorámica': 'true'}, {'Cerca Centros Comerciales': 'true'}, {'Cerca Colegios / Universidades': 'true'}, {'Cerca Parques': 'true'}, {'Cerca Transporte Público': 'true'}, {'Sobre vía secundaria': 'true'}, {'Área Urbana': 'true'}, {'Cerca Centros Comerciales': 'true'}, {'Cerca Colegios / Universidades': 'true'}, {'Cerca Parques': 'true'}, {'Cerca Transporte Público': 'true'}, {'Sobre vía secundaria': 'true'}, {'Área Urbana': 'true'}]}",2026-10-08 21:13:15.002991+00:00
https://www.metrocuadrado.com/inmueble/arriendo-apartamento-bogota-chapinero-antiguo-country-1-habitaciones-2-banos-2-garajes/359-M6938917?src_url=%2Finmuebles%2Farriendo%2Fbogota%2F%3Fsearch%3Dform,"{'title': 'Apartamento En Arriendo, Chapinero Antiguo Country', 'location': 'Chapinero Antiguo Country, Bogotá D.C.', 'price': '$ 4.500.000', 'area': None, 'estrato': None, 'main_specs': '1 hab. | 2 bañ. | 2 par.', 'characteristics': [{'Alarma': 'true'}, {'Cocina Tipo Americano': 'true'}, {'Cocina integral': 'true'}, {'Puertas de seguridad': 'true'}, {'Número de Closets 1': 'true'}, {'Tipo de calentador no tiene': 'true'}, {'Tipo de acabado piso madera': 'true'}, {'Vista interior': 'true'}, {'Gimnasio': 'true'}, {'Salón comunal': 'true'}, {'Ascensor': 'true'}, {'Vigilancia': 'true'}, {'Cerca Parques': 'true'}, {'Cerca Transporte Público': 'true'}, {'Sobre vía secundaria': 'true'}, {'Área Urbana': 'true'}, {'Cerca Parques': 'true'}, {'Cerca Transporte Público': 'true'}, {'Sobre vía secundaria': 'true'}, {'Área Urbana': 'true'}]}",2026-10-08 21:13:20.002279+00:00
https://www.metrocuadrado.com/inmueble/arriendo-apartamento-bogota-villa-maria-2-habitaciones-1-banos-1-garajes/21416-M7123921?src_url=%2Finmuebles%2Farriendo%2Fbogota%2F%3Fsearch%3Dform,"{'title': 'Apartamento En Arriendo, SUBA VILLA MARIA', 'location': 'SUBA VILLA MARIA, Bogotá D.C.', 'price': '$ 1.650.000', 'area': None, 'estrato': None, 'main_specs': '2 hab. | 1 bañ. | 1 par.', 'characteristics': [{'Apto para niños': 'true'}, {'Citófonos': 'true'}, {'Tipo de Cortinas persianas': 'true'}, {'En interior y/o bloque': 'true'}, {'Extractor': 'true'}, {'Tipo instalación de gas natural': 'true'}, {'Luz en la mañana': 'true'}, {'Luz en la tarde': 'true'}, {'Número de Closets 1': 'true'}, {'Número de piso 6': 'true'}, {'Se Permiten Mascotas': 'true'}, {'Shut de basura': 'true'}, {'Tipo de calentador gas': 'true'}, {'Tipo de Cocina abierta': 'true'}, {'Tipo comedor sala comedor': 'true'}, {'Depósito 0': 'true'}, {'Tipo de estufa gas': 'true'}, {'Tipo de acabado piso laminado': 'true'}, {'Tipo de piso en alcobas laminado': 'true'}, {'Tipo de piso en comedor laminado': 'true'}, {'Tipo de piso en estudio laminado': 'true'}, {'Tipo de piso en sala laminado': 'true'}, {'Vista exterior': 'true'}, {'Cerca a gimnasio': 'true'}, {'Cerca a Jardines y Colegios': 'true'}, {'Cerca a restaurantes': 'true'}, {'Cerca a tiendas de barrio': 'true'}, {'Salón comunal': 'true'}, {'Zona para niños': 'true'}, {'Ascensor': 'true'}, {'Circuito cerrado de TV': 'true'}, {'Parqueadero cubierto': 'true'}, {'Conjunto cerrado': 'true'}, {'Número de Ascensores 2': 'true'}, {'Terraza/Balcón ninguno': 'true'}, {'Tipo de parqueadero propio': 'true'}, {'Vigilancia 12hrs': 'true'}, {'Cerca Centros Comerciales': 'true'}, {'Cerca Colegios / Universidades': 'true'}, {'Cerca Parques': 'true'}, {'Cerca Supermercados': 'true'}, {'Cerca Transporte Público': 'true'}, {'Sobre vía secundaria': 'true'}, {'Cerca Centros Comerciales': 'true'}, {'Cerca Colegios / Universidades': 'true'}, {'Cerca Parques': 'true'}, {'Cerca Supermercados': 'true'}, {'Cerca Transporte Público': 'true'}, {'Sobre vía secundaria': 'true'}]}",2026-10-08 21:13:25.170334+00:00
https://www.metrocuadrado.com/inmueble/arriendo-apartamento-bogota-la-carolina-3-habitaciones-3-banos-2-garajes/2671-M7019924?src_url=%2Finmuebles%2Farriendo%2Fbogota%2F%3Fsearch%3Dform,"{'title': 'Apartamento En Arriendo, La Carolina', 'location': 'La Carolina, Bogotá D.C.', 'price': '$ 14.681.000', 'area': None, 'estrato': None, 'main_specs': '3 hab. | 3 bañ. | 2 par.', 'characteristics': [{'Apto para niños': 'true'}, {'Alarma': 'true'}, {'Con chimenea': 'true'}, {'Cuarto de servicio': 'true'}, {'Estudio o biblioteca': 'true'}, {'Hall de Alcobas': 'true'}, {'Equipado / Amoblado': 'true'}, {'Despensa': 'true'}, {'Tipo instalación de gas natural': 'true'}, {'Lavaplatos': 'true'}, {'Luz en la mañana': 'true'}, {'Luz en la tarde': 'true'}, {'Número de piso 10': 'true'}, {'Se Permite Fumar': 'true'}, {'Se Permiten Mascotas': 'true'}, {'Tipo comedor sala comedor': 'true'}, {'Tipo de estufa gas': 'true'}, {'Cerca a gimnasio': 'true'}, {'Cerca a Jardines y Colegios': 'true'}, {'Cerca a restaurantes': 'true'}, {'Cancha(s) de Tennis': 'true'}, {'Gimnasio': 'true'}, {'Zona para niños': 'true'}, {'Zonas verdes': 'true'}, {'Ascensor': 'true'}, {'Parqueadero visitantes': 'true'}, {'Vista panorámica': 'true'}, {'Terraza/Balcón ninguno': 'true'}, {'Tipo de parqueadero independiente': 'true'}, {'Vigilancia 24hrs': 'true'}, {'Cerca Centros Comerciales': 'true'}, {'Cerca Parques': 'true'}, {'Cerca Supermercados': 'true'}, {'Cerca Transporte Público': 'true'}, {'Área Urbana': 'true'}, {'Cerca Centros Comerciales': 'true'}, {'Cerca Parques': 'true'}, {'Cerca Supermercados': 'true'}, {'Cerca Transporte Público': 'true'}, {'Área Urbana': 'true'}]}",2026-10-08 21:13:29.845899+00:00
https://www.metrocuadrado.com/inmueble/arriendo-apartamento-bogota-rosales-3-habitaciones-4-banos-3-garajes/14236-M6988415?src_url=%2Finmuebles%2Farriendo%2Fbogota%2F%3Fsearch%3Dform,"{'title': 'Apartamento En Arriendo, Rosales', 'location': 'Rosales, Bogotá D.C.', 'price': '$ 13.000.000', 'area': None, 'estrato': None, 'main_specs': '3 hab. | 4 bañ. | 3 par.', 'characteristics': [{'Baño Auxiliar': 'true'}, {'Baño de Servicio': 'true'}, {'Con calefacción': 'true'}, {'Con chimenea': 'true'}, {'Citófonos': 'true'}, {'Cocina Tipo Americano': 'true'}, {'Cocina integral': 'true'}, {'Cuarto de servicio': 'true'}, {'Estudio o biblioteca': 'true'}, {'Hall de Alcobas': 'true'}, {'Zona de lavanderia': 'true'}, {'Despensa': 'true'}, {'Extractor': 'true'}, {'Horno': 'true'}, {'Lavaplatos': 'true'}, {'Luz en la mañana': 'true'}, {'Luz en la tarde': 'true'}, {'Monoambiente': 'true'}, {'Número de piso 5': 'true'}, {'Depósito 1': 'true'}, {'Walking closet': 'true'}, {'Cerca a Jardines y Colegios': 'true'}, {'Cerca a restaurantes': 'true'}, {'Acceso con tarjetas o dispositivos': 'true'}, {'Ascensor': 'true'}, {'Bahias de parqueo': 'true'}, {'Circuito cerrado de TV': 'true'}, {'Con Terraza': 'true'}, {'Vigilancia': 'true'}, {'Vista panorámica': 'true'}, {'Recepción Lobby': 'true'}, {'Terraza/Balcón balcón': 'true'}, {'Terraza Rooftop': 'true'}, {'Cerca Colegios / Universidades': 'true'}, {'Cerca Parques': 'true'}, {'Área Urbana': 'true'}, {'Cerca Colegios / Universidades': 'true'}, {'Cerca Parques': 'true'}, {'Área Urbana': 'true'}]}",2026-10-08 21:13:34.652433+00:00
https://www.metrocuadrado.com/inmueble/arriendo-oficina-bogota-chico-norte-5-banos-4-garajes/5161-M6850388?src_url=%2Finmuebles%2Farriendo%2Fbogota%2F%3Fsearch%3Dform,"{'title': 'Oficina En Arriendo, CHICO NORTE', 'location': 'CHICO NORTE, Bogotá D.C.', 'price': '$ 23.930.000', 'area': None, 'estrato': None, 'main_specs': '5 bañ. | 4 par.', 'characteristics': [{'Citófonos': 'true'}, {'Equipado / Amoblado': 'true'}, {'Puertas de seguridad': 'true'}, {'Control térmico': 'true'}, {'Depósito Bodega': 'true'}, {'Detección de humo': 'true'}, {'Equipado': 'true'}, {'Escalera de Emergencia': 'true'}, {'Número de piso 1': 'true'}, {'Se Permite Fumar': 'true'}, {'Tipo de oficina edificio': 'true'}, {'Vista exterior': 'true'}, {'Cerca a gimnasio': 'true'}, {'Cerca a hospitales': 'true'}, {'Acceso con tarjetas o dispositivos': 'true'}, {'Ascensor': 'true'}, {'Acceso para discapacitados': 'true'}, {'Circuito cerrado de TV': 'true'}, {'Parqueadero cubierto': 'true'}, {'Vista panorámica': 'true'}, {'Generador eléctrico': 'true'}, {'Jardines': 'true'}, {'Número de Ascensores 1': 'true'}, {'Recepción Lobby': 'true'}, {'Salón de juegos': 'true'}, {'Sistema contra incendio': 'true'}, {'Vigilancia 24hrs': 'true'}, {'Cerca Centros Comerciales': 'true'}, {'Cerca Colegios / Universidades': 'true'}, {'Cerca Parques': 'true'}, {'Cerca Supermercados': 'true'}, {'Cerca Transporte Público': 'true'}, {'Sobre vía principal': 'true'}, {'Sobre vía secundaria': 'true'}, {'Ubicación zona centros negocios': 'true'}, {'Cerca Centros Comerciales': 'true'}, {'Cerca Colegios / Universidades': 'true'}, {'Cerca Parques': 'true'}, {'Cerca Supermercados': 'true'}, {'Cerca Transporte Público': 'true'}, {'Sobre vía principal': 'true'}, {'Sobre vía secundaria': 'true'}, {'Ubicación zona centros negocios': 'true'}]}",2026-10-08 21:13:39.312691+00:00
https://www.metrocuadrado.com/inmueble/arriendo-oficina-bogota-chico-norte-2-banos-2-garajes/4137-M7131905?src_url=%2Finmuebles%2Farriendo%2Fbogota%2F%3Fsearch%3Dform,"{'title': 'Oficina En Arriendo, CHICO ORIENTAL', 'location': 'CHICO ORIENTAL, Bogotá D.C.', 'price': '$ 15.000.000', 'area': None, 'estrato': None, 'main_specs': '2 bañ. | 2 par.', 'characteristics': [{'Aire acondicionado': 'true'}, {'Con calefacción': 'true'}, {'Puertas de seguridad': 'true'}, {'Control de ruido': 'true'}, {'Control térmico': 'true'}, {'Depósito Bodega': 'true'}, {'Detección de humo': 'true'}, {'Equipado': 'true'}, {'Escalera de Emergencia': 'true'}, {'Número de piso 5': 'true'}, {'Salón de conferencias': 'true'}, {'Se Permite Fumar': 'true'}, {'Tipo de oficina edificio': 'true'}, {'Tipo de acabado piso laminado': 'true'}, {'Vista exterior': 'true'}, {'Cerca a gimnasio': 'true'}, {'Cerca a hospitales': 'true'}, {'Cerca a parque industrial': 'true'}, {'Acceso con tarjetas o dispositivos': 'true'}, {'Ascensor': 'true'}, {'Acceso para discapacitados': 'true'}, {'Parqueadero cubierto': 'true'}, {'Jardines': 'true'}, {'Número de Ascensores 3': 'true'}, {'Recepción Lobby': 'true'}, {'Salón de juegos': 'true'}, {'Sistema contra incendio': 'true'}, {'Vigilancia 24hrs': 'true'}, {'Cerca Centros Comerciales': 'true'}, {'Cerca Colegios / Universidades': 'true'}, {'Cerca Parques': 'true'}, {'Cerca Supermercados': 'true'}, {'Cerca Transporte Público': 'true'}, {'Sobre vía secundaria': 'true'}, {'Ubicación zona centros negocios': 'true'}, {'Cerca Centros Comerciales': 'true'}, {'Cerca Colegios / Universidades': 'true'}, {'Cerca Parques': 'true'}, {'Cerca Supermercados': 'true'}, {'Cerca Transporte Público': 'true'}, {'Sobre vía secundaria': 'true'}, {'Ubicación zona centros negocios': 'true'}]}",2026-10-08 21:13:43.946368+00:00
https://www.metrocuadrado.com/inmueble/arriendo-apartamento-bogota-molinos-norte-4-habitaciones-4-banos-2-garajes/4535-M7038904?src_url=%2Finmuebles%2Farriendo%2Fbogota%2F%3Fsearch%3Dform,"{'title': 'Apartamento En Arriendo, SANTA PAULA', 'location': 'SANTA PAULA, Bogotá D.C.', 'price': '$ 6.398.000', 'area': None, 'estrato': None, 'main_specs': '4 hab. | 4 bañ. | 2 par.', 'characteristics': [{'Apto para niños': 'true'}, {'Citófonos': 'true'}, {'Cuarto de servicio': 'true'}, {'Estudio o biblioteca': 'true'}, {'Zona de lavanderia': 'true'}, {'Horno': 'true'}, {'Tipo instalación de gas natural': 'true'}, {'Lavaplatos': 'true'}, {'Número de Closets 4': 'true'}, {'Número de piso 4': 'true'}, {'Tipo de calentador gas': 'true'}, {'Tipo de Cocina en l': 'true'}, {'Tipo comedor comedor independiente': 'true'}, {'Depósito 1': 'true'}, {'Tipo de estufa gas': 'true'}, {'Vista interior': 'true'}, {'Cerca a gimnasio': 'true'}, {'Cerca a hospitales': 'true'}, {'Cerca a Jardines y Colegios': 'true'}, {'Cerca a restaurantes': 'true'}, {'Ascensor': 'true'}, {'Circuito cerrado de TV': 'true'}, {'Parqueadero cubierto': 'true'}, {'Número de Ascensores 1': 'true'}, {'Terraza/Balcón ninguno': 'true'}, {'Tipo de parqueadero independiente': 'true'}, {'Vigilancia 12hrs': 'true'}, {'Cerca Centros Comerciales': 'true'}, {'Cerca Colegios / Universidades': 'true'}, {'Cerca Parques': 'true'}, {'Cerca Supermercados': 'true'}, {'Cerca Transporte Público': 'true'}, {'Sobre vía secundaria': 'true'}, {'Cerca Centros Comerciales': 'true'}, {'Cerca Colegios / Universidades': 'true'}, {'Cerca Parques': 'true'}, {'Cerca Supermercados': 'true'}, {'Cerca Transporte Público': 'true'}, {'Sobre vía secundaria': 'true'}]}",2026-10-08 21:13:48.624489+00:00
https://www.metrocuadrado.com/inmueble/arriendo-apartamento-bogota-cerros-de-niza-3-habitaciones-4-banos-2-garajes/2671-M7021382?src_url=%2Finmuebles%2Farriendo%2Fbogota%2F%3Fsearch%3Dform,"{'title': 'Apartamento En Arriendo, Cerros De Niza', 'location': 'Cerros De Niza, Bogotá D.C.', 'price': '$ 8.900.000', 'area': None, 'estrato': None, 'main_specs': '3 hab. | 4 bañ. | 2 par.', 'characteristics': [{'Apto para niños': 'true'}, {'Alarma': 'true'}, {'Cuarto de servicio': 'true'}, {'Estudio o biblioteca': 'true'}, {'Hall de Alcobas': 'true'}, {'Equipado / Amoblado': 'true'}, {'Despensa': 'true'}, {'Tipo instalación de gas natural': 'true'}, {'Lavaplatos': 'true'}, {'Luz en la mañana': 'true'}, {'Luz en la tarde': 'true'}, {'Número de piso 10': 'true'}, {'Se Permite Fumar': 'true'}, {'Se Permiten Mascotas': 'true'}, {'Tipo comedor sala comedor': 'true'}, {'Tipo de estufa gas': 'true'}, {'Cerca a gimnasio': 'true'}, {'Cerca a Jardines y Colegios': 'true'}, {'Cerca a restaurantes': 'true'}, {'Cancha(s) de Tennis': 'true'}, {'Gimnasio': 'true'}, {'Sauna y/o turco': 'true'}, {'Zona para niños': 'true'}, {'Zonas verdes': 'true'}, {'Área Terraza/Balcón 8.0': 'true'}, {'Ascensor': 'true'}, {'Parqueadero visitantes': 'true'}, {'Vista panorámica': 'true'}, {'Terraza/Balcón terraza': 'true'}, {'Tipo de parqueadero independiente': 'true'}, {'Vigilancia 24hrs': 'true'}, {'Cerca Centros Comerciales': 'true'}, {'Cerca Parques': 'true'}, {'Cerca Supermercados': 'true'}, {'Cerca Transporte Público': 'true'}, {'Área Urbana': 'true'}, {'Cerca Centros Comerciales': 'true'}, {'Cerca Parques': 'true'}, {'Cerca Supermercados': 'true'}, {'Cerca Transporte Público': 'true'}, {'Área Urbana': 'true'}]}",2026-10-08 21:13:53.152757+00:00
https://www.metrocuadrado.com/inmueble/arriendo-oficina-bogota-chico-norte-et-ii-3-banos-2-garajes/4137-M7132214?src_url=%2Finmuebles%2Farriendo%2Fbogota%2F%3Fsearch%3Dform,"{'title': 'Oficina En Arriendo, Chico', 'location': 'Chico, Bogotá D.C.', 'price': '$ 20.014.400', 'area': None, 'estrato': None, 'main_specs': '3 bañ. | 2 par.', 'characteristics': [{'Citófonos': 'true'}, {'Puertas de seguridad': 'true'}, {'Control de ruido': 'true'}, {'Control térmico': 'true'}, {'Depósito Bodega': 'true'}, {'Detección de humo': 'true'}, {'Equipado': 'true'}, {'Escalera de Emergencia': 'true'}, {'Número de piso 1': 'true'}, {'Salón de conferencias': 'true'}, {'Se Permite Fumar': 'true'}, {'Tipo de oficina edificio': 'true'}, {'Vista exterior': 'true'}, {'Cerca a gimnasio': 'true'}, {'Cerca a hospitales': 'true'}, {'Cerca a parque industrial': 'true'}, {'Acceso con tarjetas o dispositivos': 'true'}, {'Ascensor': 'true'}, {'Acceso para discapacitados': 'true'}, {'Circuito cerrado de TV': 'true'}, {'Parqueadero cubierto': 'true'}, {'Vista panorámica': 'true'}, {'Jardines': 'true'}, {'Número de Ascensores 2': 'true'}, {'Salón de juegos': 'true'}, {'Sistema contra incendio': 'true'}, {'Vigilancia 24hrs': 'true'}, {'Cerca Centros Comerciales': 'true'}, {'Cerca Colegios / Universidades': 'true'}, {'Cerca Parques': 'true'}, {'Cerca Supermercados': 'true'}, {'Cerca Transporte Público': 'true'}, {'Sobre vía principal': 'true'}, {'Sobre vía secundaria': 'true'}, {'Cerca Centros Comerciales': 'true'}, {'Cerca Colegios / Universidades': 'true'}, {'Cerca Parques': 'true'}, {'Cerca Supermercados': 'true'}, {'Cerca Transporte Público': 'true'}, {'Sobre vía principal': 'true'}, {'Sobre vía secundaria': 'true'}]}",2026-10-08 21:13:57.856881+00:00
https://www.metrocuadrado.com/inmueble/arriendo-oficina-bogota-chico-norte-5-banos-4-garajes/5161-M6850391?src_url=%2Finmuebles%2Farriendo%2Fbogota%2F%3Fsearch%3Dform,"{'title': 'Oficina En Arriendo, CHICO NORTE', 'location': 'CHICO NORTE, Bogotá D.C.', 'price': '$ 12.000.000', 'area': None, 'estrato': None, 'main_specs': '5 bañ. | 4 par.', 'characteristics': [{'Citófonos': 'true'}, {'Equipado / Amoblado': 'true'}, {'Puertas de seguridad': 'true'}, {'Control térmico': 'true'}, {'Depósito Bodega': 'true'}, {'Detección de humo': 'true'}, {'Equipado': 'true'}, {'Escalera de Emergencia': 'true'}, {'Número de piso 1': 'true'}, {'Se Permite Fumar': 'true'}, {'Tipo de oficina edificio': 'true'}, {'Vista exterior': 'true'}, {'Cerca a gimnasio': 'true'}, {'Cerca a hospitales': 'true'}, {'Acceso con tarjetas o dispositivos': 'true'}, {'Ascensor': 'true'}, {'Acceso para discapacitados': 'true'}, {'Circuito cerrado de TV': 'true'}, {'Parqueadero cubierto': 'true'}, {'Vista panorámica': 'true'}, {'Generador eléctrico': 'true'}, {'Jardines': 'true'}, {'Número de Ascensores 1': 'true'}, {'Recepción Lobby': 'true'}, {'Salón de juegos': 'true'}, {'Sistema contra incendio': 'true'}, {'Vigilancia 24hrs': 'true'}, {'Cerca Centros Comerciales': 'true'}, {'Cerca Colegios / Universidades': 'true'}, {'Cerca Parques': 'true'}, {'Cerca Supermercados': 'true'}, {'Cerca Transporte Público': 'true'}, {'Sobre vía principal': 'true'}, {'Sobre vía secundaria': 'true'}, {'Ubicación zona centros negocios': 'true'}, {'Cerca Centros Comerciales': 'true'}, {'Cerca Colegios / Universidades': 'true'}, {'Cerca Parques': 'true'}, {'Cerca Supermercados': 'true'}, {'Cerca Transporte Público': 'true'}, {'Sobre vía principal': 'true'}, {'Sobre vía secundaria': 'true'}, {'Ubicación zona centros negocios': 'true'}]}",2026-10-08 21:14:02.438495+00:00
https://www.metrocuadrado.com/inmueble/arriendo-oficina-bogota-chico-norte-5-banos-4-garajes/5161-M6850295?src_url=%2Finmuebles%2Farriendo%2Fbogota%2F%3Fsearch%3Dform,"{'title': 'Oficina En Arriendo, CHICO NORTE', 'location': 'CHICO NORTE, Bogotá D.C.', 'price': '$ 63.955.000', 'area': None, 'estrato': None, 'main_specs': '5 bañ. | 4 par.', 'characteristics': [{'Citófonos': 'true'}, {'Equipado / Amoblado': 'true'}, {'Puertas de seguridad': 'true'}, {'Control térmico': 'true'}, {'Depósito Bodega': 'true'}, {'Detección de humo': 'true'}, {'Equipado': 'true'}, {'Escalera de Emergencia': 'true'}, {'Número de piso 1': 'true'}, {'Se Permite Fumar': 'true'}, {'Tipo de oficina edificio': 'true'}, {'Vista exterior': 'true'}, {'Cerca a gimnasio': 'true'}, {'Cerca a hospitales': 'true'}, {'Acceso con tarjetas o dispositivos': 'true'}, {'Ascensor': 'true'}, {'Acceso para discapacitados': 'true'}, {'Circuito cerrado de TV': 'true'}, {'Parqueadero cubierto': 'true'}, {'Vista panorámica': 'true'}, {'Generador eléctrico': 'true'}, {'Jardines': 'true'}, {'Número de Ascensores 1': 'true'}, {'Recepción Lobby': 'true'}, {'Salón de juegos': 'true'}, {'Sistema contra incendio': 'true'}, {'Vigilancia 24hrs': 'true'}, {'Cerca Centros Comerciales': 'true'}, {'Cerca Colegios / Universidades': 'true'}, {'Cerca Parques': 'true'}, {'Cerca Supermercados': 'true'}, {'Cerca Transporte Público': 'true'}, {'Sobre vía principal': 'true'}, {'Sobre vía secundaria': 'true'}, {'Ubicación zona centros negocios': 'true'}, {'Cerca Centros Comerciales': 'true'}, {'Cerca Colegios / Universidades': 'true'}, {'Cerca Parques': 'true'}, {'Cerca Supermercados': 'true'}, {'Cerca Transporte Público': 'true'}, {'Sobre vía principal': 'true'}, {'Sobre vía secundaria': 'true'}, {'Ubicación zona centros negocios': 'true'}]}",2026-10-08 21:14:07.134288+00:00
https://www.metrocuadrado.com/inmueble/arriendo-oficina-bogota-chico-norte-2-banos-2-garajes/4137-M7131947?src_url=%2Finmuebles%2Farriendo%2Fbogota%2F%3Fsearch%3Dform,"{'title': 'Oficina En Arriendo, CHICO', 'location': 'CHICO, Bogotá D.C.', 'price': '$ 15.000.000', 'area': None, 'estrato': None, 'main_specs': '2 bañ. | 2 par.', 'characteristics': [{'Citófonos': 'true'}, {'Puertas de seguridad': 'true'}, {'Control de ruido': 'true'}, {'Control térmico': 'true'}, {'Depósito Bodega': 'true'}, {'Detección de humo': 'true'}, {'Equipado': 'true'}, {'Escalera de Emergencia': 'true'}, {'Número de piso 5': 'true'}, {'Salón de conferencias': 'true'}, {'Se Permite Fumar': 'true'}, {'Tipo de oficina edificio': 'true'}, {'Tipo de acabado piso laminado': 'true'}, {'Vista exterior': 'true'}, {'Cerca a gimnasio': 'true'}, {'Cerca a hospitales': 'true'}, {'Cerca a parque industrial': 'true'}, {'Acceso con tarjetas o dispositivos': 'true'}, {'Ascensor': 'true'}, {'Acceso para discapacitados': 'true'}, {'Circuito cerrado de TV': 'true'}, {'Parqueadero cubierto': 'true'}, {'Vista panorámica': 'true'}, {'Generador eléctrico': 'true'}, {'Jardines': 'true'}, {'Número de Ascensores 2': 'true'}, {'Recepción Lobby': 'true'}, {'Salón de juegos': 'true'}, {'Sistema contra incendio': 'true'}, {'Vigilancia 24hrs': 'true'}, {'Cerca Centros Comerciales': 'true'}, {'Cerca Colegios / Universidades': 'true'}, {'Cerca Parques': 'true'}, {'Cerca Supermercados': 'true'}, {'Cerca Transporte Público': 'true'}, {'Cerca Centros Comerciales': 'true'}, {'Cerca Colegios / Universidades': 'true'}, {'Cerca Parques': 'true'}, {'Cerca Supermercados': 'true'}, {'Cerca Transporte Público': 'true'}]}",2026-10-08 21:14:11.902253+00:00
https://www.metrocuadrado.com/inmueble/arriendo-apartamento-bogota-refugio-3-habitaciones-4-banos-2-garajes/11203-M7030906?src_url=%2Finmuebles%2Farriendo%2Fbogota%2F%3Fsearch%3Dform,"{'title': 'Apartamento En Arriendo, Refugio', 'location': 'Refugio, Bogotá D.C.', 'price': '$ 18.500.000', 'area': None, 'estrato': None, 'main_specs': '3 hab. | 4 bañ. | 2 par.', 'characteristics': [{'Baño Auxiliar': 'true'}, {'Baño de Servicio': 'true'}, {'Con calefacción': 'true'}, {'Con chimenea': 'true'}, {'Citófonos': 'true'}, {'Cocina integral': 'true'}, {'Comedor auxiliar': 'true'}, {'Depósito o cuarto útil': 'true'}, {'Jacuzzi': 'true'}, {'Equipado / Amoblado': 'true'}, {'Zona de lavanderia': 'true'}, {'Control de ruido': 'true'}, {'Control térmico': 'true'}, {'Despensa': 'true'}, {'Luz en la mañana': 'true'}, {'Luz en la tarde': 'true'}, {'Número de piso 9': 'true'}, {'Shut de basura': 'true'}, {'Depósito 1': 'true'}, {'Cerca a restaurantes': 'true'}, {'Cerca a tiendas de barrio': 'true'}, {'Zona para niños': 'true'}, {'Zonas verdes': 'true'}, {'Ascensor': 'true'}, {'Bahias de parqueo': 'true'}, {'Parqueadero visitantes': 'true'}, {'Con Terraza': 'true'}, {'Vigilancia': 'true'}, {'Vista panorámica': 'true'}, {'Conjunto cerrado': 'true'}, {'Recepción Lobby': 'true'}, {'Terraza Rooftop': 'true'}, {'Cerca Colegios / Universidades': 'true'}, {'Cerca Parques': 'true'}, {'Cerca Transporte Público': 'true'}, {'Sobre vía principal': 'true'}, {'Área Urbana': 'true'}, {'Cerca Colegios / Universidades': 'true'}, {'Cerca Parques': 'true'}, {'Cerca Transporte Público': 'true'}, {'Sobre vía principal': 'true'}, {'Área Urbana': 'true'}]}",2026-10-08 21:14:16.591729+00:00
https://www.metrocuadrado.com/inmueble/arriendo-oficina-bogota-samper-mendoza-5-banos-4-garajes/848-M4896577?src_url=%2Finmuebles%2Farriendo%2Fbogota%2F%3Fsearch%3Dform,"{'title': 'Oficina En Arriendo, COLSEGUROS', 'location': 'COLSEGUROS, Bogotá D.C.', 'price': '$ 279.210.294', 'area': None, 'estrato': None, 'main_specs': '5 bañ. | 4 par.', 'characteristics': [{'Citófonos': 'true'}, {'Puertas de seguridad': 'true'}, {'Control de ruido': 'true'}, {'Control térmico': 'true'}, {'Detección de humo': 'true'}, {'Escalera de Emergencia': 'true'}, {'Número de piso 7': 'true'}, {'Salón de conferencias': 'true'}, {'Se Permite Fumar': 'true'}, {'Tipo de oficina edificio': 'true'}, {'Tipo de acabado piso alfombra': 'true'}, {'Vista exterior': 'true'}, {'Cerca a gimnasio': 'true'}, {'Cerca a hospitales': 'true'}, {'Cerca a parque industrial': 'true'}, {'Acceso con tarjetas o dispositivos': 'true'}, {'Ascensor': 'true'}, {'Acceso para discapacitados': 'true'}, {'Circuito cerrado de TV': 'true'}, {'Parqueadero cubierto': 'true'}, {'Vista panorámica': 'true'}, {'Número de Ascensores 3': 'true'}, {'Recepción Lobby': 'true'}, {'Salón de juegos': 'true'}, {'Sistema contra incendio': 'true'}, {'Vigilancia 24hrs': 'true'}, {'Cerca Centros Comerciales': 'true'}, {'Cerca Parques': 'true'}, {'Cerca Supermercados': 'true'}, {'Cerca Transporte Público': 'true'}, {'Sobre vía principal': 'true'}, {'Sobre vía secundaria': 'true'}, {'Ubicación zona centros negocios': 'true'}, {'Cerca Centros Comerciales': 'true'}, {'Cerca Parques': 'true'}, {'Cerca Supermercados': 'true'}, {'Cerca Transporte Público': 'true'}, {'Sobre vía principal': 'true'}, {'Sobre vía secundaria': 'true'}, {'Ubicación zona centros negocios': 'true'}]}",2026-10-08 21:14:21.316512+00:00
https://www.metrocuadrado.com/inmueble/arriendo-apartamento-bogota-bosque-medina-3-habitaciones-3-banos-2-garajes/16577-M6942489?src_url=%2Finmuebles%2Farriendo%2Fbogota%2F%3Fsearch%3Dform,"{'title': 'Apartamento En Arriendo, Bosque Medina', 'location': 'Bosque Medina, Bogotá D.C.', 'price': '$ 10.611.000', 'area': None, 'estrato': None, 'main_specs': '3 hab. | 3 bañ. | 2 par.', 'characteristics': [{'Baño Auxiliar': 'true'}, {'Baño de Servicio': 'true'}, {'Con calefacción': 'true'}, {'Con chimenea': 'true'}, {'Citófonos': 'true'}, {'Cocina integral': 'true'}, {'Comedor auxiliar': 'true'}, {'Cuarto de servicio': 'true'}, {'Estudio o biblioteca': 'true'}, {'Hall de Alcobas': 'true'}, {'Zona de lavanderia': 'true'}, {'Despensa': 'true'}, {'Extractor': 'true'}, {'Horno': 'true'}, {'Lavaplatos': 'true'}, {'Luz en la mañana': 'true'}, {'Monoambiente': 'true'}, {'Número de piso 5': 'true'}, {'Shut de basura': 'true'}, {'Depósito 1': 'true'}, {'Walking closet': 'true'}, {'Cerca a Jardines y Colegios': 'true'}, {'Salón comunal': 'true'}, {'Zona para niños': 'true'}, {'Zonas verdes': 'true'}, {'Ascensor': 'true'}, {'Bahias de parqueo': 'true'}, {'Circuito cerrado de TV': 'true'}, {'Parqueadero visitantes': 'true'}, {'Vigilancia': 'true'}, {'Conjunto cerrado': 'true'}, {'Recepción Lobby': 'true'}, {'Cerca Colegios / Universidades': 'true'}, {'Cerca Parques': 'true'}, {'Cerca Transporte Público': 'true'}, {'Área Urbana': 'true'}, {'Cerca Colegios / Universidades': 'true'}, {'Cerca Parques': 'true'}, {'Cerca Transporte Público': 'true'}, {'Área Urbana': 'true'}]}",2026-10-08 21:14:26.050070+00:00
https://www.metrocuadrado.com/inmueble/arriendo-apartamento-bogota-santa-bibiana-3-habitaciones-3-banos-1-garajes/438-M7132373?src_url=%2Finmuebles%2Farriendo%2Fbogota%2F%3Fsearch%3Dform,"{'title': 'Apartamento En Arriendo, SANTA BIBIANA', 'location': 'SANTA BIBIANA, Bogotá D.C.', 'price': '$ 5.150.000', 'area': None, 'estrato': None, 'main_specs': '3 hab. | 3 bañ. | 1 par.', 'characteristics': [{'Con chimenea': 'true'}, {'Hall de Alcobas': 'true'}, {'Zona de lavanderia': 'true'}, {'Tipo instalación de gas natural': 'true'}, {'Luz en la mañana': 'true'}, {'Luz en la tarde': 'true'}, {'Número de Closets 3': 'true'}, {'Número de piso 1': 'true'}, {'Tipo de Cocina abierta': 'true'}, {'Tipo comedor sala comedor': 'true'}, {'Tipo de estufa gas': 'true'}, {'Tipo de acabado piso laminado': 'true'}, {'Tipo de piso en alcobas laminado': 'true'}, {'Tipo de piso en comedor laminado': 'true'}, {'Tipo de piso en sala laminado': 'true'}, {'Vista interior': 'true'}, {'Cerca a gimnasio': 'true'}, {'Cerca a hospitales': 'true'}, {'Cerca a Jardines y Colegios': 'true'}, {'Cerca a restaurantes': 'true'}, {'Cerca a tiendas de barrio': 'true'}, {'Salón comunal': 'true'}, {'Zona de BBQ': 'true'}, {'Zona para niños': 'true'}, {'Área Terraza/Balcón 2': 'true'}, {'Parqueadero cubierto': 'true'}, {'Conjunto cerrado': 'true'}, {'Terraza/Balcón terraza': 'true'}, {'Vigilancia 12hrs': 'true'}, {'Cerca Centros Comerciales': 'true'}, {'Cerca Colegios / Universidades': 'true'}, {'Cerca Parques': 'true'}, {'Cerca Supermercados': 'true'}, {'Cerca Transporte Público': 'true'}, {'Sobre vía secundaria': 'true'}, {'Cerca Centros Comerciales': 'true'}, {'Cerca Colegios / Universidades': 'true'}, {'Cerca Parques': 'true'}, {'Cerca Supermercados': 'true'}, {'Cerca Transporte Público': 'true'}, {'Sobre vía secundaria': 'true'}]}",2026-10-08 21:14:31.209288+00:00
https://www.metrocuadrado.com/inmueble/arriendo-apartamento-bogota-chico-norte-1-habitaciones-1-banos/21282-M6399062?src_url=%2Finmuebles%2Farriendo%2Fbogota%2F%3Fsearch%3Dform,"{'title': 'Apartamento En Arriendo, CHICO NORTE', 'location': 'CHICO NORTE, Bogotá D.C.', 'price': '$ 3.915.818', 'area': None, 'estrato': None, 'main_specs': '1 hab. | 1 bañ.', 'characteristics': [{'Tipo de Cortinas con velos': 'true'}, {'Zona de lavanderia': 'true'}, {'Despensa': 'true'}, {'Detección de humo': 'true'}, {'Extractor': 'true'}, {'Horno': 'true'}, {'Tipo instalación de gas ninguno': 'true'}, {'Lavaplatos': 'true'}, {'Monoambiente': 'true'}, {'Número de Closets 1': 'true'}, {'Número de piso 2': 'true'}, {'Se Permiten Mascotas': 'true'}, {'Shut de basura': 'true'}, {'Tipo de calentador caldera': 'true'}, {'Tipo de Cocina abierta': 'true'}, {'Tipo comedor sala comedor': 'true'}, {'Depósito 0': 'true'}, {'Tipo de estufa electrica': 'true'}, {'Vista exterior': 'true'}, {'Cerca a hospitales': 'true'}, {'Cerca a restaurantes': 'true'}, {'Cancha(s) de Tennis': 'true'}, {'Gimnasio': 'true'}, {'Salón comunal': 'true'}, {'Zona de BBQ': 'true'}, {'Zonas verdes': 'true'}, {'Acceso con tarjetas o dispositivos': 'true'}, {'Área Terraza/Balcón 2': 'true'}, {'Ascensor': 'true'}, {'Bahias de parqueo': 'true'}, {'Acceso para discapacitados': 'true'}, {'Circuito cerrado de TV': 'true'}, {'Vista panorámica': 'true'}, {'Conjunto cerrado': 'true'}, {'Número de Ascensores 4': 'true'}, {'Recepción Lobby': 'true'}, {'Terraza/Balcón balcón': 'true'}, {'Terraza Rooftop': 'true'}, {'Cerca Centros Comerciales': 'true'}, {'Cerca Colegios / Universidades': 'true'}, {'Cerca Parques': 'true'}, {'Cerca Supermercados': 'true'}, {'Cerca Transporte Público': 'true'}, {'Sobre vía principal': 'true'}, {'Cerca Centros Comerciales': 'true'}, {'Cerca Colegios / Universidades': 'true'}, {'Cerca Parques': 'true'}, {'Cerca Supermercados': 'true'}, {'Cerca Transporte Público': 'true'}, {'Sobre vía principal': 'true'}]}",2026-10-08 21:14:36.336154+00:00
https://www.metrocuadrado.com/inmueble/arriendo-apartamento-bogota-santa-barbara-2-habitaciones-2-banos-2-garajes/3858-M6767263?src_url=%2Finmuebles%2Farriendo%2Fbogota%2F%3Fsearch%3Dform,"{'title': 'Apartamento En Arriendo, Santa Barbara', 'location': 'Santa Barbara, Bogotá D.C.', 'price': '$ 3.990.000', 'area': None, 'estrato': None, 'main_specs': '2 hab. | 2 bañ. | 2 par.', 'characteristics': [{'Baño Auxiliar': 'true'}, {'Baño de Servicio': 'true'}, {'Con calefacción': 'true'}, {'Con chimenea': 'true'}, {'Citófonos': 'true'}, {'Cocina Tipo Americano': 'true'}, {'Cocina integral': 'true'}, {'Depósito o cuarto útil': 'true'}, {'Zona de lavanderia': 'true'}, {'Despensa': 'true'}, {'Extractor': 'true'}, {'Horno': 'true'}, {'Lavaplatos': 'true'}, {'Luz en la mañana': 'true'}, {'Luz en la tarde': 'true'}, {'Número de piso 3': 'true'}, {'Shut de basura': 'true'}, {'Depósito 1': 'true'}, {'Walking closet': 'true'}, {'Cerca a hospitales': 'true'}, {'Cerca a Jardines y Colegios': 'true'}, {'Cerca a restaurantes': 'true'}, {'Cerca a tiendas de barrio': 'true'}, {'Cancha(s) de Basket': 'true'}, {'Cancha(s) de Fútbol': 'true'}, {'Gimnasio': 'true'}, {'Salón comunal': 'true'}, {'Zona de BBQ': 'true'}, {'Zona para niños': 'true'}, {'Zonas verdes': 'true'}, {'Ascensor': 'true'}, {'Bahias de parqueo': 'true'}, {'Circuito cerrado de TV': 'true'}, {'Parqueadero visitantes': 'true'}, {'Con Terraza': 'true'}, {'Vigilancia': 'true'}, {'Conjunto cerrado': 'true'}, {'Recepción Lobby': 'true'}, {'Roof garden': 'true'}, {'Terraza Rooftop': 'true'}, {'Cerca Colegios / Universidades': 'true'}, {'Cerca Parques': 'true'}, {'Cerca Transporte Público': 'true'}, {'Área Urbana': 'true'}, {'Cerca Colegios / Universidades': 'true'}, {'Cerca Parques': 'true'}, {'Cerca Transporte Público': 'true'}, {'Área Urbana': 'true'}]}",2026-10-08 21:14:41.680971+00:00
https://www.metrocuadrado.com/inmueble/arriendo-apartamento-bogota-ilarco-3-habitaciones-4-banos-2-garajes/2671-M7021354?src_url=%2Finmuebles%2Farriendo%2Fbogota%2F%3Fsearch%3Dform,"{'title': 'Apartamento En Arriendo, Ilarco', 'location': 'Ilarco, Bogotá D.C.', 'price': '$ 8.080.000', 'area': None, 'estrato': None, 'main_specs': '3 hab. | 4 bañ. | 2 par.', 'characteristics': [{'Apto para niños': 'true'}, {'Alarma': 'true'}, {'Cuarto de servicio': 'true'}, {'Estudio o biblioteca': 'true'}, {'Hall de Alcobas': 'true'}, {'Jacuzzi': 'true'}, {'Despensa': 'true'}, {'Tipo instalación de gas natural': 'true'}, {'Lavaplatos': 'true'}, {'Luz en la mañana': 'true'}, {'Luz en la tarde': 'true'}, {'Número de piso 7': 'true'}, {'Se Permite Fumar': 'true'}, {'Se Permiten Mascotas': 'true'}, {'Tipo comedor sala comedor': 'true'}, {'Tipo de estufa gas': 'true'}, {'Cerca a gimnasio': 'true'}, {'Cerca a Jardines y Colegios': 'true'}, {'Cerca a restaurantes': 'true'}, {'Gimnasio': 'true'}, {'Zona para niños': 'true'}, {'Zonas verdes': 'true'}, {'Área Terraza/Balcón 22.0': 'true'}, {'Ascensor': 'true'}, {'Parqueadero visitantes': 'true'}, {'Piscina': 'true'}, {'Vista panorámica': 'true'}, {'Terraza/Balcón terraza': 'true'}, {'Tipo de parqueadero independiente': 'true'}, {'Vigilancia 24hrs': 'true'}, {'Cerca Centros Comerciales': 'true'}, {'Cerca Parques': 'true'}, {'Cerca Supermercados': 'true'}, {'Cerca Transporte Público': 'true'}, {'Área Urbana': 'true'}, {'Cerca Centros Comerciales': 'true'}, {'Cerca Parques': 'true'}, {'Cerca Supermercados': 'true'}, {'Cerca Transporte Público': 'true'}, {'Área Urbana': 'true'}]}",2026-10-08 21:14:46.356752+00:00
https://www.metrocuadrado.com/inmueble/arriendo-oficina-bogota-chico-norte-5-banos-4-garajes/5161-M6850358?src_url=%2Finmuebles%2Farriendo%2Fbogota%2F%3Fsearch%3Dform,"{'title': 'Oficina En Arriendo, CHICO NORTE', 'location': 'CHICO NORTE, Bogotá D.C.', 'price': '$ 28.025.000', 'area': None, 'estrato': None, 'main_specs': '5 bañ. | 4 par.', 'characteristics': [{'Citófonos': 'true'}, {'Equipado / Amoblado': 'true'}, {'Puertas de seguridad': 'true'}, {'Control térmico': 'true'}, {'Depósito Bodega': 'true'}, {'Detección de humo': 'true'}, {'Equipado': 'true'}, {'Escalera de Emergencia': 'true'}, {'Número de piso 1': 'true'}, {'Se Permite Fumar': 'true'}, {'Tipo de oficina edificio': 'true'}, {'Vista exterior': 'true'}, {'Cerca a gimnasio': 'true'}, {'Cerca a hospitales': 'true'}, {'Acceso con tarjetas o dispositivos': 'true'}, {'Ascensor': 'true'}, {'Acceso para discapacitados': 'true'}, {'Circuito cerrado de TV': 'true'}, {'Parqueadero cubierto': 'true'}, {'Vista panorámica': 'true'}, {'Generador eléctrico': 'true'}, {'Jardines': 'true'}, {'Número de Ascensores 1': 'true'}, {'Recepción Lobby': 'true'}, {'Salón de juegos': 'true'}, {'Sistema contra incendio': 'true'}, {'Vigilancia 24hrs': 'true'}, {'Cerca Centros Comerciales': 'true'}, {'Cerca Colegios / Universidades': 'true'}, {'Cerca Parques': 'true'}, {'Cerca Supermercados': 'true'}, {'Cerca Transporte Público': 'true'}, {'Sobre vía principal': 'true'}, {'Sobre vía secundaria': 'true'}, {'Ubicación zona centros negocios': 'true'}, {'Cerca Centros Comerciales': 'true'}, {'Cerca Colegios / Universidades': 'true'}, {'Cerca Parques': 'true'}, {'Cerca Supermercados': 'true'}, {'Cerca Transporte Público': 'true'}, {'Sobre vía principal': 'true'}, {'Sobre vía secundaria': 'true'}, {'Ubicación zona centros negocios': 'true'}]}",2026-10-08 21:14:50.977489+00:00
https://www.metrocuadrado.com/inmueble/arriendo-apartamento-bogota-chico-3-habitaciones-2-banos-4-garajes/10139-M6666884?src_url=%2Finmuebles%2Farriendo%2Fbogota%2F%3Fsearch%3Dform,"{'title': 'Apartamento En Arriendo, CHICO NORTE', 'location': 'CHICO NORTE, Bogotá D.C.', 'price': '$ 15.000.000', 'area': None, 'estrato': None, 'main_specs': '3 hab. | 2 bañ. | 4 par.', 'characteristics': [{'Apto para niños': 'true'}, {'Con chimenea': 'true'}, {'Citófonos': 'true'}, {'Cuarto de servicio': 'true'}, {'Estudio o biblioteca': 'true'}, {'Hall de Alcobas': 'true'}, {'Zona de lavanderia': 'true'}, {'Tipo instalación de gas natural': 'true'}, {'Luz en la mañana': 'true'}, {'Luz en la tarde': 'true'}, {'Número de Closets 1': 'true'}, {'Número de piso 7': 'true'}, {'Tipo de calentador gas': 'true'}, {'Tipo de Cocina en l': 'true'}, {'Tipo comedor comedor independiente': 'true'}, {'Depósito 1': 'true'}, {'Tipo de estufa gas': 'true'}, {'Tipo de acabado piso madera': 'true'}, {'Tipo de piso en alcobas madera': 'true'}, {'Tipo de piso en comedor madera': 'true'}, {'Tipo de piso en estudio madera': 'true'}, {'Tipo de piso en sala madera': 'true'}, {'Vista exterior': 'true'}, {'Área Terraza/Balcón 40': 'true'}, {'Ascensor': 'true'}, {'Parqueadero cubierto': 'true'}, {'Número de Ascensores 2': 'true'}, {'Terraza/Balcón terraza': 'true'}, {'Tipo de parqueadero servidumbre': 'true'}, {'Vigilancia 24hrs': 'true'}, {'Cerca Centros Comerciales': 'true'}, {'Cerca Parques': 'true'}, {'Cerca Supermercados': 'true'}, {'Cerca Transporte Público': 'true'}, {'Sobre vía secundaria': 'true'}, {'Cerca Centros Comerciales': 'true'}, {'Cerca Parques': 'true'}, {'Cerca Supermercados': 'true'}, {'Cerca Transporte Público': 'true'}, {'Sobre vía secundaria': 'true'}]}",2026-10-08 21:14:55.635390+00:00
https://www.metrocuadrado.com/inmueble/arriendo-apartamento-bogota-chico-3-habitaciones-5-banos-3-garajes/19579-M5855049?src_url=%2Finmuebles%2Farriendo%2Fbogota%2F%3Fsearch%3Dform,"{'title': 'Apartamento En Arriendo, Cabrera', 'location': 'Cabrera, Bogotá D.C.', 'price': '$ 15.998.000', 'area': None, 'estrato': None, 'main_specs': '3 hab. | 5 bañ. | 3 par.', 'characteristics': [{'Baño Auxiliar': 'true'}, {'Baño de Servicio': 'true'}, {'Con chimenea': 'true'}, {'Citófonos': 'true'}, {'Cocina Tipo Americano': 'true'}, {'Cocina integral': 'true'}, {'Comedor auxiliar': 'true'}, {'Cuarto de servicio': 'true'}, {'Estudio o biblioteca': 'true'}, {'Hall de Alcobas': 'true'}, {'Zona de lavanderia': 'true'}, {'Despensa': 'true'}, {'Monoambiente': 'true'}, {'Número de piso 9': 'true'}, {'Depósito 1': 'true'}, {'Tipo de acabado piso cerámica': 'true'}, {'Gimnasio': 'true'}, {'Jaula de Golf': 'true'}, {'Salón comunal': 'true'}, {'Sauna y/o turco': 'true'}, {'Zona para niños': 'true'}, {'Zonas verdes': 'true'}, {'Ascensor': 'true'}, {'Circuito cerrado de TV': 'true'}, {'Parqueadero visitantes': 'true'}, {'Piscina': 'true'}, {'Con Terraza': 'true'}, {'Vigilancia': 'true'}, {'Vista panorámica': 'true'}, {'Conjunto cerrado': 'true'}, {'Recepción Lobby': 'true'}, {'Terraza/Balcón balcón': 'true'}, {'Terraza Rooftop': 'true'}, {'Cerca Colegios / Universidades': 'true'}, {'Cerca Parques': 'true'}, {'Cerca Transporte Público': 'true'}, {'Área Urbana': 'true'}, {'Cerca Colegios / Universidades': 'true'}, {'Cerca Parques': 'true'}, {'Cerca Transporte Público': 'true'}, {'Área Urbana': 'true'}]}",2026-10-08 21:15:00.243997+00:00
https://www.metrocuadrado.com/inmueble/arriendo-oficina-bogota-chico-norte-5-banos-4-garajes/5161-M6850327?src_url=%2Finmuebles%2Farriendo%2Fbogota%2F%3Fsearch%3Dform,"{'title': 'Oficina En Arriendo, CHICO NORTE', 'location': 'CHICO NORTE, Bogotá D.C.', 'price': '$ 40.025.000', 'area': None, 'estrato': None, 'main_specs': '5 bañ. | 4 par.', 'characteristics': [{'Citófonos': 'true'}, {'Equipado / Amoblado': 'true'}, {'Puertas de seguridad': 'true'}, {'Control térmico': 'true'}, {'Depósito Bodega': 'true'}, {'Detección de humo': 'true'}, {'Equipado': 'true'}, {'Escalera de Emergencia': 'true'}, {'Número de piso 1': 'true'}, {'Se Permite Fumar': 'true'}, {'Tipo de oficina edificio': 'true'}, {'Vista exterior': 'true'}, {'Cerca a gimnasio': 'true'}, {'Cerca a hospitales': 'true'}, {'Acceso con tarjetas o dispositivos': 'true'}, {'Ascensor': 'true'}, {'Acceso para discapacitados': 'true'}, {'Circuito cerrado de TV': 'true'}, {'Parqueadero cubierto': 'true'}, {'Vista panorámica': 'true'}, {'Generador eléctrico': 'true'}, {'Jardines': 'true'}, {'Número de Ascensores 1': 'true'}, {'Recepción Lobby': 'true'}, {'Salón de juegos': 'true'}, {'Sistema contra incendio': 'true'}, {'Vigilancia 24hrs': 'true'}, {'Cerca Centros Comerciales': 'true'}, {'Cerca Colegios / Universidades': 'true'}, {'Cerca Parques': 'true'}, {'Cerca Supermercados': 'true'}, {'Cerca Transporte Público': 'true'}, {'Sobre vía principal': 'true'}, {'Sobre vía secundaria': 'true'}, {'Ubicación zona centros negocios': 'true'}, {'Cerca Centros Comerciales': 'true'}, {'Cerca Colegios / Universidades': 'true'}, {'Cerca Parques': 'true'}, {'Cerca Supermercados': 'true'}, {'Cerca Transporte Público': 'true'}, {'Sobre vía principal': 'true'}, {'Sobre vía secundaria': 'true'}, {'Ubicación zona centros negocios': 'true'}]}",2026-10-08 21:15:04.901698+00:00
https://www.metrocuadrado.com/inmueble/arriendo-casa-bogota-la-calera-3-habitaciones-3-banos-4-garajes/2671-M7038892?src_url=%2Finmuebles%2Farriendo%2Fbogota%2F%3Fsearch%3Dform,"{'title': 'Casa En Arriendo, La Calera', 'location': 'La Calera, Bogotá D.C.', 'price': '$ 13.000.000', 'area': None, 'estrato': None, 'main_specs': '3 hab. | 3 bañ. | 4 par.', 'characteristics': [{'Apto para niños': 'true'}, {'Alarma': 'true'}, {'Con chimenea': 'true'}, {'Cuarto de servicio': 'true'}, {'Estudio o biblioteca': 'true'}, {'Hall de Alcobas': 'true'}, {'Despensa': 'true'}, {'Tipo instalación de gas natural': 'true'}, {'Lavaplatos': 'true'}, {'Luz en la mañana': 'true'}, {'Luz en la tarde': 'true'}, {'Número de piso 1': 'true'}, {'Se Permite Fumar': 'true'}, {'Se Permiten Mascotas': 'true'}, {'Tipo de Cocina abierta': 'true'}, {'Tipo comedor sala comedor': 'true'}, {'Tipo de estufa gas': 'true'}, {'Cerca a gimnasio': 'true'}, {'Cerca a Jardines y Colegios': 'true'}, {'Cerca a restaurantes': 'true'}, {'Cancha(s) de Tennis': 'true'}, {'Gimnasio': 'true'}, {'Sauna y/o turco': 'true'}, {'Zona de BBQ': 'true'}, {'Zona para niños': 'true'}, {'Zonas verdes': 'true'}, {'Área Terraza/Balcón 20.0': 'true'}, {'Parqueadero visitantes': 'true'}, {'Piscina': 'true'}, {'Vista panorámica': 'true'}, {'Terraza/Balcón terraza': 'true'}, {'Tipo de parqueadero independiente': 'true'}, {'Vigilancia 24hrs': 'true'}, {'Cerca Centros Comerciales': 'true'}, {'Cerca Parques': 'true'}, {'Cerca Supermercados': 'true'}, {'Cerca Transporte Público': 'true'}, {'Área Urbana': 'true'}, {'Cerca Centros Comerciales': 'true'}, {'Cerca Parques': 'true'}, {'Cerca Supermercados': 'true'}, {'Cerca Transporte Público': 'true'}, {'Área Urbana': 'true'}]}",2026-10-08 21:15:09.647344+00:00
https://www.metrocuadrado.com/inmueble/arriendo-oficina-bogota-chico-norte-5-banos-4-garajes/5161-M6850264?src_url=%2Finmuebles%2Farriendo%2Fbogota%2F%3Fsearch%3Dform,"{'title': 'Oficina En Arriendo, CHICO NORTE', 'location': 'CHICO NORTE, Bogotá D.C.', 'price': '$ 86.275.000', 'area': None, 'estrato': None, 'main_specs': '5 bañ. | 4 par.', 'characteristics': [{'Citófonos': 'true'}, {'Equipado / Amoblado': 'true'}, {'Puertas de seguridad': 'true'}, {'Control térmico': 'true'}, {'Depósito Bodega': 'true'}, {'Detección de humo': 'true'}, {'Equipado': 'true'}, {'Escalera de Emergencia': 'true'}, {'Número de piso 1': 'true'}, {'Se Permite Fumar': 'true'}, {'Tipo de oficina edificio': 'true'}, {'Vista exterior': 'true'}, {'Cerca a gimnasio': 'true'}, {'Cerca a hospitales': 'true'}, {'Acceso con tarjetas o dispositivos': 'true'}, {'Ascensor': 'true'}, {'Acceso para discapacitados': 'true'}, {'Circuito cerrado de TV': 'true'}, {'Parqueadero cubierto': 'true'}, {'Vista panorámica': 'true'}, {'Generador eléctrico': 'true'}, {'Jardines': 'true'}, {'Número de Ascensores 1': 'true'}, {'Recepción Lobby': 'true'}, {'Salón de juegos': 'true'}, {'Sistema contra incendio': 'true'}, {'Vigilancia 24hrs': 'true'}, {'Cerca Centros Comerciales': 'true'}, {'Cerca Colegios / Universidades': 'true'}, {'Cerca Parques': 'true'}, {'Cerca Supermercados': 'true'}, {'Cerca Transporte Público': 'true'}, {'Sobre vía principal': 'true'}, {'Sobre vía secundaria': 'true'}, {'Ubicación zona centros negocios': 'true'}, {'Cerca Centros Comerciales': 'true'}, {'Cerca Colegios / Universidades': 'true'}, {'Cerca Parques': 'true'}, {'Cerca Supermercados': 'true'}, {'Cerca Transporte Público': 'true'}, {'Sobre vía principal': 'true'}, {'Sobre vía secundaria': 'true'}, {'Ubicación zona centros negocios': 'true'}]}",2026-10-08 21:15:14.266205+00:00
https://www.metrocuadrado.com/inmueble/arriendo-apartamento-bogota-bellavista-3-habitaciones-4-banos-4-garajes/23797-M7003164?src_url=%2Finmuebles%2Farriendo%2Fbogota%2F%3Fsearch%3Dform,"{'title': 'Apartamento En Arriendo, LAS ROSALES', 'location': 'LAS ROSALES, Bogotá D.C.', 'price': '$ 23.000.000', 'area': None, 'estrato': None, 'main_specs': '3 hab. | 4 bañ. | 4 par.', 'characteristics': [{'Zona de lavanderia': 'true'}, {'Tipo instalación de gas natural': 'true'}, {'Número de piso 8': 'true'}, {'Tipo de calentador gas': 'true'}, {'Tipo comedor comedor independiente': 'true'}, {'Depósito 2': 'true'}, {'Tipo de estufa gas': 'true'}, {'Vista exterior': 'true'}, {'Ascensor': 'true'}, {'Parqueadero cubierto': 'true'}, {'Conjunto cerrado': 'true'}, {'Número de Ascensores 1': 'true'}, {'Tipo de parqueadero propio': 'true'}]}",2026-10-08 21:15:18.850193+00:00
https://www.metrocuadrado.com/inmueble/arriendo-local-comercial-bogota-la-castellana/18479-M6933409?src_url=%2Finmuebles%2Farriendo%2Fbogota%2F%3Fsearch%3Dform,"{'title': 'Local Comercial En Arriendo, LA CASTELLANA', 'location': 'LA CASTELLANA, Bogotá D.C.', 'price': '$ 36.500.000', 'area': None, 'estrato': None, 'main_specs': None, 'characteristics': [{'Alarma': 'true'}, {'Depósito Bodega': 'true'}, {'Número de líneas teléfonicas 0': 'true'}, {'Número local 1': 'true'}, {'Número de piso 3': 'true'}, {'Tipo local afueras centro comercial': 'true'}, {'Tipo de acabado piso baldosa': 'true'}, {'Ventilación Natural': 'true'}, {'Vista exterior': 'true'}, {'Ubicado en edificio': 'true'}, {'Acceso con tarjetas o dispositivos': 'true'}, {'Acceso para discapacitados': 'true'}, {'Circuito cerrado de TV': 'true'}, {'Generador eléctrico': 'true'}, {'Vigilancia 24hrs': 'true'}, {'Cerca Centros Comerciales': 'true'}, {'Cerca Colegios / Universidades': 'true'}, {'Cerca Parques': 'true'}, {'Cerca Supermercados': 'true'}, {'Cerca Transporte Público': 'true'}, {'Sobre vía secundaria': 'true'}, {'Cerca Centros Comerciales': 'true'}, {'Cerca Colegios / Universidades': 'true'}, {'Cerca Parques': 'true'}, {'Cerca Supermercados': 'true'}, {'Cerca Transporte Público': 'true'}, {'Sobre vía secundaria': 'true'}]}",2026-10-08 21:15:23.463468+00:00
https://www.metrocuadrado.com/inmueble/arriendo-local-comercial-bogota-estoril/23861-M7024943?src_url=%2Finmuebles%2Farriendo%2Fbogota%2F%3Fsearch%3Dform,"{'title': 'Local Comercial En Arriendo, PASADENA', 'location': 'PASADENA, Bogotá D.C.', 'price': '$ 4.000.000', 'area': None, 'estrato': None, 'main_specs': None, 'characteristics': [{'Alarma': 'true'}, {'Citófonos': 'true'}, {'Depósito Bodega': 'true'}, {'Número local 107': 'true'}, {'Número de piso 1': 'true'}, {'Tipo local otro': 'true'}, {'Tipo de acabado piso baldosa': 'true'}, {'Ventilación Natural': 'true'}, {'Vista exterior': 'true'}, {'Cerca a hospitales': 'true'}, {'Ubicado en edificio': 'true'}, {'Ascensor': 'true'}, {'Acceso para discapacitados': 'true'}, {'Circuito cerrado de TV': 'true'}, {'En oficinas': 'true'}, {'Generador eléctrico': 'true'}, {'Jardines': 'true'}, {'Número de Ascensores 2': 'true'}, {'Sistema contra incendio': 'true'}, {'Vigilancia 24hrs': 'true'}, {'Cerca Centros Comerciales': 'true'}, {'Cerca Colegios / Universidades': 'true'}, {'Cerca Parques': 'true'}, {'Cerca Supermercados': 'true'}, {'Cerca Transporte Público': 'true'}, {'Sobre vía principal': 'true'}, {'Cerca Centros Comerciales': 'true'}, {'Cerca Colegios / Universidades': 'true'}, {'Cerca Parques': 'true'}, {'Cerca Supermercados': 'true'}, {'Cerca Transporte Público': 'true'}, {'Sobre vía principal': 'true'}]}",2026-10-08 21:15:28.045839+00:00
https://www.metrocuadrado.com/inmueble/arriendo-edificio-de-oficinas-bogota-toberin-4-garajes/17387-M6407689?src_url=%2Finmuebles%2Farriendo%2Fbogota%2F%3Fsearch%3Dform,"{'title': 'Edificio De Oficinas En Arriendo, TOBERIN ORQUIDEAS', 'location': 'TOBERIN ORQUIDEAS, Bogotá D.C.', 'price': '$ 50.000.000', 'area': None, 'estrato': None, 'main_specs': '4 par.', 'characteristics': [{'Circuito cerrado de TV': 'true'}, {'Parqueadero cubierto': 'true'}, {'Número de Ascensores 0': 'true'}, {'Cerca Centros Comerciales': 'true'}, {'Cerca Colegios / Universidades': 'true'}, {'Cerca Parques': 'true'}, {'Cerca Supermercados': 'true'}, {'Cerca Transporte Público': 'true'}, {'Cerca Centros Comerciales': 'true'}, {'Cerca Colegios / Universidades': 'true'}, {'Cerca Parques': 'true'}, {'Cerca Supermercados': 'true'}, {'Cerca Transporte Público': 'true'}]}",2026-10-08 21:15:32.623454+00:00
https://www.metrocuadrado.com/inmueble/arriendo-apartamento-bogota-ilarco-3-habitaciones-5-banos-2-garajes/14059-M6676005?src_url=%2Finmuebles%2Farriendo%2Fbogota%2F%3Fsearch%3Dform,"{'title': 'Apartamento En Arriendo, Ilarco', 'location': 'Ilarco, Bogotá D.C.', 'price': '$ 8.950.000', 'area': None, 'estrato': None, 'main_specs': '3 hab. | 5 bañ. | 2 par.', 'characteristics': [{'Cocina Tipo Americano': 'true'}, {'Cocina integral': 'true'}, {'Tipo de calentador gas': 'true'}, {'Tipo de Cocina lineal': 'true'}, {'Gimnasio': 'true'}, {'Salón comunal': 'true'}, {'Sauna y/o turco': 'true'}, {'Zona de BBQ': 'true'}, {'Piscina': 'true'}, {'Cerca Centros Comerciales': 'true'}, {'Cerca Colegios / Universidades': 'true'}, {'Cerca Parques': 'true'}, {'Cerca Supermercados': 'true'}, {'Cerca Transporte Público': 'true'}, {'Sobre vía principal': 'true'}, {'Ubicación zona centros negocios': 'true'}, {'Cerca Centros Comerciales': 'true'}, {'Cerca Colegios / Universidades': 'true'}, {'Cerca Parques': 'true'}, {'Cerca Supermercados': 'true'}, {'Cerca Transporte Público': 'true'}, {'Sobre vía principal': 'true'}, {'Ubicación zona centros negocios': 'true'}]}",2026-10-08 21:15:37.250258+00:00
https://www.metrocuadrado.com/inmueble/arriendo-apartamento-bogota-bosques-de-la-canada-usaquen-3-habitaciones-5-banos-3-garajes/5410-M6649720?src_url=%2Finmuebles%2Farriendo%2Fbogota%2F%3Fsearch%3Dform,"{'title': 'Apartamento En Arriendo, Bosques De La Cañada (Usaquen)', 'location': 'Bosques De La Cañada (Usaquen), Bogotá D.C.', 'price': '$ 9.450.000', 'area': None, 'estrato': None, 'main_specs': '3 hab. | 5 bañ. | 3 par.', 'characteristics': [{'Con chimenea': 'true'}, {'Tipo de Cocina lineal': 'true'}, {'Cancha(s) de Tennis': 'true'}, {'Gimnasio': 'true'}, {'Salón comunal': 'true'}, {'Zona de BBQ': 'true'}, {'Conjunto cerrado': 'true'}, {'Tipo de parqueadero independiente': 'true'}, {'Cerca Colegios / Universidades': 'true'}, {'Cerca Parques': 'true'}, {'Cerca Transporte Público': 'true'}, {'Área Urbana': 'true'}, {'Cerca Colegios / Universidades': 'true'}, {'Cerca Parques': 'true'}, {'Cerca Transporte Público': 'true'}, {'Área Urbana': 'true'}]}",2026-10-08 21:15:41.724968+00:00
https://www.metrocuadrado.com/inmueble/arriendo-oficina-bogota-na-3-banos-4-garajes/17289-M5609502?src_url=%2Finmuebles%2Farriendo%2Fbogota%2F%3Fsearch%3Dform,"{'title': 'Oficina En Arriendo, Chico Norte', 'location': 'Chico Norte, Bogotá D.C.', 'price': '$ 21.002.400', 'area': None, 'estrato': None, 'main_specs': '3 bañ. | 4 par.', 'characteristics': [{'Alarma': 'true'}, {'Citófonos': 'true'}, {'Equipado / Amoblado': 'true'}, {'Equipado': 'true'}, {'Número de piso 9': 'true'}, {'Ascensor': 'true'}, {'Planta eléctrica': 'true'}, {'Vista panorámica': 'true'}, {'Recepción Lobby': 'true'}, {'Cerca Transporte Público': 'true'}, {'Cerca Transporte Público': 'true'}]}",2026-10-08 21:15:46.258503+00:00
https://www.metrocuadrado.com/inmueble/arriendo-apartamento-bogota-rincon-del-chico-3-habitaciones-2-banos-2-garajes/17387-M6918121?src_url=%2Finmuebles%2Farriendo%2Fbogota%2F%3Fsearch%3Dform,"{'title': 'Apartamento En Arriendo, RINCON DEL CHICO', 'location': 'RINCON DEL CHICO, Bogotá D.C.', 'price': '$ 5.000.000', 'area': None, 'estrato': None, 'main_specs': '3 hab. | 2 bañ. | 2 par.', 'characteristics': [{'Con chimenea': 'true'}, {'Citófonos': 'true'}, {'Estudio o biblioteca': 'true'}, {'Zona de lavanderia': 'true'}, {'Tipo instalación de gas natural': 'true'}, {'Número de piso 2': 'true'}, {'Tipo de calentador gas': 'true'}, {'Tipo de Cocina lineal': 'true'}, {'Tipo comedor sala comedor': 'true'}, {'Depósito 1': 'true'}, {'Tipo de estufa mixta': 'true'}, {'Vista interior': 'true'}, {'Salón comunal': 'true'}, {'Ascensor': 'true'}, {'Parqueadero cubierto': 'true'}, {'Número de Ascensores 1': 'true'}, {'Terraza/Balcón ninguno': 'true'}, {'Tipo de parqueadero servidumbre': 'true'}, {'Vigilancia 24hrs': 'true'}, {'Cerca Centros Comerciales': 'true'}, {'Cerca Colegios / Universidades': 'true'}, {'Cerca Supermercados': 'true'}, {'Cerca Transporte Público': 'true'}, {'Cerca Centros Comerciales': 'true'}, {'Cerca Colegios / Universidades': 'true'}, {'Cerca Supermercados': 'true'}, {'Cerca Transporte Público': 'true'}]}",2026-10-08 21:15:50.813733+00:00
https://www.metrocuadrado.com/inmueble/arriendo-oficina-bogota-chico-norte-et-ii-4-banos-4-garajes/18234-M6469075?src_url=%2Finmuebles%2Farriendo%2Fbogota%2F%3Fsearch%3Dform,"{'title': 'Oficina En Arriendo, CHICO NORTE', 'location': 'CHICO NORTE, Bogotá D.C.', 'price': '$ 15.000.000', 'area': None, 'estrato': None, 'main_specs': '4 bañ. | 4 par.', 'characteristics': [{'Citófonos': 'true'}, {'Número de piso 2': 'true'}, {'Tipo de oficina edificio': 'true'}, {'Tipo de acabado piso porcelanato': 'true'}, {'Vista exterior': 'true'}, {'Acceso con tarjetas o dispositivos': 'true'}, {'Ascensor': 'true'}, {'Acceso para discapacitados': 'true'}, {'Circuito cerrado de TV': 'true'}, {'Parqueadero cubierto': 'true'}, {'Generador eléctrico': 'true'}, {'Jardines': 'true'}, {'Número de Ascensores 1': 'true'}, {'Recepción Lobby': 'true'}, {'Vigilancia 24hrs': 'true'}, {'Cerca Colegios / Universidades': 'true'}, {'Cerca Parques': 'true'}, {'Cerca Supermercados': 'true'}, {'Cerca Transporte Público': 'true'}, {'Sobre vía secundaria': 'true'}, {'Cerca Colegios / Universidades': 'true'}, {'Cerca Parques': 'true'}, {'Cerca Supermercados': 'true'}, {'Cerca Transporte Público': 'true'}, {'Sobre vía secundaria': 'true'}]}",2026-10-08 21:15:55.445560+00:00
https://www.metrocuadrado.com/inmueble/arriendo-oficina-bogota-chico-norte-et-ii-5-banos-4-garajes/18234-M6926110?src_url=%2Finmuebles%2Farriendo%2Fbogota%2F%3Fsearch%3Dform,"{'title': 'Oficina En Arriendo, CHICO NORTE', 'location': 'CHICO NORTE, Bogotá D.C.', 'price': '$ 12.800.000', 'area': None, 'estrato': None, 'main_specs': '5 bañ. | 4 par.', 'characteristics': [{'Citófonos': 'true'}, {'Escalera de Emergencia': 'true'}, {'Número de piso 3': 'true'}, {'Tipo de oficina edificio': 'true'}, {'Tipo de acabado piso porcelanato': 'true'}, {'Vista exterior': 'true'}, {'Acceso con tarjetas o dispositivos': 'true'}, {'Ascensor': 'true'}, {'Acceso para discapacitados': 'true'}, {'Circuito cerrado de TV': 'true'}, {'Parqueadero cubierto': 'true'}, {'Generador eléctrico': 'true'}, {'Número de Ascensores 1': 'true'}, {'Recepción Lobby': 'true'}, {'Vigilancia 24hrs': 'true'}, {'Cerca Centros Comerciales': 'true'}, {'Cerca Colegios / Universidades': 'true'}, {'Cerca Parques': 'true'}, {'Cerca Supermercados': 'true'}, {'Cerca Transporte Público': 'true'}, {'Ubicación zona centros negocios': 'true'}, {'Cerca Centros Comerciales': 'true'}, {'Cerca Colegios / Universidades': 'true'}, {'Cerca Parques': 'true'}, {'Cerca Supermercados': 'true'}, {'Cerca Transporte Público': 'true'}, {'Ubicación zona centros negocios': 'true'}]}",2026-10-08 21:16:00.087894+00:00
https://www.metrocuadrado.com/inmueble/arriendo-edificio-de-oficinas-bogota-villa-magdala-4-garajes/21102-M6677357?src_url=%2Finmuebles%2Farriendo%2Fbogota%2F%3Fsearch%3Dform,"{'title': 'Edificio De Oficinas En Arriendo, EL VERBENAL', 'location': 'EL VERBENAL, Bogotá D.C.', 'price': '$ 26.000.000', 'area': None, 'estrato': None, 'main_specs': '4 par.', 'characteristics': [{'Citófonos': 'true'}, {'Tipo de acabado piso baldosa': 'true'}, {'Zona de BBQ': 'true'}, {'Ascensor': 'true'}, {'Acceso para discapacitados': 'true'}, {'Número de Ascensores 1': 'true'}, {'Vigilancia 24hrs': 'true'}, {'Cerca Centros Comerciales': 'true'}, {'Cerca Colegios / Universidades': 'true'}, {'Cerca Parques': 'true'}, {'Cerca Supermercados': 'true'}, {'Cerca Transporte Público': 'true'}, {'Cerca Centros Comerciales': 'true'}, {'Cerca Colegios / Universidades': 'true'}, {'Cerca Parques': 'true'}, {'Cerca Supermercados': 'true'}, {'Cerca Transporte Público': 'true'}]}",2026-10-08 21:16:04.599217+00:00
https://www.metrocuadrado.com/inmueble/arriendo-apartamento-bogota-san-jose-de-bavaria-3-habitaciones-4-banos-2-garajes/3422-M7036527?src_url=%2Finmuebles%2Farriendo%2Fbogota%2F%3Fsearch%3Dform,"{'title': 'Apartamento En Arriendo, San Jose De Bavaria', 'location': 'San Jose De Bavaria, Bogotá D.C.', 'price': '$ 7.700.000', 'area': None, 'estrato': None, 'main_specs': '3 hab. | 4 bañ. | 2 par.', 'characteristics': [{'Baño Auxiliar': 'true'}, {'Baño de Servicio': 'true'}, {'Con calefacción': 'true'}, {'Con chimenea': 'true'}, {'Citófonos': 'true'}, {'Cocina Tipo Americano': 'true'}, {'Cocina integral': 'true'}, {'Comedor auxiliar': 'true'}, {'Estudio o biblioteca': 'true'}, {'Hall de Alcobas': 'true'}, {'Jacuzzi': 'true'}, {'Zona de lavanderia': 'true'}, {'Extractor': 'true'}, {'Luz en la mañana': 'true'}, {'Luz en la tarde': 'true'}, {'Monoambiente': 'true'}, {'Número de piso 17': 'true'}, {'Shut de basura': 'true'}, {'Depósito 1': 'true'}, {'Cerca a Jardines y Colegios': 'true'}, {'Cerca a restaurantes': 'true'}, {'Cerca a tiendas de barrio': 'true'}, {'Cancha(s) de squash': 'true'}, {'Gimnasio': 'true'}, {'Salón comunal': 'true'}, {'Sauna y/o turco': 'true'}, {'Zona de BBQ': 'true'}, {'Zona para niños': 'true'}, {'Zonas verdes': 'true'}, {'Ascensor': 'true'}, {'Bahias de parqueo': 'true'}, {'Circuito cerrado de TV': 'true'}, {'Parqueadero visitantes': 'true'}, {'Piscina': 'true'}, {'Con Terraza': 'true'}, {'Vigilancia': 'true'}, {'Vista panorámica': 'true'}, {'Conjunto cerrado': 'true'}, {'Recepción Lobby': 'true'}, {'Terraza/Balcón balcón': 'true'}, {'Terraza Rooftop': 'true'}, {'Cerca Colegios / Universidades': 'true'}, {'Cerca Parques': 'true'}, {'Cerca Transporte Público': 'true'}, {'Área Urbana': 'true'}, {'Cerca Colegios / Universidades': 'true'}, {'Cerca Parques': 'true'}, {'Cerca Transporte Público': 'true'}, {'Área Urbana': 'true'}]}",2026-10-08 21:16:09.754684+00:00
https://www.metrocuadrado.com/inmueble/arriendo-apartamento-bogota-santa-barbara-alta-3-habitaciones-5-banos-4-garajes/16577-M7120035?src_url=%2Finmuebles%2Farriendo%2Fbogota%2F%3Fsearch%3Dform,"{'title': 'Apartamento En Arriendo, Santa Barbara Alta', 'location': 'Santa Barbara Alta, Bogotá D.C.', 'price': '$ 43.000.000', 'area': None, 'estrato': None, 'main_specs': '3 hab. | 5 bañ. | 4 par.', 'characteristics': [{'Baño Auxiliar': 'true'}, {'Baño de Servicio': 'true'}, {'Con calefacción': 'true'}, {'Con chimenea': 'true'}, {'Citófonos': 'true'}, {'Cocina Tipo Americano': 'true'}, {'Cocina integral': 'true'}, {'Comedor auxiliar': 'true'}, {'Cuarto de servicio': 'true'}, {'Estudio o biblioteca': 'true'}, {'Hall de Alcobas': 'true'}, {'Zona de lavanderia': 'true'}, {'Despensa': 'true'}, {'Extractor': 'true'}, {'Horno': 'true'}, {'Lavaplatos': 'true'}, {'Luz en la mañana': 'true'}, {'Luz en la tarde': 'true'}, {'Monoambiente': 'true'}, {'Shut de basura': 'true'}, {'Depósito 1': 'true'}, {'Cerca a Jardines y Colegios': 'true'}, {'Cerca a restaurantes': 'true'}, {'Gimnasio': 'true'}, {'Salón comunal': 'true'}, {'Ascensor': 'true'}, {'Circuito cerrado de TV': 'true'}, {'Parqueadero visitantes': 'true'}, {'Piscina': 'true'}, {'Con Terraza': 'true'}, {'Vigilancia': 'true'}, {'Conjunto cerrado': 'true'}, {'Recepción Lobby': 'true'}, {'Terraza/Balcón balcón': 'true'}, {'Terraza Rooftop': 'true'}, {'Cerca Colegios / Universidades': 'true'}, {'Cerca Parques': 'true'}, {'Cerca Transporte Público': 'true'}, {'Área Urbana': 'true'}, {'Cerca Colegios / Universidades': 'true'}, {'Cerca Parques': 'true'}, {'Cerca Transporte Público': 'true'}, {'Área Urbana': 'true'}]}",2026-10-08 21:16:14.864416+00:00
https://www.metrocuadrado.com/inmueble/arriendo-apartamento-bogota-calleja-3-habitaciones-3-banos-3-garajes/16739-M6801647?src_url=%2Finmuebles%2Farriendo%2Fbogota%2F%3Fsearch%3Dform,"{'title': 'Apartamento En Arriendo, Calleja', 'location': 'Calleja, Bogotá D.C.', 'price': '$ 9.800.000', 'area': None, 'estrato': None, 'main_specs': '3 hab. | 3 bañ. | 3 par.', 'characteristics': [{'Baño Auxiliar': 'true'}, {'Baño de Servicio': 'true'}, {'Con calefacción': 'true'}, {'Con chimenea': 'true'}, {'Citófonos': 'true'}, {'Cocina integral': 'true'}, {'Cuarto de servicio': 'true'}, {'Estudio o biblioteca': 'true'}, {'Jacuzzi': 'true'}, {'Zona de lavanderia': 'true'}, {'Extractor': 'true'}, {'Horno': 'true'}, {'Lavaplatos': 'true'}, {'Monoambiente': 'true'}, {'Número de piso 6': 'true'}, {'Depósito 1': 'true'}, {'Tipo de acabado piso cerámica': 'true'}, {'Walking closet': 'true'}, {'Cerca a Jardines y Colegios': 'true'}, {'Cerca a restaurantes': 'true'}, {'Cancha(s) de Basket': 'true'}, {'Gimnasio': 'true'}, {'Salón comunal': 'true'}, {'Sauna y/o turco': 'true'}, {'Zona para niños': 'true'}, {'Zonas verdes': 'true'}, {'Ascensor': 'true'}, {'Circuito cerrado de TV': 'true'}, {'Parqueadero visitantes': 'true'}, {'Piscina': 'true'}, {'Vigilancia': 'true'}, {'Vista panorámica': 'true'}, {'Conjunto cerrado': 'true'}, {'Recepción Lobby': 'true'}, {'Terraza/Balcón balcón': 'true'}, {'Cerca Colegios / Universidades': 'true'}, {'Cerca Parques': 'true'}, {'Cerca Transporte Público': 'true'}, {'Área Urbana': 'true'}, {'Cerca Colegios / Universidades': 'true'}, {'Cerca Parques': 'true'}, {'Cerca Transporte Público': 'true'}, {'Área Urbana': 'true'}]}",2026-10-08 21:16:19.575427+00:00
https://www.metrocuadrado.com/inmueble/arriendo-apartamento-bogota-la-soledad-3-habitaciones-4-banos-2-garajes/23049-M6939114?src_url=%2Finmuebles%2Farriendo%2Fbogota%2F%3Fsearch%3Dform,"{'title': 'Apartamento En Arriendo, LA SOLEDAD', 'location': 'LA SOLEDAD, Bogotá D.C.', 'price': '$ 11.500.000', 'area': None, 'estrato': None, 'main_specs': '3 hab. | 4 bañ. | 2 par.', 'characteristics': [{'Apto para niños': 'true'}, {'Citófonos': 'true'}, {'Comedor auxiliar': 'true'}, {'Cuarto de servicio': 'true'}, {'Estudio o biblioteca': 'true'}, {'Hall de Alcobas': 'true'}, {'Puertas de seguridad': 'true'}, {'Zona de lavanderia': 'true'}, {'Dúplex': 'true'}, {'Extractor': 'true'}, {'Horno': 'true'}, {'Tipo instalación de gas natural': 'true'}, {'Lavaplatos': 'true'}, {'Luz en la mañana': 'true'}, {'Luz en la tarde': 'true'}, {'Número de piso 7': 'true'}, {'PentHouse': 'true'}, {'Shut de basura': 'true'}, {'Tipo de calentador gas': 'true'}, {'Tipo de Cocina en u': 'true'}, {'Tipo comedor comedor independiente': 'true'}, {'Depósito 1': 'true'}, {'Tipo de estufa gas': 'true'}, {'Vista exterior': 'true'}, {'Cerca a gimnasio': 'true'}, {'Cerca a Jardines y Colegios': 'true'}, {'Cerca a restaurantes': 'true'}, {'Cerca a tiendas de barrio': 'true'}, {'Área Terraza/Balcón 20': 'true'}, {'Ascensor': 'true'}, {'Circuito cerrado de TV': 'true'}, {'Parqueadero cubierto': 'true'}, {'Vista panorámica': 'true'}, {'Número de Ascensores 1': 'true'}, {'Terraza/Balcón terraza': 'true'}, {'Tipo de parqueadero propio': 'true'}, {'Vigilancia 24hrs': 'true'}, {'Cerca Colegios / Universidades': 'true'}, {'Cerca Parques': 'true'}, {'Cerca Supermercados': 'true'}, {'Cerca Transporte Público': 'true'}, {'Sobre vía principal': 'true'}, {'Cerca Colegios / Universidades': 'true'}, {'Cerca Parques': 'true'}, {'Cerca Supermercados': 'true'}, {'Cerca Transporte Público': 'true'}, {'Sobre vía principal': 'true'}]}",2026-10-08 21:16:24.736147+00:00
https://www.metrocuadrado.com/inmueble/arriendo-apartamento-bogota-las-nieves-3-habitaciones-2-banos/4162-M6941016?src_url=%2Finmuebles%2Farriendo%2Fbogota%2F%3Fsearch%3Dform,"{'title': 'Apartamento En Arriendo, TORRES BLANCAS', 'location': 'TORRES BLANCAS, Bogotá D.C.', 'price': '$ 2.848.000', 'area': None, 'estrato': None, 'main_specs': '3 hab. | 2 bañ.', 'characteristics': [{'Apto para niños': 'true'}, {'Citófonos': 'true'}, {'Tipo de Cortinas ninguna': 'true'}, {'Hall de Alcobas': 'true'}, {'Zona de lavanderia': 'true'}, {'En interior y/o bloque': 'true'}, {'Tipo instalación de gas natural': 'true'}, {'Luz en la tarde': 'true'}, {'Número de Closets 3': 'true'}, {'Número de piso 12': 'true'}, {'Se Permiten Mascotas': 'true'}, {'Tipo de calentador gas': 'true'}, {'Tipo de Cocina abierta': 'true'}, {'Tipo comedor sala comedor': 'true'}, {'Depósito 0': 'true'}, {'Tipo de estufa gas': 'true'}, {'Tipo de acabado piso cerámica': 'true'}, {'Tipo de piso en alcobas cerámica': 'true'}, {'Tipo de piso en comedor cerámica': 'true'}, {'Tipo de piso en estudio cerámica': 'true'}, {'Tipo de piso en sala cerámica': 'true'}, {'Vista exterior': 'true'}, {'Cerca a gimnasio': 'true'}, {'Cerca a tiendas de barrio': 'true'}, {'Zona de BBQ': 'true'}, {'Zona para niños': 'true'}, {'Zonas verdes': 'true'}, {'Ascensor': 'true'}, {'Acceso para discapacitados': 'true'}, {'Vista panorámica': 'true'}, {'Conjunto cerrado': 'true'}, {'Número de Ascensores 2': 'true'}, {'Recepción Lobby': 'true'}, {'Terraza/Balcón ninguno': 'true'}, {'Vigilancia 24hrs': 'true'}, {'Cerca Centros Comerciales': 'true'}, {'Cerca Colegios / Universidades': 'true'}, {'Cerca Parques': 'true'}, {'Cerca Supermercados': 'true'}, {'Cerca Transporte Público': 'true'}, {'Sobre vía principal': 'true'}, {'Cerca Centros Comerciales': 'true'}, {'Cerca Colegios / Universidades': 'true'}, {'Cerca Parques': 'true'}, {'Cerca Supermercados': 'true'}, {'Cerca Transporte Público': 'true'}, {'Sobre vía principal': 'true'}]}",2026-10-08 21:16:30.061506+00:00
https://www.metrocuadrado.com/inmueble/arriendo-apartamento-bogota-lisboa-3-habitaciones-5-banos-2-garajes/5340-M6602654?src_url=%2Finmuebles%2Farriendo%2Fbogota%2F%3Fsearch%3Dform,"{'title': 'Apartamento En Arriendo, Lisboa', 'location': 'Lisboa, Bogotá D.C.', 'price': '$ 4.700.000', 'area': None, 'estrato': None, 'main_specs': '3 hab. | 5 bañ. | 2 par.', 'characteristics': [{'Baño Auxiliar': 'true'}, {'Baño de Servicio': 'true'}, {'Con calefacción': 'true'}, {'Citófonos': 'true'}, {'Cocina integral': 'true'}, {'Estudio o biblioteca': 'true'}, {'Hall de Alcobas': 'true'}, {'Zona de lavanderia': 'true'}, {'Control térmico': 'true'}, {'Despensa': 'true'}, {'Extractor': 'true'}, {'Horno': 'true'}, {'Lavaplatos': 'true'}, {'Luz en la mañana': 'true'}, {'Luz en la tarde': 'true'}, {'Monoambiente': 'true'}, {'Número de piso 2': 'true'}, {'Shut de basura': 'true'}, {'Depósito 1': 'true'}, {'Tipo de acabado piso cerámica': 'true'}, {'Walking closet': 'true'}, {'Cerca a Jardines y Colegios': 'true'}, {'Cerca a restaurantes': 'true'}, {'Gimnasio': 'true'}, {'Salón comunal': 'true'}, {'Zona para niños': 'true'}, {'Zonas verdes': 'true'}, {'Ascensor': 'true'}, {'Circuito cerrado de TV': 'true'}, {'Parqueadero visitantes': 'true'}, {'Vigilancia': 'true'}, {'Conjunto cerrado': 'true'}, {'Recepción Lobby': 'true'}, {'Terraza/Balcón balcón': 'true'}, {'Cerca Colegios / Universidades': 'true'}, {'Cerca Parques': 'true'}, {'Cerca Transporte Público': 'true'}, {'Área Urbana': 'true'}, {'Cerca Colegios / Universidades': 'true'}, {'Cerca Parques': 'true'}, {'Cerca Transporte Público': 'true'}, {'Área Urbana': 'true'}]}",2026-10-08 21:16:34.739201+00:00
https://www.metrocuadrado.com/inmueble/arriendo-casa-bogota-el-salitre-5-habitaciones-3-banos-1-garajes/2411-M6941434?src_url=%2Finmuebles%2Farriendo%2Fbogota%2F%3Fsearch%3Dform,"{'title': 'Casa En Arriendo, SALITRE GRECO', 'location': 'SALITRE GRECO, Bogotá D.C.', 'price': '$ 5.000.000', 'area': None, 'estrato': None, 'main_specs': '5 hab. | 3 bañ. | 1 par.', 'characteristics': [{'Altillo': 'true'}, {'Ancho 10 m': 'true'}, {'Tipo de Cortinas ninguna': 'true'}, {'Cuarto de servicio': 'true'}, {'Hall de Alcobas': 'true'}, {'Zona de lavanderia': 'true'}, {'Fondo 30 m': 'true'}, {'Horno': 'true'}, {'Tipo instalación de gas natural': 'true'}, {'Número de Closets 4': 'true'}, {'Número de líneas teléfonicas 0': 'true'}, {'Tipo de calentador gas': 'true'}, {'Tipo de Casa tradicional': 'true'}, {'Tipo de Cocina lineal': 'true'}, {'Tipo comedor comedor independiente': 'true'}, {'Depósito 0': 'true'}, {'Tipo de estufa gas': 'true'}, {'Tipo de acabado piso otro': 'true'}, {'Tipo de piso en alcobas laminado': 'true'}, {'Tipo de piso en comedor alfombra': 'true'}, {'Tipo de piso en estudio laminado': 'true'}, {'Tipo de piso en sala cerámica': 'true'}, {'Vista exterior': 'true'}, {'Cerca a gimnasio': 'true'}, {'Cerca a hospitales': 'true'}, {'Cerca a Jardines y Colegios': 'true'}, {'Cerca a restaurantes': 'true'}, {'Cerca a tiendas de barrio': 'true'}, {'&Aacute;rea del lote 164': 'true'}, {'Parqueadero cubierto': 'true'}, {'Vista panorámica': 'true'}, {'Número de Ascensores 0': 'true'}, {'Número de niveles 3': 'true'}, {'Terraza/Balcón ninguno': 'true'}, {'Tipo de parqueadero propio': 'true'}, {'Vigilancia 0': 'true'}, {'Cerca Centros Comerciales': 'true'}, {'Cerca Colegios / Universidades': 'true'}, {'Cerca Parques': 'true'}, {'Cerca Transporte Público': 'true'}, {'Sobre vía secundaria': 'true'}, {'Cerca Centros Comerciales': 'true'}, {'Cerca Colegios / Universidades': 'true'}, {'Cerca Parques': 'true'}, {'Cerca Transporte Público': 'true'}, {'Sobre vía secundaria': 'true'}]}",2026-10-08 21:16:39.892924+00:00
https://www.metrocuadrado.com/inmueble/arriendo-apartaestudio-bogota-chico-norte-1-habitaciones-2-banos-2-garajes/14255-M6718714?src_url=%2Finmuebles%2Farriendo%2Fbogota%2F%3Fsearch%3Dform,"{'title': 'Apartaestudio En Arriendo, CHICO RESERVADO', 'location': 'CHICO RESERVADO, Bogotá D.C.', 'price': '$ 7.000.000', 'area': None, 'estrato': None, 'main_specs': '1 hab. | 2 bañ. | 2 par.', 'characteristics': [{'Citófonos': 'true'}, {'Tipo de Cortinas ninguna': 'true'}, {'Zona de lavanderia': 'true'}, {'Extractor': 'true'}, {'Horno': 'true'}, {'Tipo instalación de gas natural': 'true'}, {'Luz en la mañana': 'true'}, {'Número de Closets 2': 'true'}, {'Número de piso 9': 'true'}, {'Shut de basura': 'true'}, {'Tipo de calentador gas': 'true'}, {'Tipo de Cocina abierta': 'true'}, {'Tipo comedor sala comedor': 'true'}, {'Depósito 1': 'true'}, {'Tipo de estufa gas': 'true'}, {'Tipo de acabado piso laminado': 'true'}, {'Tipo de piso en alcobas laminado': 'true'}, {'Tipo de piso en comedor laminado': 'true'}, {'Tipo de piso en sala laminado': 'true'}, {'Vista interior': 'true'}, {'Cerca a gimnasio': 'true'}, {'Cerca a hospitales': 'true'}, {'Cerca a restaurantes': 'true'}, {'Gimnasio': 'true'}, {'Sauna y/o turco': 'true'}, {'Zona de BBQ': 'true'}, {'Área Terraza/Balcón 30': 'true'}, {'Ascensor': 'true'}, {'Bahias de parqueo': 'true'}, {'Acceso para discapacitados': 'true'}, {'Circuito cerrado de TV': 'true'}, {'Parqueadero cubierto': 'true'}, {'Vista panorámica': 'true'}, {'Número de Ascensores 1': 'true'}, {'Recepción Lobby': 'true'}, {'Terraza/Balcón terraza': 'true'}, {'Tipo de parqueadero independiente': 'true'}, {'Vigilancia 24hrs': 'true'}, {'Cerca Centros Comerciales': 'true'}, {'Cerca Colegios / Universidades': 'true'}, {'Cerca Parques': 'true'}, {'Cerca Supermercados': 'true'}, {'Cerca Transporte Público': 'true'}, {'Sobre vía secundaria': 'true'}, {'Cerca Centros Comerciales': 'true'}, {'Cerca Colegios / Universidades': 'true'}, {'Cerca Parques': 'true'}, {'Cerca Supermercados': 'true'}, {'Cerca Transporte Público': 'true'}, {'Sobre vía secundaria': 'true'}]}",2026-10-08 21:16:45.130838+00:00
https://www.metrocuadrado.com/inmueble/arriendo-apartamento-bogota-el-triangulo-3-habitaciones-1-banos-1-garajes/23798-M7106403?src_url=%2Finmuebles%2Farriendo%2Fbogota%2F%3Fsearch%3Dform,"{'title': 'Apartamento En Arriendo, BOSQUES DE CASTILLA', 'location': 'BOSQUES DE CASTILLA, Bogotá D.C.', 'price': '$ 1.570.000', 'area': None, 'estrato': None, 'main_specs': '3 hab. | 1 bañ. | 1 par.', 'characteristics': [{'Citófonos': 'true'}, {'Tipo de Cortinas persianas': 'true'}, {'Zona de lavanderia': 'true'}, {'Extractor': 'true'}, {'Tipo instalación de gas natural': 'true'}, {'Lavaplatos': 'true'}, {'Número de Closets 2': 'true'}, {'Número de piso 8': 'true'}, {'Tipo de calentador gas': 'true'}, {'Tipo de Cocina lineal': 'true'}, {'Tipo comedor sala comedor': 'true'}, {'Depósito 0': 'true'}, {'Tipo de estufa gas': 'true'}, {'Tipo de acabado piso madera': 'true'}, {'Tipo de piso en alcobas madera': 'true'}, {'Tipo de piso en comedor madera': 'true'}, {'Tipo de piso en estudio madera': 'true'}, {'Tipo de piso en sala madera': 'true'}, {'Vista exterior': 'true'}, {'Cerca a gimnasio': 'true'}, {'Cerca a hospitales': 'true'}, {'Cerca a Jardines y Colegios': 'true'}, {'Cerca a restaurantes': 'true'}, {'Cerca a tiendas de barrio': 'true'}, {'Gimnasio': 'true'}, {'Salón comunal': 'true'}, {'Zona de BBQ': 'true'}, {'Zona para niños': 'true'}, {'Ascensor': 'true'}, {'Acceso para discapacitados': 'true'}, {'Circuito cerrado de TV': 'true'}, {'Piscina': 'true'}, {'Conjunto cerrado': 'true'}, {'Número de Ascensores 1': 'true'}, {'Terraza/Balcón ninguno': 'true'}, {'Tipo de parqueadero propio': 'true'}, {'Vigilancia 24hrs': 'true'}, {'Cerca Centros Comerciales': 'true'}, {'Cerca Colegios / Universidades': 'true'}, {'Cerca Supermercados': 'true'}, {'Cerca Transporte Público': 'true'}, {'Cerca Centros Comerciales': 'true'}, {'Cerca Colegios / Universidades': 'true'}, {'Cerca Supermercados': 'true'}, {'Cerca Transporte Público': 'true'}]}",2026-10-08 21:16:50.282895+00:00
https://www.metrocuadrado.com/inmueble/arriendo-apartamento-bogota-chico-norte-et-iii-3-habitaciones-4-banos-2-garajes/20185-M7085865?src_url=%2Finmuebles%2Farriendo%2Fbogota%2F%3Fsearch%3Dform,"{'title': 'Apartamento En Arriendo, CHICO NORTE III', 'location': 'CHICO NORTE III, Bogotá D.C.', 'price': '$ 7.000.000', 'area': None, 'estrato': None, 'main_specs': '3 hab. | 4 bañ. | 2 par.', 'characteristics': [{'Con chimenea': 'true'}, {'Citófonos': 'true'}, {'Tipo de Cortinas persianas': 'true'}, {'Cuarto de servicio': 'true'}, {'Estudio o biblioteca': 'true'}, {'Hall de Alcobas': 'true'}, {'Zona de lavanderia': 'true'}, {'Extractor': 'true'}, {'Horno': 'true'}, {'Tipo instalación de gas natural': 'true'}, {'Lavaplatos': 'true'}, {'Luz en la tarde': 'true'}, {'Número de Closets 4': 'true'}, {'Número de piso 5': 'true'}, {'Shut de basura': 'true'}, {'Tipo de calentador gas': 'true'}, {'Tipo de Cocina paralela': 'true'}, {'Tipo comedor sala comedor': 'true'}, {'Depósito 1': 'true'}, {'Tipo de estufa gas': 'true'}, {'Vista interior': 'true'}, {'Walking closet': 'true'}, {'Cerca a gimnasio': 'true'}, {'Cerca a hospitales': 'true'}, {'Cerca a Jardines y Colegios': 'true'}, {'Cerca a restaurantes': 'true'}, {'Área Terraza/Balcón 2': 'true'}, {'Ascensor': 'true'}, {'Bahias de parqueo': 'true'}, {'Parqueadero cubierto': 'true'}, {'Conjunto cerrado': 'true'}, {'Número de Ascensores 1': 'true'}, {'Recepción Lobby': 'true'}, {'Terraza/Balcón balcón': 'true'}, {'Tipo de parqueadero comunal': 'true'}, {'Vigilancia 24hrs': 'true'}, {'Cerca Centros Comerciales': 'true'}, {'Cerca Colegios / Universidades': 'true'}, {'Cerca Parques': 'true'}, {'Cerca Supermercados': 'true'}, {'Cerca Transporte Público': 'true'}, {'Cerca Centros Comerciales': 'true'}, {'Cerca Colegios / Universidades': 'true'}, {'Cerca Parques': 'true'}, {'Cerca Supermercados': 'true'}, {'Cerca Transporte Público': 'true'}]}",2026-10-08 21:16:55.447919+00:00
https://www.metrocuadrado.com/inmueble/arriendo-oficina-bogota-la-porciuncula-5-banos-4-garajes/22225-M6477146?src_url=%2Finmuebles%2Farriendo%2Fbogota%2F%3Fsearch%3Dform,"{'title': 'Oficina En Arriendo, EL NOGAL', 'location': 'EL NOGAL, Bogotá D.C.', 'price': '$ 57.000.000', 'area': None, 'estrato': None, 'main_specs': '5 bañ. | 4 par.', 'characteristics': [{'Citófonos': 'true'}, {'Puertas de seguridad': 'true'}, {'Control de ruido': 'true'}, {'Depósito Bodega': 'true'}, {'Detección de humo': 'true'}, {'Escalera de Emergencia': 'true'}, {'Número de piso 9': 'true'}, {'Tipo de oficina edificio': 'true'}, {'Tipo de acabado piso porcelanato': 'true'}, {'Vista exterior': 'true'}, {'Cerca a gimnasio': 'true'}, {'Cerca a hospitales': 'true'}, {'Acceso con tarjetas o dispositivos': 'true'}, {'Ascensor': 'true'}, {'Acceso para discapacitados': 'true'}, {'Circuito cerrado de TV': 'true'}, {'Parqueadero cubierto': 'true'}, {'Vista panorámica': 'true'}, {'Generador eléctrico': 'true'}, {'Jardines': 'true'}, {'Número de Ascensores 4': 'true'}, {'Recepción Lobby': 'true'}, {'Sistema contra incendio': 'true'}, {'Vigilancia 24hrs': 'true'}, {'Cerca Centros Comerciales': 'true'}, {'Cerca Colegios / Universidades': 'true'}, {'Cerca Parques': 'true'}, {'Cerca Supermercados': 'true'}, {'Cerca Transporte Público': 'true'}, {'Sobre vía principal': 'true'}, {'Ubicación zona centros negocios': 'true'}, {'Cerca Centros Comerciales': 'true'}, {'Cerca Colegios / Universidades': 'true'}, {'Cerca Parques': 'true'}, {'Cerca Supermercados': 'true'}, {'Cerca Transporte Público': 'true'}, {'Sobre vía principal': 'true'}, {'Ubicación zona centros negocios': 'true'}]}",2026-10-08 21:17:00.056419+00:00
https://www.metrocuadrado.com/inmueble/arriendo-apartamento-bogota-san-jose-de-bavaria-2-habitaciones-1-banos/21521-M7115803?src_url=%2Finmuebles%2Farriendo%2Fbogota%2F%3Fsearch%3Dform,"{'title': 'Apartamento En Arriendo, San Jose De Bavaria', 'location': 'San Jose De Bavaria, Bogotá D.C.', 'price': '$ 1.900.000', 'area': None, 'estrato': None, 'main_specs': '2 hab. | 1 bañ.', 'characteristics': [{'Con calefacción': 'true'}, {'Citófonos': 'true'}, {'Cocina integral': 'true'}, {'Zona de lavanderia': 'true'}, {'Despensa': 'true'}, {'Extractor': 'true'}, {'Horno': 'true'}, {'Luz en la mañana': 'true'}, {'Número de piso 8': 'true'}, {'Shut de basura': 'true'}, {'Tipo de acabado piso cerámica': 'true'}, {'Cerca a hospitales': 'true'}, {'Cerca a Jardines y Colegios': 'true'}, {'Cerca a restaurantes': 'true'}, {'Cerca a tiendas de barrio': 'true'}, {'Cancha(s) de Fútbol': 'true'}, {'Gimnasio': 'true'}, {'Salón comunal': 'true'}, {'Zona de BBQ': 'true'}, {'Zona para niños': 'true'}, {'Zonas verdes': 'true'}, {'Ascensor': 'true'}, {'Bahias de parqueo': 'true'}, {'Circuito cerrado de TV': 'true'}, {'Parqueadero visitantes': 'true'}, {'Piscina': 'true'}, {'Vigilancia': 'true'}, {'Vista panorámica': 'true'}, {'Conjunto cerrado': 'true'}, {'Recepción Lobby': 'true'}, {'Cerca Colegios / Universidades': 'true'}, {'Cerca Parques': 'true'}, {'Cerca Transporte Público': 'true'}, {'Sobre vía principal': 'true'}, {'Área Rural': 'true'}, {'Ubicación zona centros negocios': 'true'}, {'Área Urbana': 'true'}, {'Cerca Colegios / Universidades': 'true'}, {'Cerca Parques': 'true'}, {'Cerca Transporte Público': 'true'}, {'Sobre vía principal': 'true'}, {'Área Rural': 'true'}, {'Ubicación zona centros negocios': 'true'}, {'Área Urbana': 'true'}]}",2026-10-08 21:17:05.254579+00:00
https://www.metrocuadrado.com/inmueble/arriendo-apartamento-bogota-santa-bibiana-1-habitaciones-2-banos-1-garajes/MC7082572?src_url=%2Finmuebles%2Farriendo%2Fbogota%2F%3Fsearch%3Dform,"{'title': 'Apartamento En Arriendo, Chico Navarra', 'location': 'Chico Navarra, Bogotá D.C.', 'price': '$ 2.750.000', 'area': None, 'estrato': None, 'main_specs': '1 hab. | 2 bañ. | 1 par.', 'characteristics': [{'Baño Auxiliar': 'true'}, {'Con chimenea': 'true'}, {'Citófonos': 'true'}, {'Cocina Tipo Americano': 'true'}, {'Depósito o cuarto útil': 'true'}, {'Piso en porcelanato': 'true'}, {'Zona de lavanderia': 'true'}, {'Extractor': 'true'}, {'Horno': 'true'}, {'Número de piso 3': 'true'}, {'Shut de basura': 'true'}, {'Walking closet': 'true'}, {'Cerca a gimnasio': 'true'}, {'Cerca a restaurantes': 'true'}, {'Salón comunal': 'true'}, {'Ubicado en edificio': 'true'}, {'Ascensor': 'true'}, {'Características del Parqueadero cubierto': 'true'}, {'Parqueadero visitantes': 'true'}, {'Con Terraza': 'true'}, {'Vigilancia': 'true'}, {'Conjunto cerrado': 'true'}, {'Recepción Lobby': 'true'}, {'Tipo de parqueadero propio': 'true'}, {'Cerca Supermercados': 'true'}, {'Cerca Transporte Público': 'true'}, {'Área Urbana': 'true'}, {'Cerca Supermercados': 'true'}, {'Cerca Transporte Público': 'true'}, {'Área Urbana': 'true'}]}",2026-10-08 21:17:10.327184+00:00
https://www.metrocuadrado.com/inmueble/arriendo-apartamento-bogota-gilmar-4-habitaciones-4-banos-2-garajes/MC6819484?src_url=%2Finmuebles%2Farriendo%2Fbogota%2F%3Fsearch%3Dform,"{'title': 'Apartamento En Arriendo, COLINA PICASSO Colina Y Alrededores', 'location': 'COLINA PICASSO Colina Y Alrededores, Bogotá D.C.', 'price': '$ 4.800.000', 'area': None, 'estrato': None, 'main_specs': '4 hab. | 4 bañ. | 2 par.', 'characteristics': [{'Baño Auxiliar': 'true'}, {'Baño de Servicio': 'true'}, {'Con chimenea': 'true'}, {'Citófonos': 'true'}, {'Cocina integral': 'true'}, {'Cuarto de servicio': 'true'}, {'Depósito o cuarto útil': 'true'}, {'Estudio o biblioteca': 'true'}, {'Piso en baldosa': 'true'}, {'Piso en madera': 'true'}, {'Zona de lavanderia': 'true'}, {'Despensa': 'true'}, {'Extractor': 'true'}, {'Horno': 'true'}, {'Luz en la mañana': 'true'}, {'Luz en la tarde': 'true'}, {'Número de piso 6': 'true'}, {'Walking closet': 'true'}, {'Cerca a gimnasio': 'true'}, {'Cerca a hospitales': 'true'}, {'Cerca a Jardines y Colegios': 'true'}, {'Cerca a restaurantes': 'true'}, {'Cerca a tiendas de barrio': 'true'}, {'Cancha(s) de Fútbol': 'true'}, {'Cancha(s) de Tennis': 'true'}, {'Salón comunal': 'true'}, {'Zona para niños': 'true'}, {'Zonas verdes': 'true'}, {'Ubicado en edificio': 'true'}, {'Acceso con tarjetas o dispositivos': 'true'}, {'Ascensor': 'true'}, {'Bahias de parqueo': 'true'}, {'Características del Parqueadero cubierto': 'true'}, {'Cuarto de escoltas': 'true'}, {'Parqueadero visitantes': 'true'}, {'Piscina': 'true'}, {'Con Terraza': 'true'}, {'Vigilancia': 'true'}, {'Conjunto cerrado': 'true'}, {'Parqueadero inteligente': 'true'}, {'Recepción Lobby': 'true'}, {'Tipo de parqueadero servidumbre': 'true'}, {'Cerca Centros Comerciales': 'true'}, {'Cerca Colegios / Universidades': 'true'}, {'Cerca Parques': 'true'}, {'Cerca Supermercados': 'true'}, {'Cerca Transporte Público': 'true'}, {'Área Rural': 'true'}, {'Área Urbana': 'true'}, {'Cerca Centros Comerciales': 'true'}, {'Cerca Colegios / Universidades': 'true'}, {'Cerca Parques': 'true'}, {'Cerca Supermercados': 'true'}, {'Cerca Transporte Público': 'true'}, {'Área Rural': 'true'}, {'Área Urbana': 'true'}]}",2026-10-08 21:17:16.048825+00:00
https://www.metrocuadrado.com/inmueble/arriendo-apartaestudio-bogota-la-esmeralda-1-habitaciones-1-banos/MC4643398?src_url=%2Finmuebles%2Farriendo%2Fbogota%2F%3Fsearch%3Dform,"{'title': 'Apartaestudio En Arriendo, ESMERALDA CAN TEUSAQUILLO BOGOTA', 'location': 'ESMERALDA CAN TEUSAQUILLO BOGOTA, Bogotá D.C.', 'price': '$ 1.750.000', 'area': None, 'estrato': None, 'main_specs': '1 hab. | 1 bañ.', 'characteristics': [{'Cocina Tipo Americano': 'true'}, {'Cocina integral': 'true'}, {'Estudio o biblioteca': 'true'}, {'Equipado / Amoblado': 'true'}, {'Piso en porcelanato': 'true'}, {'Zona de lavanderia': 'true'}, {'Despensa': 'true'}, {'Extractor': 'true'}, {'Lavaplatos': 'true'}, {'Número de piso 1': 'true'}, {'Vigilancia': 'true'}, {'Senderos ecológicos': 'true'}, {'Cerca Centros Comerciales': 'true'}, {'Cerca Colegios / Universidades': 'true'}, {'Cerca Parques': 'true'}, {'Cerca Supermercados': 'true'}, {'Cerca Transporte Público': 'true'}, {'Área Rural': 'true'}, {'Ubicación zona centros negocios': 'true'}, {'Área Urbana': 'true'}, {'Cerca Centros Comerciales': 'true'}, {'Cerca Colegios / Universidades': 'true'}, {'Cerca Parques': 'true'}, {'Cerca Supermercados': 'true'}, {'Cerca Transporte Público': 'true'}, {'Área Rural': 'true'}, {'Ubicación zona centros negocios': 'true'}, {'Área Urbana': 'true'}]}",2026-10-08 21:17:21.131957+00:00
https://www.metrocuadrado.com/inmueble/arriendo-oficina-bogota-armenia-5-habitaciones-4-banos-3-garajes/MC6502340?src_url=%2Finmuebles%2Farriendo%2Fbogota%2F%3Fsearch%3Dform,"{'title': 'Oficina En Arriendo, ARMENIA La Soledad', 'location': 'ARMENIA La Soledad, Bogotá D.C.', 'price': '$ 9.000.000', 'area': None, 'estrato': None, 'main_specs': '5 hab. | 4 bañ. | 3 par.', 'characteristics': [{'Cocina Tipo Americano': 'true'}, {'Piso en madera': 'true'}, {'Luz en la tarde': 'true'}, {'Número de piso 2': 'true'}, {'Patio': 'true'}, {'Cerca a Jardines y Colegios': 'true'}, {'Características del Parqueadero cubierto': 'true'}, {'Tipo de parqueadero independiente': 'true'}, {'Cerca Centros Comerciales': 'true'}, {'Cerca Colegios / Universidades': 'true'}, {'Cerca Supermercados': 'true'}, {'Ubicación zona centros negocios': 'true'}, {'Cerca Centros Comerciales': 'true'}, {'Cerca Colegios / Universidades': 'true'}, {'Cerca Supermercados': 'true'}, {'Ubicación zona centros negocios': 'true'}]}",2026-10-08 21:17:26.169973+00:00
