url,information,date_time
https://www.metrocuadrado.com/inmueble/arriendo-apartamento-bogota-casablanca-suba-2-habitaciones-1-banos/10222-M6643423?src_url=%2Finmuebles%2Farriendo%2Fbogota,"{'title': 'Apartamento En Arriendo, Casablanca Suba', 'location': 'Casablanca Suba, Bogotá D.C.', 'price': '$ 1.450.000', 'area': None, 'estrato': None, 'main_specs': '2 hab. | 1 bañ.', 'characteristics': [{'Con calefacción': 'true'}, {'Cocina integral': 'true'}, {'Zona de lavanderia': 'true'}, {'Lavaplatos': 'true'}, {'Número de piso 8': 'true'}, {'Salón comunal': 'true'}, {'Zonas verdes': 'true'}, {'Ascensor': 'true'}, {'Circuito cerrado de TV': 'true'}, {'Vigilancia': 'true'}, {'Cerca Colegios / Universidades': 'true'}, {'Cerca Transporte Público': 'true'}, {'Área Urbana': 'true'}, {'Cerca Colegios / Universidades': 'true'}, {'Cerca Transporte Público': 'true'}, {'Área Urbana': 'true'}]}",2026-07-25 00:39:36.971200+00:00
https://www.metrocuadrado.com/inmueble/arriendo-local-comercial-bogota-quinta-camacho-2-banos/20347-M6844656?src_url=%2Finmuebles%2Farriendo%2Fbogota,"{'title': 'Local Comercial En Arriendo, Quinta Camacho', 'location': 'Quinta Camacho, Bogotá D.C.', 'price': '$ 9.000.000', 'area': None, 'estrato': None, 'main_specs': '2 bañ.', 'characteristics': [{'key_0': 'true'}]}",2026-07-25 00:39:41.637150+00:00
https://www.metrocuadrado.com/inmueble/arriendo-local-comercial-bogota-mirandela/4278-M5992867?src_url=%2Finmuebles%2Farriendo%2Fbogota,"{'title': 'Local Comercial En Arriendo, Mirandela', 'location': 'Mirandela, Bogotá D.C.', 'price': '$ 4.000.000', 'area': None, 'estrato': None, 'main_specs': None, 'characteristics': [{'Cerca Transporte Público': 'true'}, {'Cerca Transporte Público': 'true'}]}",2026-07-25 00:39:46.500907+00:00
https://www.metrocuadrado.com/inmueble/arriendo-apartamento-bogota-chico-2-habitaciones-3-banos-1-garajes/MC6797662?src_url=%2Finmuebles%2Farriendo%2Fbogota,"{'title': 'Apartamento En Arriendo, CHICO Zona Urbana', 'location': 'CHICO Zona Urbana, Bogotá D.C.', 'price': '$ 4.155.000', 'area': None, 'estrato': None, 'main_specs': '2 hab. | 3 bañ. | 1 par.', 'characteristics': [{'Baño Auxiliar': 'true'}, {'Con chimenea': 'true'}, {'Citófonos': 'true'}, {'Cocina integral': 'true'}, {'Depósito o cuarto útil': 'true'}, {'Estudio o biblioteca': 'true'}, {'Piso en madera': 'true'}, {'Zona de lavanderia': 'true'}, {'Horno': 'true'}, {'Luz en la mañana': 'true'}, {'Número de piso 4': 'true'}, {'Ubicado en edificio': 'true'}, {'Ascensor': 'true'}, {'Características del Parqueadero cubierto': 'true'}, {'Vigilancia': 'true'}, {'Tipo de parqueadero propio': 'true'}, {'Cerca Parques': 'true'}, {'Cerca Supermercados': 'true'}, {'Cerca Transporte Público': 'true'}, {'Área Urbana': 'true'}, {'Cerca Parques': 'true'}, {'Cerca Supermercados': 'true'}, {'Cerca Transporte Público': 'true'}, {'Área Urbana': 'true'}]}",2026-07-25 00:39:51.716606+00:00
https://www.metrocuadrado.com/inmueble/arriendo-apartamento-bogota-monaco-1-habitaciones-2-banos-1-garajes/MC2461414?src_url=%2Finmuebles%2Farriendo%2Fbogota,"{'title': 'Apartamento En Arriendo, EL BATAN AMOBLADO 88M2 CON TERRAZA 1 HABITACION Y ESTUDIO', 'location': 'EL BATAN AMOBLADO 88M2 CON TERRAZA 1 HABITACION Y ESTUDIO, Bogotá D.C.', 'price': '$ 4.000.000', 'area': None, 'estrato': None, 'main_specs': '1 hab. | 2 bañ. | 1 par.', 'characteristics': [{'Baño Auxiliar': 'true'}, {'Citófonos': 'true'}, {'Cocina Tipo Americano': 'true'}, {'Estudio o biblioteca': 'true'}, {'Equipado / Amoblado': 'true'}, {'Piso en madera': 'true'}, {'Zona de lavanderia': 'true'}, {'Dúplex': 'true'}, {'Número de piso 5': 'true'}, {'Shut de basura': 'true'}, {'Cerca a gimnasio': 'true'}, {'Cerca a hospitales': 'true'}, {'Cerca a restaurantes': 'true'}, {'Cerca a tiendas de barrio': 'true'}, {'Salón comunal': 'true'}, {'Ubicado en edificio': 'true'}, {'Acceso con tarjetas o dispositivos': 'true'}, {'Ascensor': 'true'}, {'Características del Parqueadero cubierto': 'true'}, {'Parqueadero visitantes': 'true'}, {'Con Terraza': 'true'}, {'Tipo de parqueadero propio': 'true'}, {'Cerca Centros Comerciales': 'true'}, {'Cerca Parques': 'true'}, {'Cerca Supermercados': 'true'}, {'Cerca Transporte Público': 'true'}, {'Área Urbana': 'true'}, {'Cerca Centros Comerciales': 'true'}, {'Cerca Parques': 'true'}, {'Cerca Supermercados': 'true'}, {'Cerca Transporte Público': 'true'}, {'Área Urbana': 'true'}]}",2026-07-25 00:39:57.659777+00:00
https://www.metrocuadrado.com/inmueble/arriendo-apartaestudio-bogota-cjr-tribeca-94-1-habitaciones-2-banos/MC5694515?src_url=%2Finmuebles%2Farriendo%2Fbogota,"{'title': 'Apartaestudio En Arriendo, La Castellana', 'location': 'La Castellana, Bogotá D.C.', 'price': '$ 2.999.000', 'area': None, 'estrato': None, 'main_specs': '1 hab. | 2 bañ.', 'characteristics': [{'Baño Auxiliar': 'true'}, {'Baño de Servicio': 'true'}, {'Cocina Tipo Americano': 'true'}, {'Cocina integral': 'true'}, {'Estudio o biblioteca': 'true'}, {'Equipado / Amoblado': 'true'}, {'Piso en baldosa': 'true'}, {'Piso en madera': 'true'}, {'Zona de lavanderia': 'true'}, {'Control de ruido': 'true'}, {'Despensa': 'true'}, {'Detección de humo': 'true'}, {'Extractor': 'true'}, {'Luz en la tarde': 'true'}, {'Número de piso 2': 'true'}, {'Cerca a gimnasio': 'true'}, {'Cerca a hospitales': 'true'}, {'Cerca a Jardines y Colegios': 'true'}, {'Cerca a restaurantes': 'true'}, {'Cerca a tiendas de barrio': 'true'}, {'Zonas verdes': 'true'}, {'Ubicado en edificio': 'true'}, {'Ascensor': 'true'}, {'Bahias de parqueo': 'true'}, {'Parqueadero visitantes': 'true'}, {'Con Terraza': 'true'}, {'Vigilancia': 'true'}, {'Conjunto cerrado': 'true'}, {'Recepción Lobby': 'true'}, {'Roof garden': 'true'}, {'Terraza Rooftop': 'true'}, {'Cerca Centros Comerciales': 'true'}, {'Cerca Colegios / Universidades': 'true'}, {'Cerca Parques': 'true'}, {'Cerca Supermercados': 'true'}, {'Cerca Transporte Público': 'true'}, {'Ubicación zona centros negocios': 'true'}, {'Área Urbana': 'true'}, {'Cerca Centros Comerciales': 'true'}, {'Cerca Colegios / Universidades': 'true'}, {'Cerca Parques': 'true'}, {'Cerca Supermercados': 'true'}, {'Cerca Transporte Público': 'true'}, {'Ubicación zona centros negocios': 'true'}, {'Área Urbana': 'true'}]}",2026-07-25 00:40:03.008917+00:00
https://www.metrocuadrado.com/inmueble/arriendo-apartamento-bogota-chapinero-central-1-habitaciones-1-banos/MC2686769?src_url=%2Finmuebles%2Farriendo%2Fbogota,"{'title': 'Apartamento En Arriendo, CHAPINERO CENTRAL Zona Urbana', 'location': 'CHAPINERO CENTRAL Zona Urbana, Bogotá D.C.', 'price': '$ 1.690.000', 'area': None, 'estrato': None, 'main_specs': '1 hab. | 1 bañ.', 'characteristics': [{'Baño de Servicio': 'true'}, {'Citófonos': 'true'}, {'Cocina Tipo Americano': 'true'}, {'Piso en madera': 'true'}, {'Extractor': 'true'}, {'Horno': 'true'}, {'Lavaplatos': 'true'}, {'Luz en la mañana': 'true'}, {'Luz en la tarde': 'true'}, {'Número de piso 5': 'true'}, {'Shut de basura': 'true'}, {'Cerca a gimnasio': 'true'}, {'Cerca a hospitales': 'true'}, {'Cerca a Jardines y Colegios': 'true'}, {'Cerca a restaurantes': 'true'}, {'Cerca a tiendas de barrio': 'true'}, {'Ascensor': 'true'}, {'Parqueadero visitantes': 'true'}, {'Con Terraza': 'true'}, {'Vigilancia': 'true'}, {'Recepción Lobby': 'true'}, {'Cerca Centros Comerciales': 'true'}, {'Cerca Colegios / Universidades': 'true'}, {'Cerca Parques': 'true'}, {'Cerca Supermercados': 'true'}, {'Cerca Transporte Público': 'true'}, {'Ubicación zona centros negocios': 'true'}, {'Área Urbana': 'true'}, {'Cerca Centros Comerciales': 'true'}, {'Cerca Colegios / Universidades': 'true'}, {'Cerca Parques': 'true'}, {'Cerca Supermercados': 'true'}, {'Cerca Transporte Público': 'true'}, {'Ubicación zona centros negocios': 'true'}, {'Área Urbana': 'true'}]}",2026-07-25 00:40:08.268795+00:00
https://www.metrocuadrado.com/inmueble/arriendo-apartamento-bogota-santa-bibiana-3-habitaciones-3-banos-1-garajes/14033-M6875912?src_url=%2Finmuebles%2Farriendo%2Fbogota,"{'title': 'Apartamento En Arriendo, CHICO NAVARRA', 'location': 'CHICO NAVARRA, Bogotá D.C.', 'price': '$ 5.000.000', 'area': None, 'estrato': None, 'main_specs': '3 hab. | 3 bañ. | 1 par.', 'characteristics': [{'Zona de lavanderia': 'true'}, {'Número de piso 1': 'true'}, {'Depósito 1': 'true'}, {'Vista exterior': 'true'}, {'Parqueadero cubierto': 'true'}, {'Conjunto cerrado': 'true'}, {'Tipo de parqueadero propio': 'true'}]}",2026-07-25 00:40:13.147868+00:00
https://www.metrocuadrado.com/inmueble/arriendo-oficina-bogota-san-ignacio-5-banos-4-garajes/MC6875819?src_url=%2Finmuebles%2Farriendo%2Fbogota,"{'title': 'Oficina En Arriendo, AVENIDA EL DORADO Zona Urbana', 'location': 'AVENIDA EL DORADO Zona Urbana, Bogotá D.C.', 'price': '$ 305.512.655', 'area': None, 'estrato': None, 'main_specs': '5 bañ. | 4 par.', 'characteristics': [{'Baño Auxiliar': 'true'}, {'Citófonos': 'true'}, {'Cocineta': 'true'}, {'Equipado / Amoblado': 'true'}, {'Piso en porcelanato': 'true'}, {'Detección de humo': 'true'}, {'Equipado': 'true'}, {'Escalera de Emergencia': 'true'}, {'Número de piso 7': 'true'}, {'Ubicado en edificio': 'true'}, {'Acceso con tarjetas o dispositivos': 'true'}, {'Ascensor': 'true'}, {'Baños Públicos': 'true'}, {'Parqueadero visitantes': 'true'}, {'Planta eléctrica': 'true'}, {'Vigilancia': 'true'}, {'Generador eléctrico': 'true'}, {'Recepción Lobby': 'true'}, {'Sistema contra incendio': 'true'}, {'Tipo de parqueadero propio': 'true'}, {'Cerca Transporte Público': 'true'}, {'Ubicación zona centros negocios': 'true'}, {'Cerca Transporte Público': 'true'}, {'Ubicación zona centros negocios': 'true'}]}",2026-07-25 00:40:18.390133+00:00
https://www.metrocuadrado.com/inmueble/arriendo-bodega-bogota-el-encanto/MC6829577?src_url=%2Finmuebles%2Farriendo%2Fbogota,"{'title': 'Bodega En Arriendo, EL ENCANTO Normandía', 'location': 'EL ENCANTO Normandía, Bogotá D.C.', 'price': '$ 4.500.000', 'area': None, 'estrato': None, 'main_specs': None, 'characteristics': [{'Almacen': 'true'}, {'Tipo bodega almacenamiento': 'true'}, {'Cerca a gimnasio': 'true'}, {'Cerca a parque industrial': 'true'}, {'Área Urbana': 'true'}, {'Bomba de Gasolina': 'true'}, {'Cerca Centros Comerciales': 'true'}, {'Cerca Transporte Público': 'true'}, {'Restaurantes': 'true'}, {'Área Urbana': 'true'}, {'Bomba de Gasolina': 'true'}, {'Cerca Centros Comerciales': 'true'}, {'Cerca Transporte Público': 'true'}, {'Restaurantes': 'true'}]}",2026-07-25 00:40:23.567143+00:00
https://www.metrocuadrado.com/sistema-alarma-seguridad?cd_origin=result_result-grid_detail-card,"{'title': None, 'location': None, 'price': None, 'area': None, 'estrato': None, 'main_specs': None, 'characteristics': [{'key_0': 'true'}]}",2026-07-25 00:41:27.717272+00:00
https://www.metrocuadrado.com/inmueble/arriendo-apartamento-bogota-las-acasias-2-habitaciones-2-banos-1-garajes/MC3625710?src_url=%2Finmuebles%2Farriendo%2Fbogota,"{'title': 'Apartamento En Arriendo, BELMIRA ACACIAS', 'location': 'BELMIRA ACACIAS, Bogotá D.C.', 'price': '$ 3.600.000', 'area': None, 'estrato': None, 'main_specs': '2 hab. | 2 bañ. | 1 par.', 'characteristics': [{'Citófonos': 'true'}, {'Cocina Tipo Americano': 'true'}, {'Depósito o cuarto útil': 'true'}, {'Piso en madera': 'true'}, {'Zona de lavanderia': 'true'}, {'Número de piso 6': 'true'}, {'Salón comunal': 'true'}, {'Zona para niños': 'true'}, {'Ascensor': 'true'}, {'Características del Parqueadero cubierto': 'true'}, {'Parqueadero visitantes': 'true'}, {'Con Terraza': 'true'}, {'Recepción Lobby': 'true'}, {'Tipo de parqueadero propio': 'true'}, {'Cerca Centros Comerciales': 'true'}, {'Cerca Colegios / Universidades': 'true'}, {'Cerca Parques': 'true'}, {'Cerca Supermercados': 'true'}, {'Cerca Transporte Público': 'true'}, {'Área Urbana': 'true'}, {'Cerca Centros Comerciales': 'true'}, {'Cerca Colegios / Universidades': 'true'}, {'Cerca Parques': 'true'}, {'Cerca Supermercados': 'true'}, {'Cerca Transporte Público': 'true'}, {'Área Urbana': 'true'}]}",2026-07-25 00:41:33.012459+00:00
https://www.metrocuadrado.com/inmueble/arriendo-oficina-bogota-chapinero-norte-5-banos-4-garajes/MC6879541?src_url=%2Finmuebles%2Farriendo%2Fbogota,"{'title': 'Oficina En Arriendo, CHAPINERO QUINTA CAMACHO Chapinero Alto', 'location': 'CHAPINERO QUINTA CAMACHO Chapinero Alto, Bogotá D.C.', 'price': '$ 112.000.000', 'area': None, 'estrato': None, 'main_specs': '5 bañ. | 4 par.', 'characteristics': [{'Aire acondicionado': 'true'}, {'Alarma': 'true'}, {'Citófonos': 'true'}, {'Cocineta': 'true'}, {'Depósito o cuarto útil': 'true'}, {'Equipado / Amoblado': 'true'}, {'Piso en porcelanato': 'true'}, {'Control de ruido': 'true'}, {'Depósito Bodega': 'true'}, {'Detección de humo': 'true'}, {'Equipado': 'true'}, {'Escalera de Emergencia': 'true'}, {'Número de piso 5': 'true'}, {'Cerca a gimnasio': 'true'}, {'Cerca a parque industrial': 'true'}, {'Ubicado en edificio': 'true'}, {'Acceso con tarjetas o dispositivos': 'true'}, {'Ascensor': 'true'}, {'Baños Públicos': 'true'}, {'Planta eléctrica': 'true'}, {'Vigilancia': 'true'}, {'Generador eléctrico': 'true'}, {'Recepción Lobby': 'true'}, {'Salón de juegos': 'true'}, {'Sistema contra incendio': 'true'}, {'Tipo de parqueadero propio': 'true'}, {'Cerca Centros Comerciales': 'true'}, {'Cerca Colegios / Universidades': 'true'}, {'Cerca Parques': 'true'}, {'Cerca Supermercados': 'true'}, {'Cerca Transporte Público': 'true'}, {'Cerca Centros Comerciales': 'true'}, {'Cerca Colegios / Universidades': 'true'}, {'Cerca Parques': 'true'}, {'Cerca Supermercados': 'true'}, {'Cerca Transporte Público': 'true'}]}",2026-07-25 00:41:38.391344+00:00
https://www.metrocuadrado.com/inmueble/arriendo-casa-bogota-tierra-linda-5-habitaciones-3-banos-2-garajes/22902-M6759829?src_url=%2Finmuebles%2Farriendo%2Fbogota,"{'title': 'Casa En Arriendo, TIERRA LINDA', 'location': 'TIERRA LINDA, Bogotá D.C.', 'price': '$ 15.000.000', 'area': None, 'estrato': None, 'main_specs': '5 hab. | 3 bañ. | 2 par.', 'characteristics': [{'Hall de Alcobas': 'true'}, {'Tipo instalación de gas ninguno': 'true'}, {'Lavaplatos': 'true'}, {'Luz en la mañana': 'true'}, {'Luz en la tarde': 'true'}, {'Número de Closets 0': 'true'}, {'Número de líneas teléfonicas 0': 'true'}, {'Tipo de calentador no tiene': 'true'}, {'Tipo de Casa tradicional': 'true'}, {'Tipo de Cocina lineal': 'true'}, {'Depósito 1': 'true'}, {'Tipo de estufa electrica': 'true'}, {'Tipo de acabado piso cerámica': 'true'}, {'Tipo de piso en alcobas cerámica': 'true'}, {'Vista exterior': 'true'}, {'Cerca a hospitales': 'true'}, {'Cerca a restaurantes': 'true'}, {'Cerca a tiendas de barrio': 'true'}, {'Jardín interior': 'true'}, {'Bahias de parqueo': 'true'}, {'Número de Ascensores 0': 'true'}, {'Número de niveles 1': 'true'}, {'Tipo de parqueadero propio': 'true'}, {'Vigilancia 0': 'true'}, {'Cerca Centros Comerciales': 'true'}, {'Cerca Colegios / Universidades': 'true'}, {'Cerca Parques': 'true'}, {'Cerca Supermercados': 'true'}, {'Cerca Transporte Público': 'true'}, {'Sobre vía principal': 'true'}, {'Cerca Centros Comerciales': 'true'}, {'Cerca Colegios / Universidades': 'true'}, {'Cerca Parques': 'true'}, {'Cerca Supermercados': 'true'}, {'Cerca Transporte Público': 'true'}, {'Sobre vía principal': 'true'}]}",2026-07-25 00:41:43.626694+00:00
https://www.metrocuadrado.com/inmueble/arriendo-apartamento-bogota-pradera-norte-3-habitaciones-2-banos-2-garajes/MC6809516?src_url=%2Finmuebles%2Farriendo%2Fbogota,"{'title': 'Apartamento En Arriendo, LA PRADERA NORTE Zona Urbana', 'location': 'LA PRADERA NORTE Zona Urbana, Bogotá D.C.', 'price': '$ 3.300.000', 'area': None, 'estrato': None, 'main_specs': '3 hab. | 2 bañ. | 2 par.', 'characteristics': [{'Baño de Servicio': 'true'}, {'Citófonos': 'true'}, {'Cocina Tipo Americano': 'true'}, {'Cocina integral': 'true'}, {'Depósito o cuarto útil': 'true'}, {'Estudio o biblioteca': 'true'}, {'Piso en madera': 'true'}, {'Zona de lavanderia': 'true'}, {'Horno': 'true'}, {'Luz en la mañana': 'true'}, {'Luz en la tarde': 'true'}, {'Número de piso 17': 'true'}, {'Shut de basura': 'true'}, {'Cerca a gimnasio': 'true'}, {'Cerca a hospitales': 'true'}, {'Cerca a Jardines y Colegios': 'true'}, {'Cerca a restaurantes': 'true'}, {'Cerca a tiendas de barrio': 'true'}, {'Salón comunal': 'true'}, {'Zona para niños': 'true'}, {'Zonas verdes': 'true'}, {'Acceso con tarjetas o dispositivos': 'true'}, {'Ascensor': 'true'}, {'Bahias de parqueo': 'true'}, {'Características del Parqueadero cubierto': 'true'}, {'Parqueadero visitantes': 'true'}, {'Piscina': 'true'}, {'Vigilancia': 'true'}, {'Conjunto cerrado': 'true'}, {'Recepción Lobby': 'true'}, {'Tipo de parqueadero propio': 'true'}, {'Cerca Centros Comerciales': 'true'}, {'Cerca Colegios / Universidades': 'true'}, {'Cerca Parques': 'true'}, {'Cerca Supermercados': 'true'}, {'Cerca Transporte Público': 'true'}, {'Área Urbana': 'true'}, {'Cerca Centros Comerciales': 'true'}, {'Cerca Colegios / Universidades': 'true'}, {'Cerca Parques': 'true'}, {'Cerca Supermercados': 'true'}, {'Cerca Transporte Público': 'true'}, {'Área Urbana': 'true'}]}",2026-07-25 00:41:49.406312+00:00
https://www.metrocuadrado.com/inmueble/arriendo-apartamento-bogota-santa-barbara-occidental-1-habitaciones-1-banos-1-garajes/22902-M6662345?src_url=%2Finmuebles%2Farriendo%2Fbogota,"{'title': 'Apartamento En Arriendo, SANTA BARBARA', 'location': 'SANTA BARBARA, Bogotá D.C.', 'price': '$ 2.700.000', 'area': None, 'estrato': None, 'main_specs': '1 hab. | 1 bañ. | 1 par.', 'characteristics': [{'Citófonos': 'true'}, {'Tipo de Cortinas ninguna': 'true'}, {'Hall de Alcobas': 'true'}, {'Zona de lavanderia': 'true'}, {'Extractor': 'true'}, {'Horno': 'true'}, {'Tipo instalación de gas natural': 'true'}, {'Luz en la mañana': 'true'}, {'Luz en la tarde': 'true'}, {'Número de Closets 1': 'true'}, {'Número de piso 5': 'true'}, {'Se Permiten Mascotas': 'true'}, {'Tipo de calentador electrico': 'true'}, {'Tipo de Cocina abierta': 'true'}, {'Tipo comedor sala comedor': 'true'}, {'Tipo de estufa gas': 'true'}, {'Tipo de acabado piso cerámica': 'true'}, {'Tipo de piso en alcobas cerámica': 'true'}, {'Vista exterior': 'true'}, {'Walking closet': 'true'}, {'Cerca a gimnasio': 'true'}, {'Cerca a hospitales': 'true'}, {'Cerca a Jardines y Colegios': 'true'}, {'Cerca a restaurantes': 'true'}, {'Cerca a tiendas de barrio': 'true'}, {'Acceso con tarjetas o dispositivos': 'true'}, {'Ascensor': 'true'}, {'Circuito cerrado de TV': 'true'}, {'Parqueadero cubierto': 'true'}, {'Vista panorámica': 'true'}, {'Número de Ascensores 1': 'true'}, {'Parqueadero inteligente': 'true'}, {'Recepción Lobby': 'true'}, {'Terraza/Balcón ninguno': 'true'}, {'Tipo de parqueadero propio': 'true'}, {'Vigilancia 0': 'true'}, {'Cerca Centros Comerciales': 'true'}, {'Cerca Colegios / Universidades': 'true'}, {'Cerca Parques': 'true'}, {'Cerca Supermercados': 'true'}, {'Cerca Transporte Público': 'true'}, {'Sobre vía secundaria': 'true'}, {'Cerca Centros Comerciales': 'true'}, {'Cerca Colegios / Universidades': 'true'}, {'Cerca Parques': 'true'}, {'Cerca Supermercados': 'true'}, {'Cerca Transporte Público': 'true'}, {'Sobre vía secundaria': 'true'}]}",2026-07-25 00:41:54.731096+00:00
https://www.metrocuadrado.com/inmueble/arriendo-apartamento-bogota-colombia-1-habitaciones-1-banos/22902-M6782876?src_url=%2Finmuebles%2Farriendo%2Fbogota,"{'title': 'Apartamento En Arriendo, SAN FELIPE', 'location': 'SAN FELIPE, Bogotá D.C.', 'price': '$ 1.900.000', 'area': None, 'estrato': None, 'main_specs': '1 hab. | 1 bañ.', 'characteristics': [{'Citófonos': 'true'}, {'Tipo de Cortinas persianas': 'true'}, {'Estudio o biblioteca': 'true'}, {'Hall de Alcobas': 'true'}, {'Jacuzzi': 'true'}, {'Puertas de seguridad': 'true'}, {'Zona de lavanderia': 'true'}, {'Control de ruido': 'true'}, {'Detección de humo': 'true'}, {'En interior y/o bloque': 'true'}, {'Extractor': 'true'}, {'Tipo instalación de gas ninguno': 'true'}, {'Luz en la mañana': 'true'}, {'Luz en la tarde': 'true'}, {'Monoambiente': 'true'}, {'Número de Closets 1': 'true'}, {'Número de piso 5': 'true'}, {'Shut de basura': 'true'}, {'Tipo de calentador electrico': 'true'}, {'Tipo de Cocina abierta': 'true'}, {'Tipo comedor sala comedor': 'true'}, {'Depósito 0': 'true'}, {'Tipo de estufa electrica': 'true'}, {'Tipo de acabado piso laminado': 'true'}, {'Tipo de piso en alcobas laminado': 'true'}, {'Vista exterior': 'true'}, {'Cerca a gimnasio': 'true'}, {'Cerca a Jardines y Colegios': 'true'}, {'Cerca a restaurantes': 'true'}, {'Cerca a tiendas de barrio': 'true'}, {'Gimnasio': 'true'}, {'Salón comunal': 'true'}, {'Sauna y/o turco': 'true'}, {'Zona de BBQ': 'true'}, {'Zona para niños': 'true'}, {'Área Terraza/Balcón 2': 'true'}, {'Ascensor': 'true'}, {'Acceso para discapacitados': 'true'}, {'Circuito cerrado de TV': 'true'}, {'Conjunto cerrado': 'true'}, {'Número de Ascensores 2': 'true'}, {'Recepción Lobby': 'true'}, {'Terraza/Balcón balcón': 'true'}, {'Terraza Rooftop': 'true'}, {'Vigilancia 24hrs': 'true'}, {'Cerca Centros Comerciales': 'true'}, {'Cerca Colegios / Universidades': 'true'}, {'Cerca Parques': 'true'}, {'Cerca Supermercados': 'true'}, {'Cerca Transporte Público': 'true'}, {'Sobre vía principal': 'true'}, {'Cerca Centros Comerciales': 'true'}, {'Cerca Colegios / Universidades': 'true'}, {'Cerca Parques': 'true'}, {'Cerca Supermercados': 'true'}, {'Cerca Transporte Público': 'true'}, {'Sobre vía principal': 'true'}]}",2026-07-25 00:42:00.120203+00:00
https://www.metrocuadrado.com/inmueble/arriendo-bodega-bogota-montevideo-5-banos-4-garajes/23262-M6858103?src_url=%2Finmuebles%2Farriendo%2Fbogota,"{'title': 'Bodega En Arriendo, Montevideo', 'location': 'Montevideo, Bogotá D.C.', 'price': '$ 28.000.000', 'area': None, 'estrato': None, 'main_specs': '5 bañ. | 4 par.', 'characteristics': [{'Parqueadero visitantes': 'true'}, {'Cerca Transporte Público': 'true'}, {'Zona Industrial': 'true'}, {'Cerca Transporte Público': 'true'}, {'Zona Industrial': 'true'}]}",2026-07-25 00:42:04.848372+00:00
https://www.metrocuadrado.com/inmueble/arriendo-oficina-bogota-chico-norte-et.-ii-2-banos-1-garajes/MC6136720?src_url=%2Finmuebles%2Farriendo%2Fbogota,"{'title': 'Oficina En Arriendo, CHICO NORTE II Zona Urbana', 'location': 'CHICO NORTE II Zona Urbana, Bogotá D.C.', 'price': '$ 1.123.122', 'area': None, 'estrato': None, 'main_specs': '2 bañ. | 1 par.', 'characteristics': [{'Alarma': 'true'}, {'Citófonos': 'true'}, {'Equipado / Amoblado': 'true'}, {'Piso en porcelanato': 'true'}, {'Control de ruido': 'true'}, {'Detección de humo': 'true'}, {'Equipado': 'true'}, {'Escalera de Emergencia': 'true'}, {'Número de piso 2': 'true'}, {'Salón de conferencias': 'true'}, {'Cerca a hospitales': 'true'}, {'Cerca a parque industrial': 'true'}, {'Zonas verdes': 'true'}, {'Ubicado en edificio': 'true'}, {'Ascensor': 'true'}, {'Baños Públicos': 'true'}, {'Parqueadero visitantes': 'true'}, {'Planta eléctrica': 'true'}, {'Vigilancia': 'true'}, {'Generador eléctrico': 'true'}, {'Jardines': 'true'}, {'Recepción Lobby': 'true'}, {'Sistema contra incendio': 'true'}, {'Tipo de parqueadero servidumbre': 'true'}, {'Cerca Centros Comerciales': 'true'}, {'Cerca Colegios / Universidades': 'true'}, {'Cerca Parques': 'true'}, {'Cerca Supermercados': 'true'}, {'Cerca Transporte Público': 'true'}, {'Ubicación zona centros negocios': 'true'}, {'Área Urbana': 'true'}, {'Cerca Centros Comerciales': 'true'}, {'Cerca Colegios / Universidades': 'true'}, {'Cerca Parques': 'true'}, {'Cerca Supermercados': 'true'}, {'Cerca Transporte Público': 'true'}, {'Ubicación zona centros negocios': 'true'}, {'Área Urbana': 'true'}]}",2026-07-25 00:42:10.135942+00:00
https://www.metrocuadrado.com/inmueble/arriendo-casa-bogota-san-jose-de-bavaria-4-habitaciones-4-banos-3-garajes/3604-M6799444?src_url=%2Finmuebles%2Farriendo%2Fbogota,"{'title': 'Casa En Arriendo, SAN JOSE BAVARIA', 'location': 'SAN JOSE BAVARIA, Bogotá D.C.', 'price': '$ 13.000.000', 'area': None, 'estrato': None, 'main_specs': '4 hab. | 4 bañ. | 3 par.', 'characteristics': [{'Altillo': 'true'}, {'Apto para niños': 'true'}, {'Citófonos': 'true'}, {'Comedor auxiliar': 'true'}, {'Cuarto de servicio': 'true'}, {'Estudio o biblioteca': 'true'}, {'Zona de lavanderia': 'true'}, {'Horno': 'true'}, {'Tipo instalación de gas natural': 'true'}, {'Lavaplatos': 'true'}, {'Luz en la mañana': 'true'}, {'Luz en la tarde': 'true'}, {'Número de Closets 4': 'true'}, {'Se Permite Fumar': 'true'}, {'Se Permiten Mascotas': 'true'}, {'Tipo de calentador gas': 'true'}, {'Tipo de Casa condominio': 'true'}, {'Tipo de Cocina en l': 'true'}, {'Tipo comedor comedor independiente': 'true'}, {'Tipo de estufa gas': 'true'}, {'Vista interior': 'true'}, {'Walking-closet': 'true'}, {'Cerca a gimnasio': 'true'}, {'Cerca a hospitales': 'true'}, {'Cerca a Jardines y Colegios': 'true'}, {'Cerca a restaurantes': 'true'}, {'Cerca a tiendas de barrio': 'true'}, {'Cerca playa': 'true'}, {'Jardín interior': 'true'}, {'Salón comunal': 'true'}, {'Sendero peatonal': 'true'}, {'Zona para niños': 'true'}, {'Zonas verdes': 'true'}, {'&Aacute;rea del lote 800': 'true'}, {'Acceso para discapacitados': 'true'}, {'Circuito cerrado de TV': 'true'}, {'Jardín': 'true'}, {'Conjunto cerrado': 'true'}, {'Número de niveles 2': 'true'}, {'Tipo de parqueadero propio': 'true'}, {'Cerca Colegios / Universidades': 'true'}, {'Cerca Transporte Público': 'true'}, {'Sobre vía principal': 'true'}, {'Sobre vía secundaria': 'true'}, {'Cerca Colegios / Universidades': 'true'}, {'Cerca Transporte Público': 'true'}, {'Sobre vía principal': 'true'}, {'Sobre vía secundaria': 'true'}]}",2026-07-25 00:42:15.452930+00:00
https://www.metrocuadrado.com/inmueble/arriendo-casa-bogota-santa-ana-oriental-5-habitaciones-5-banos-4-garajes/917-M6009376?src_url=%2Finmuebles%2Farriendo%2Fbogota,"{'title': 'Casa En Arriendo, Santa Ana Oriental Alta', 'location': 'Santa Ana Oriental Alta, Bogotá D.C.', 'price': '$ 28.000.000', 'area': None, 'estrato': None, 'main_specs': '5 hab. | 5 bañ. | 4 par.', 'characteristics': [{'Apto para niños': 'true'}, {'Con chimenea': 'true'}, {'Tipo de Cortinas persianas': 'true'}, {'Estudio o biblioteca': 'true'}, {'Zona de lavanderia': 'true'}, {'Despensa': 'true'}, {'Horno': 'true'}, {'Tipo instalación de gas natural': 'true'}, {'Lavaplatos': 'true'}, {'Luz en la mañana': 'true'}, {'Luz en la tarde': 'true'}, {'Número de Closets 4': 'true'}, {'Número de líneas teléfonicas 0': 'true'}, {'Se Permiten Mascotas': 'true'}, {'Tipo de calentador gas': 'true'}, {'Tipo de Casa tradicional': 'true'}, {'Tipo de Cocina isla': 'true'}, {'Tipo comedor sala comedor': 'true'}, {'Depósito 0': 'true'}, {'Tipo de estufa mixta': 'true'}, {'Tipo de acabado piso madera': 'true'}, {'Tipo de piso en alcobas madera': 'true'}, {'Tipo de piso en comedor madera': 'true'}, {'Tipo de piso en estudio madera': 'true'}, {'Tipo de piso en sala madera': 'true'}, {'Vista exterior': 'true'}, {'Walking-closet': 'true'}, {'Cerca a gimnasio': 'true'}, {'Cerca a hospitales': 'true'}, {'Cerca a restaurantes': 'true'}, {'Cerca a tiendas de barrio': 'true'}, {'Cancha(s) de Basket': 'true'}, {'Cancha(s) de Fútbol': 'true'}, {'Cancha(s) de squash': 'true'}, {'Cancha(s) de Tennis': 'true'}, {'Gimnasio': 'true'}, {'Jardín interior': 'true'}, {'Zona para niños': 'true'}, {'Zonas verdes': 'true'}, {'&Aacute;rea del lote 1000': 'true'}, {'Área Terraza/Balcón 200': 'true'}, {'Acceso para discapacitados': 'true'}, {'Parqueadero cubierto': 'true'}, {'Vista panorámica': 'true'}, {'Conjunto cerrado': 'true'}, {'Número de niveles 2': 'true'}, {'Terraza/Balcón terraza': 'true'}, {'Tipo de parqueadero propio': 'true'}, {'Vigilancia 24hrs': 'true'}, {'Cerca Centros Comerciales': 'true'}, {'Cerca Supermercados': 'true'}, {'Cerca Centros Comerciales': 'true'}, {'Cerca Supermercados': 'true'}]}",2026-07-25 00:42:20.712846+00:00
https://www.metrocuadrado.com/inmueble/arriendo-apartamento-bogota-los-rosales-2-habitaciones-2-banos-2-garajes/368-M6621608?src_url=%2Finmuebles%2Farriendo%2Fbogota,"{'title': 'Apartamento En Arriendo, LAS ROSALES', 'location': 'LAS ROSALES, Bogotá D.C.', 'price': '$ 8.900.000', 'area': None, 'estrato': None, 'main_specs': '2 hab. | 2 bañ. | 2 par.', 'characteristics': [{'Apto para niños': 'true'}, {'Citófonos': 'true'}, {'Cuarto de servicio': 'true'}, {'Estudio o biblioteca': 'true'}, {'Zona de lavanderia': 'true'}, {'Despensa': 'true'}, {'Horno': 'true'}, {'Tipo instalación de gas natural': 'true'}, {'Luz en la tarde': 'true'}, {'Número de piso 6': 'true'}, {'Se Permite Fumar': 'true'}, {'Tipo de calentador caldera': 'true'}, {'Tipo de Cocina abierta': 'true'}, {'Tipo comedor sala comedor': 'true'}, {'Depósito 1': 'true'}, {'Tipo de estufa gas': 'true'}, {'Vista exterior': 'true'}, {'Walking closet': 'true'}, {'Cerca a gimnasio': 'true'}, {'Cerca a hospitales': 'true'}, {'Cerca a restaurantes': 'true'}, {'Cerca a tiendas de barrio': 'true'}, {'Cancha(s) de squash': 'true'}, {'Gimnasio': 'true'}, {'Salón comunal': 'true'}, {'Zona de BBQ': 'true'}, {'Zonas verdes': 'true'}, {'Área Terraza/Balcón 7': 'true'}, {'Ascensor': 'true'}, {'Bahias de parqueo': 'true'}, {'Acceso para discapacitados': 'true'}, {'Circuito cerrado de TV': 'true'}, {'Parqueadero cubierto': 'true'}, {'Vista panorámica': 'true'}, {'Conjunto cerrado': 'true'}, {'Número de Ascensores 2': 'true'}, {'Parqueadero inteligente': 'true'}, {'Recepción Lobby': 'true'}, {'Terraza/Balcón balcón': 'true'}, {'Tipo de parqueadero propio': 'true'}, {'Vigilancia 24hrs': 'true'}, {'Cerca Colegios / Universidades': 'true'}, {'Cerca Parques': 'true'}, {'Cerca Supermercados': 'true'}, {'Cerca Transporte Público': 'true'}, {'Cerca Colegios / Universidades': 'true'}, {'Cerca Parques': 'true'}, {'Cerca Supermercados': 'true'}, {'Cerca Transporte Público': 'true'}]}",2026-07-25 00:42:26.109469+00:00
https://www.metrocuadrado.com/inmueble/arriendo-apartamento-bogota-cabrera-3-habitaciones-4-banos-4-garajes/19579-M6732931?src_url=%2Finmuebles%2Farriendo%2Fbogota,"{'title': 'Apartamento En Arriendo, Cabrera', 'location': 'Cabrera, Bogotá D.C.', 'price': '$ 33.000.000', 'area': None, 'estrato': None, 'main_specs': '3 hab. | 4 bañ. | 4 par.', 'characteristics': [{'Altillo': 'true'}, {'Baño Auxiliar': 'true'}, {'Aire acondicionado': 'true'}, {'Alarma': 'true'}, {'Baño de Servicio': 'true'}, {'Con calefacción': 'true'}, {'Con chimenea': 'true'}, {'Citófonos': 'true'}, {'Cocina Tipo Americano': 'true'}, {'Cocina integral': 'true'}, {'Comedor auxiliar': 'true'}, {'Cuarto de servicio': 'true'}, {'Depósito o cuarto útil': 'true'}, {'Estudio o biblioteca': 'true'}, {'Hall de Alcobas': 'true'}, {'Jacuzzi': 'true'}, {'Equipado / Amoblado': 'true'}, {'Zona de lavanderia': 'true'}, {'Control de ruido': 'true'}, {'Control térmico': 'true'}, {'Despensa': 'true'}, {'Detección de humo': 'true'}, {'Extractor': 'true'}, {'Horno': 'true'}, {'Lavaplatos': 'true'}, {'Luz en la mañana': 'true'}, {'Luz en la tarde': 'true'}, {'Monoambiente': 'true'}, {'Número de piso 12': 'true'}, {'Puerta eléctrica': 'true'}, {'Shut de basura': 'true'}, {'Depósito 1': 'true'}, {'Tipo de acabado piso cerámica': 'true'}, {'Walking closet': 'true'}, {'Cerca a hospitales': 'true'}, {'Cerca a Jardines y Colegios': 'true'}, {'Cerca a restaurantes': 'true'}, {'Cerca a tiendas de barrio': 'true'}, {'Cerca playa': 'true'}, {'Cancha(s) de Basket': 'true'}, {'Cancha(s) de Fútbol': 'true'}, {'Cancha(s) de squash': 'true'}, {'Cancha(s) de Tennis': 'true'}, {'Gimnasio': 'true'}, {'Jaula de Golf': 'true'}, {'Salón comunal': 'true'}, {'Sauna y/o turco': 'true'}, {'Zona de BBQ': 'true'}, {'Zona para niños': 'true'}, {'Zonas verdes': 'true'}, {'Acceso con tarjetas o dispositivos': 'true'}, {'Ascensor': 'true'}, {'Bahias de parqueo': 'true'}, {'Circuito cerrado de TV': 'true'}, {'Parqueadero visitantes': 'true'}, {'Piscina': 'true'}, {'Con Terraza': 'true'}, {'Vigilancia': 'true'}, {'Vista panorámica': 'true'}, {'Conjunto cerrado': 'true'}, {'Energia solar': 'true'}, {'Parqueadero inteligente': 'true'}, {'Recepción Lobby': 'true'}, {'Roof garden': 'true'}, {'Terraza/Balcón balcón': 'true'}, {'Terraza Rooftop': 'true'}, {'Vivienda Bifamiliar': 'true'}, {'Cerca Colegios / Universidades': 'true'}, {'Cerca Parques': 'true'}, {'Cerca Transporte Público': 'true'}, {'Sobre vía principal': 'true'}, {'Área Rural': 'true'}, {'Ubicación zona centros negocios': 'true'}, {'Área Urbana': 'true'}, {'Cerca Colegios / Universidades': 'true'}, {'Cerca Parques': 'true'}, {'Cerca Transporte Público': 'true'}, {'Sobre vía principal': 'true'}, {'Área Rural': 'true'}, {'Ubicación zona centros negocios': 'true'}, {'Área Urbana': 'true'}]}",2026-07-25 00:42:31.534685+00:00
https://www.metrocuadrado.com/inmueble/arriendo-casa-bogota-san-jose-de-bavaria-4-habitaciones-4-banos-3-garajes/3604-M6887065?src_url=%2Finmuebles%2Farriendo%2Fbogota,"{'title': 'Casa En Arriendo, SAN JOSE BAVARIA', 'location': 'SAN JOSE BAVARIA, Bogotá D.C.', 'price': '$ 13.000.000', 'area': None, 'estrato': None, 'main_specs': '4 hab. | 4 bañ. | 3 par.', 'characteristics': [{'Apto para niños': 'true'}, {'Casa campestre': 'true'}, {'Con chimenea': 'true'}, {'Citófonos': 'true'}, {'Cuarto de servicio': 'true'}, {'Estudio o biblioteca': 'true'}, {'Zona de lavanderia': 'true'}, {'Horno': 'true'}, {'Tipo instalación de gas natural': 'true'}, {'Lavaplatos': 'true'}, {'Luz en la mañana': 'true'}, {'Luz en la tarde': 'true'}, {'Número de Closets 4': 'true'}, {'Se Permite Fumar': 'true'}, {'Se Permiten Mascotas': 'true'}, {'Tipo de calentador gas': 'true'}, {'Tipo de Casa condominio': 'true'}, {'Tipo de Cocina en l': 'true'}, {'Tipo comedor comedor independiente': 'true'}, {'Tipo de estufa gas': 'true'}, {'Cerca a gimnasio': 'true'}, {'Cerca a hospitales': 'true'}, {'Cerca a Jardines y Colegios': 'true'}, {'Cerca a parque industrial': 'true'}, {'Cerca a restaurantes': 'true'}, {'Cerca a tiendas de barrio': 'true'}, {'Jardín interior': 'true'}, {'Salón comunal': 'true'}, {'Sendero peatonal': 'true'}, {'Zona de BBQ': 'true'}, {'Zona para niños': 'true'}, {'Zonas verdes': 'true'}, {'&Aacute;rea del lote 800': 'true'}, {'Acceso para discapacitados': 'true'}, {'Jardín': 'true'}, {'Conjunto cerrado': 'true'}, {'Número de niveles 2': 'true'}, {'Tipo de parqueadero propio': 'true'}, {'Vigilancia 24hrs': 'true'}, {'Cerca Centros Comerciales': 'true'}, {'Cerca Colegios / Universidades': 'true'}, {'Cerca Parques': 'true'}, {'Cerca Supermercados': 'true'}, {'Cerca Transporte Público': 'true'}, {'Sobre vía principal': 'true'}, {'Sobre vía secundaria': 'true'}, {'Cerca Centros Comerciales': 'true'}, {'Cerca Colegios / Universidades': 'true'}, {'Cerca Parques': 'true'}, {'Cerca Supermercados': 'true'}, {'Cerca Transporte Público': 'true'}, {'Sobre vía principal': 'true'}, {'Sobre vía secundaria': 'true'}]}",2026-07-25 00:42:36.802259+00:00
https://www.metrocuadrado.com/inmueble/arriendo-casa-bogota-san-jose-de-bavaria-4-habitaciones-4-banos-3-garajes/3604-M6884759?src_url=%2Finmuebles%2Farriendo%2Fbogota,"{'title': 'Casa En Arriendo, SAN JOSE BAVARIA', 'location': 'SAN JOSE BAVARIA, Bogotá D.C.', 'price': '$ 13.000.000', 'area': None, 'estrato': None, 'main_specs': '4 hab. | 4 bañ. | 3 par.', 'characteristics': [{'Apto para niños': 'true'}, {'Casa campestre': 'true'}, {'Con chimenea': 'true'}, {'Comedor auxiliar': 'true'}, {'Cuarto de servicio': 'true'}, {'Estudio o biblioteca': 'true'}, {'Hall de Alcobas': 'true'}, {'Zona de lavanderia': 'true'}, {'Tipo instalación de gas natural': 'true'}, {'Lavaplatos': 'true'}, {'Luz en la mañana': 'true'}, {'Luz en la tarde': 'true'}, {'Número de Closets 4': 'true'}, {'Se Permite Fumar': 'true'}, {'Se Permiten Mascotas': 'true'}, {'Tipo de calentador gas': 'true'}, {'Tipo de Casa condominio': 'true'}, {'Tipo de Cocina en l': 'true'}, {'Tipo comedor comedor independiente': 'true'}, {'Tipo de estufa gas': 'true'}, {'Vista interior': 'true'}, {'Cerca a gimnasio': 'true'}, {'Jardín interior': 'true'}, {'Salón comunal': 'true'}, {'Sendero peatonal': 'true'}, {'Zona de BBQ': 'true'}, {'Zona para niños': 'true'}, {'Zonas verdes': 'true'}, {'&Aacute;rea del lote 800': 'true'}, {'Acceso para discapacitados': 'true'}, {'Circuito cerrado de TV': 'true'}, {'Jardín': 'true'}, {'Vista panorámica': 'true'}, {'Conjunto cerrado': 'true'}, {'Número de Ascensores 0': 'true'}, {'Número de niveles 2': 'true'}, {'Tipo de parqueadero propio': 'true'}, {'Vigilancia 24hrs': 'true'}, {'Cerca Centros Comerciales': 'true'}, {'Cerca Colegios / Universidades': 'true'}, {'Cerca Parques': 'true'}, {'Cerca Supermercados': 'true'}, {'Cerca Transporte Público': 'true'}, {'Sobre vía principal': 'true'}, {'Sobre vía secundaria': 'true'}, {'Cerca Centros Comerciales': 'true'}, {'Cerca Colegios / Universidades': 'true'}, {'Cerca Parques': 'true'}, {'Cerca Supermercados': 'true'}, {'Cerca Transporte Público': 'true'}, {'Sobre vía principal': 'true'}, {'Sobre vía secundaria': 'true'}]}",2026-07-25 00:42:42.136787+00:00
https://www.metrocuadrado.com/inmueble/arriendo-apartaestudio-bogota-santa-bibiana-1-habitaciones-2-banos-1-garajes/13634-M6796060?src_url=%2Finmuebles%2Farriendo%2Fbogota,"{'title': 'Apartaestudio En Arriendo, SANTA BIBIANA SANTA BARBARA', 'location': 'SANTA BIBIANA SANTA BARBARA, Bogotá D.C.', 'price': '$ 3.800.000', 'area': None, 'estrato': None, 'main_specs': '1 hab. | 2 bañ. | 1 par.', 'characteristics': [{'Apto para niños': 'true'}, {'Con chimenea': 'true'}, {'Citófonos': 'true'}, {'Tipo de Cortinas persianas': 'true'}, {'Estudio o biblioteca': 'true'}, {'Zona de lavanderia': 'true'}, {'Despensa': 'true'}, {'Extractor': 'true'}, {'Horno': 'true'}, {'Tipo instalación de gas natural': 'true'}, {'Lavaplatos': 'true'}, {'Luz en la mañana': 'true'}, {'Luz en la tarde': 'true'}, {'Número de Closets 1': 'true'}, {'Número de piso 3': 'true'}, {'Se Permite Fumar': 'true'}, {'Se Permiten Mascotas': 'true'}, {'Shut de basura': 'true'}, {'Tipo de calentador caldera': 'true'}, {'Tipo de Cocina abierta': 'true'}, {'Tipo comedor sala comedor': 'true'}, {'Depósito 1': 'true'}, {'Tipo de estufa gas': 'true'}, {'Tipo de acabado piso laminado': 'true'}, {'Tipo de piso en alcobas laminado': 'true'}, {'Tipo de piso en comedor porcelanato': 'true'}, {'Tipo de piso en estudio laminado': 'true'}, {'Tipo de piso en sala porcelanato': 'true'}, {'Vista exterior': 'true'}, {'Cerca a gimnasio': 'true'}, {'Cerca a hospitales': 'true'}, {'Cerca a Jardines y Colegios': 'true'}, {'Cerca a restaurantes': 'true'}, {'Cancha(s) de squash': 'true'}, {'Gimnasio': 'true'}, {'Sauna y/o turco': 'true'}, {'Zona de BBQ': 'true'}, {'Zona para niños': 'true'}, {'Área Terraza/Balcón 1.50': 'true'}, {'Ascensor': 'true'}, {'Acceso para discapacitados': 'true'}, {'Circuito cerrado de TV': 'true'}, {'Parqueadero cubierto': 'true'}, {'Vista panorámica': 'true'}, {'Conjunto cerrado': 'true'}, {'Número de Ascensores 2': 'true'}, {'Recepción Lobby': 'true'}, {'Terraza/Balcón balcón': 'true'}, {'Tipo de parqueadero independiente': 'true'}, {'Vigilancia 24hrs': 'true'}, {'Cerca Centros Comerciales': 'true'}, {'Cerca Colegios / Universidades': 'true'}, {'Cerca Parques': 'true'}, {'Cerca Supermercados': 'true'}, {'Cerca Transporte Público': 'true'}, {'Sobre vía secundaria': 'true'}, {'Cerca Centros Comerciales': 'true'}, {'Cerca Colegios / Universidades': 'true'}, {'Cerca Parques': 'true'}, {'Cerca Supermercados': 'true'}, {'Cerca Transporte Público': 'true'}, {'Sobre vía secundaria': 'true'}]}",2026-07-25 00:42:47.475628+00:00
https://www.metrocuadrado.com/inmueble/arriendo-apartamento-bogota-bella-suiza-3-habitaciones-2-banos-2-garajes/3340-M6586210?src_url=%2Finmuebles%2Farriendo%2Fbogota,"{'title': 'Apartamento En Arriendo, BELLA SUIZA', 'location': 'BELLA SUIZA, Bogotá D.C.', 'price': '$ 4.200.000', 'area': None, 'estrato': None, 'main_specs': '3 hab. | 2 bañ. | 2 par.', 'characteristics': [{'Apto para niños': 'true'}, {'Con chimenea': 'true'}, {'Citófonos': 'true'}, {'Tipo de Cortinas persianas': 'true'}, {'Cuarto de servicio': 'true'}, {'Estudio o biblioteca': 'true'}, {'Hall de Alcobas': 'true'}, {'Zona de lavanderia': 'true'}, {'Extractor': 'true'}, {'Tipo instalación de gas natural': 'true'}, {'Luz en la mañana': 'true'}, {'Número de Closets 3': 'true'}, {'Número de piso 1': 'true'}, {'Se Permiten Mascotas': 'true'}, {'Tipo de calentador gas': 'true'}, {'Tipo de Cocina abierta': 'true'}, {'Tipo comedor sala comedor': 'true'}, {'Depósito 1': 'true'}, {'Tipo de estufa gas': 'true'}, {'Tipo de acabado piso laminado': 'true'}, {'Tipo de piso en alcobas laminado': 'true'}, {'Tipo de piso en comedor laminado': 'true'}, {'Tipo de piso en sala laminado': 'true'}, {'Vista exterior': 'true'}, {'Cerca a gimnasio': 'true'}, {'Cerca a hospitales': 'true'}, {'Cerca a Jardines y Colegios': 'true'}, {'Cerca a restaurantes': 'true'}, {'Cerca a tiendas de barrio': 'true'}, {'Zona de BBQ': 'true'}, {'Zonas verdes': 'true'}, {'Ascensor': 'true'}, {'Circuito cerrado de TV': 'true'}, {'Parqueadero cubierto': 'true'}, {'Número de Ascensores 1': 'true'}, {'Tipo de parqueadero independiente': 'true'}, {'Vigilancia 12hrs': 'true'}, {'Cerca Centros Comerciales': 'true'}, {'Cerca Colegios / Universidades': 'true'}, {'Cerca Parques': 'true'}, {'Cerca Supermercados': 'true'}, {'Cerca Transporte Público': 'true'}, {'Sobre vía secundaria': 'true'}, {'Cerca Centros Comerciales': 'true'}, {'Cerca Colegios / Universidades': 'true'}, {'Cerca Parques': 'true'}, {'Cerca Supermercados': 'true'}, {'Cerca Transporte Público': 'true'}, {'Sobre vía secundaria': 'true'}]}",2026-07-25 00:42:52.761594+00:00
https://www.metrocuadrado.com/inmueble/arriendo-apartamento-bogota-bosque-medina-4-habitaciones-4-banos-4-garajes/2501-M6346414?src_url=%2Finmuebles%2Farriendo%2Fbogota,"{'title': 'Apartamento En Arriendo, Bosque Medina', 'location': 'Bosque Medina, Bogotá D.C.', 'price': '$ 20.000.000', 'area': None, 'estrato': None, 'main_specs': '4 hab. | 4 bañ. | 4 par.', 'characteristics': [{'Baño Auxiliar': 'true'}, {'Baño de Servicio': 'true'}, {'Con calefacción': 'true'}, {'Con chimenea': 'true'}, {'Citófonos': 'true'}, {'Cocina Tipo Americano': 'true'}, {'Cocina integral': 'true'}, {'Comedor auxiliar': 'true'}, {'Tipo de Cortinas persianas': 'true'}, {'Cuarto de servicio': 'true'}, {'Estudio o biblioteca': 'true'}, {'Zona de lavanderia': 'true'}, {'Despensa': 'true'}, {'Dúplex': 'true'}, {'Horno': 'true'}, {'Tipo instalación de gas natural': 'true'}, {'Lavaplatos': 'true'}, {'Luz en la tarde': 'true'}, {'Monoambiente': 'true'}, {'Número de Closets 4': 'true'}, {'Número de piso 6': 'true'}, {'PentHouse': 'true'}, {'Tipo de calentador gas': 'true'}, {'Tipo comedor comedor independiente': 'true'}, {'Depósito 1': 'true'}, {'Tipo de estufa gas': 'true'}, {'Tipo de acabado piso madera': 'true'}, {'Tipo de piso en alcobas alfombra': 'true'}, {'Tipo de piso en estudio madera': 'true'}, {'Salón comunal': 'true'}, {'Área Terraza/Balcón 65': 'true'}, {'Ascensor': 'true'}, {'Circuito cerrado de TV': 'true'}, {'Parqueadero cubierto': 'true'}, {'Parqueadero visitantes': 'true'}, {'Vigilancia': 'true'}, {'Vista panorámica': 'true'}, {'Conjunto cerrado': 'true'}, {'Número de Ascensores 2': 'true'}, {'Recepción Lobby': 'true'}, {'Terraza/Balcón terraza': 'true'}, {'Tipo de parqueadero propio': 'true'}, {'Vigilancia 24hrs': 'true'}, {'Cerca Centros Comerciales': 'true'}, {'Cerca Parques': 'true'}, {'Cerca Supermercados': 'true'}, {'Cerca Transporte Público': 'true'}, {'Cerca Centros Comerciales': 'true'}, {'Cerca Parques': 'true'}, {'Cerca Supermercados': 'true'}, {'Cerca Transporte Público': 'true'}]}",2026-07-25 00:42:57.977486+00:00
https://www.metrocuadrado.com/inmueble/arriendo-apartamento-bogota-provenza-4-habitaciones-5-banos-3-garajes/21414-M6329093?src_url=%2Finmuebles%2Farriendo%2Fbogota,"{'title': 'Apartamento En Arriendo, Provenza', 'location': 'Provenza, Bogotá D.C.', 'price': '$ 8.500.000', 'area': None, 'estrato': None, 'main_specs': '4 hab. | 5 bañ. | 3 par.', 'characteristics': [{'Baño Auxiliar': 'true'}, {'Baño de Servicio': 'true'}, {'Con calefacción': 'true'}, {'Con chimenea': 'true'}, {'Citófonos': 'true'}, {'Cocina Tipo Americano': 'true'}, {'Cocina integral': 'true'}, {'Comedor auxiliar': 'true'}, {'Cuarto de servicio': 'true'}, {'Hall de Alcobas': 'true'}, {'Equipado / Amoblado': 'true'}, {'Zona de lavanderia': 'true'}, {'Número de piso 7': 'true'}, {'Depósito 1': 'true'}, {'Tipo de acabado piso cerámica': 'true'}, {'Cancha(s) de Basket': 'true'}, {'Cancha(s) de squash': 'true'}, {'Cancha(s) de Tennis': 'true'}, {'Gimnasio': 'true'}, {'Salón comunal': 'true'}, {'Sauna y/o turco': 'true'}, {'Zona de BBQ': 'true'}, {'Zona para niños': 'true'}, {'Zonas verdes': 'true'}, {'Ascensor': 'true'}, {'Circuito cerrado de TV': 'true'}, {'Parqueadero visitantes': 'true'}, {'Con Terraza': 'true'}, {'Vigilancia': 'true'}, {'Vista panorámica': 'true'}, {'Conjunto cerrado': 'true'}, {'Recepción Lobby': 'true'}, {'Terraza/Balcón balcón': 'true'}, {'Terraza Rooftop': 'true'}, {'Cerca Colegios / Universidades': 'true'}, {'Cerca Parques': 'true'}, {'Cerca Transporte Público': 'true'}, {'Sobre vía principal': 'true'}, {'Área Rural': 'true'}, {'Área Urbana': 'true'}, {'Cerca Colegios / Universidades': 'true'}, {'Cerca Parques': 'true'}, {'Cerca Transporte Público': 'true'}, {'Sobre vía principal': 'true'}, {'Área Rural': 'true'}, {'Área Urbana': 'true'}]}",2026-07-25 00:43:02.695977+00:00
https://www.metrocuadrado.com/inmueble/arriendo-apartamento-bogota-los-rosales-2-habitaciones-2-banos-1-garajes/438-1475085?src_url=%2Finmuebles%2Farriendo%2Fbogota,"{'title': 'Apartamento En Arriendo, CABRERA', 'location': 'CABRERA, Bogotá D.C.', 'price': '$ 3.420.000', 'area': None, 'estrato': None, 'main_specs': '2 hab. | 2 bañ. | 1 par.', 'characteristics': [{'Alarma': 'true'}, {'Baño de Servicio': 'true'}, {'Citófonos': 'true'}, {'Cocina integral': 'true'}, {'Cuarto de servicio': 'true'}, {'Hall de Alcobas': 'true'}, {'Instalación de Gas': 'true'}, {'Piso en cerámica': 'true'}, {'Piso en madera': 'true'}, {'Puertas de seguridad': 'true'}, {'Zona de lavanderia': 'true'}, {'En interior y/o bloque': 'true'}, {'Tipo instalación de gas natural': 'true'}, {'Número de Closets 3': 'true'}, {'Número de piso 9': 'true'}, {'Tipo de calentador gas': 'true'}, {'Tipo de Cocina gas': 'true'}, {'Tipo de Cocina otra': 'true'}, {'Tipo comedor sala comedor': 'true'}, {'Depósito 0': 'true'}, {'Tipo de estufa gas': 'true'}, {'Tipo de acabado piso madera': 'true'}, {'Tipo de piso en alcobas madera': 'true'}, {'Tipo de piso en comedor madera': 'true'}, {'Tipo de piso en sala madera': 'true'}, {'Vista exterior': 'true'}, {'Salón comunal': 'true'}, {'Clase apartamento': 'true'}, {'Circuito cerrado de TV': 'true'}, {'Vista panorámica': 'true'}, {'Conjunto cerrado': 'true'}, {'Terraza/Balcón ninguno': 'true'}, {'Tipo de parqueadero servidumbre': 'true'}, {'Vigilancia 24hrs': 'true'}, {'Sobre vía secundaria': 'true'}, {'Sobre vía secundaria': 'true'}]}",2026-07-25 00:43:07.474365+00:00
https://www.metrocuadrado.com/inmueble/arriendo-casa-bogota-ciudadela-real-4-habitaciones-5-banos-4-garajes/5044-M6802635?src_url=%2Finmuebles%2Farriendo%2Fbogota,"{'title': 'Casa En Arriendo, Bosques Del Marques', 'location': 'Bosques Del Marques, Bogotá D.C.', 'price': '$ 32.500.000', 'area': None, 'estrato': None, 'main_specs': '4 hab. | 5 bañ. | 4 par.', 'characteristics': [{'Baño Auxiliar': 'true'}, {'Aire acondicionado': 'true'}, {'Baño de Servicio': 'true'}, {'Con calefacción': 'true'}, {'Con chimenea': 'true'}, {'Cocina integral': 'true'}, {'Comedor auxiliar': 'true'}, {'Cuarto de servicio': 'true'}, {'Estudio o biblioteca': 'true'}, {'Jacuzzi': 'true'}, {'Zona de lavanderia': 'true'}, {'Extractor': 'true'}, {'Lavaplatos': 'true'}, {'Luz en la mañana': 'true'}, {'Luz en la tarde': 'true'}, {'Número de piso 3': 'true'}, {'Depósito 1': 'true'}, {'Tipo de acabado piso cerámica': 'true'}, {'Cerca a Jardines y Colegios': 'true'}, {'Cancha(s) de Basket': 'true'}, {'Cancha(s) de Fútbol': 'true'}, {'Cancha(s) de squash': 'true'}, {'Cancha(s) de Tennis': 'true'}, {'Gimnasio': 'true'}, {'Jardín interior': 'true'}, {'Salón comunal': 'true'}, {'Sauna y/o turco': 'true'}, {'Zonas verdes': 'true'}, {'&Aacute;rea del lote 520': 'true'}, {'Jardín': 'true'}, {'Parqueadero visitantes': 'true'}, {'Piscina': 'true'}, {'Vigilancia': 'true'}, {'Vista panorámica': 'true'}, {'Terraza/Balcón balcón': 'true'}, {'Cerca Parques': 'true'}, {'Cerca Transporte Público': 'true'}, {'Sobre vía principal': 'true'}, {'Cerca Parques': 'true'}, {'Cerca Transporte Público': 'true'}, {'Sobre vía principal': 'true'}]}",2026-07-25 00:43:12.109476+00:00
https://www.metrocuadrado.com/inmueble/arriendo-oficina-bogota-samper-5-banos-4-garajes/537-M6887246?src_url=%2Finmuebles%2Farriendo%2Fbogota,"{'title': 'Oficina En Arriendo, San Diego Santa Fe', 'location': 'San Diego Santa Fe, Bogotá D.C.', 'price': '$ 104.860.000', 'area': None, 'estrato': None, 'main_specs': '5 bañ. | 4 par.', 'characteristics': [{'Aire acondicionado': 'true'}, {'Citófonos': 'true'}, {'Equipado / Amoblado': 'true'}, {'Puertas de seguridad': 'true'}, {'Control de ruido': 'true'}, {'Control térmico': 'true'}, {'Detección de humo': 'true'}, {'Equipado': 'true'}, {'Escalera de Emergencia': 'true'}, {'Número de piso 3': 'true'}, {'Salón de conferencias': 'true'}, {'Se Permite Fumar': 'true'}, {'Tipo de oficina edificio': 'true'}, {'Tipo de acabado piso porcelanato': 'true'}, {'Vista exterior': 'true'}, {'Cerca a gimnasio': 'true'}, {'Cerca a hospitales': 'true'}, {'Cerca a parque industrial': 'true'}, {'Acceso con tarjetas o dispositivos': 'true'}, {'Ascensor': 'true'}, {'Acceso para discapacitados': 'true'}, {'Circuito cerrado de TV': 'true'}, {'Parqueadero cubierto': 'true'}, {'Vista panorámica': 'true'}, {'Generador eléctrico': 'true'}, {'Jardines': 'true'}, {'Número de Ascensores 3': 'true'}, {'Recepción Lobby': 'true'}, {'Sistema contra incendio': 'true'}, {'Vigilancia 24hrs': 'true'}, {'Cerca Centros Comerciales': 'true'}, {'Cerca Colegios / Universidades': 'true'}, {'Cerca Parques': 'true'}, {'Cerca Supermercados': 'true'}, {'Cerca Transporte Público': 'true'}, {'Sobre vía principal': 'true'}, {'Sobre vía secundaria': 'true'}, {'Ubicación zona centros negocios': 'true'}, {'Cerca Centros Comerciales': 'true'}, {'Cerca Colegios / Universidades': 'true'}, {'Cerca Parques': 'true'}, {'Cerca Supermercados': 'true'}, {'Cerca Transporte Público': 'true'}, {'Sobre vía principal': 'true'}, {'Sobre vía secundaria': 'true'}, {'Ubicación zona centros negocios': 'true'}]}",2026-07-25 00:43:17.446857+00:00
https://www.metrocuadrado.com/inmueble/arriendo-casa-bogota-san-jose-de-bavaria-4-habitaciones-4-banos-3-garajes/3604-M6801355?src_url=%2Finmuebles%2Farriendo%2Fbogota,"{'title': 'Casa En Arriendo, SAN JOSE BAVARIA', 'location': 'SAN JOSE BAVARIA, Bogotá D.C.', 'price': '$ 13.000.000', 'area': None, 'estrato': None, 'main_specs': '4 hab. | 4 bañ. | 3 par.', 'characteristics': [{'Apto para niños': 'true'}, {'Con chimenea': 'true'}, {'Citófonos': 'true'}, {'Comedor auxiliar': 'true'}, {'Cuarto de servicio': 'true'}, {'Estudio o biblioteca': 'true'}, {'Zona de lavanderia': 'true'}, {'Despensa': 'true'}, {'Extractor': 'true'}, {'Horno': 'true'}, {'Tipo instalación de gas natural': 'true'}, {'Lavaplatos': 'true'}, {'Luz en la mañana': 'true'}, {'Luz en la tarde': 'true'}, {'Número de Closets 4': 'true'}, {'Se Permite Fumar': 'true'}, {'Se Permiten Mascotas': 'true'}, {'Tipo de calentador gas': 'true'}, {'Tipo de Casa condominio': 'true'}, {'Tipo de Cocina en l': 'true'}, {'Tipo comedor comedor independiente': 'true'}, {'Tipo de estufa gas': 'true'}, {'Vista interior': 'true'}, {'Walking-closet': 'true'}, {'Cerca a gimnasio': 'true'}, {'Cerca a hospitales': 'true'}, {'Cerca a Jardines y Colegios': 'true'}, {'Cerca a restaurantes': 'true'}, {'Cerca a tiendas de barrio': 'true'}, {'Jardín interior': 'true'}, {'Salón comunal': 'true'}, {'Sendero peatonal': 'true'}, {'Zona de BBQ': 'true'}, {'Zona para niños': 'true'}, {'Zonas verdes': 'true'}, {'&Aacute;rea del lote 800': 'true'}, {'Acceso para discapacitados': 'true'}, {'Circuito cerrado de TV': 'true'}, {'Jardín': 'true'}, {'Conjunto cerrado': 'true'}, {'Número de niveles 2': 'true'}, {'Tipo de parqueadero propio': 'true'}, {'Vigilancia 24hrs': 'true'}, {'Cerca Centros Comerciales': 'true'}, {'Cerca Colegios / Universidades': 'true'}, {'Cerca Supermercados': 'true'}, {'Cerca Transporte Público': 'true'}, {'Sobre vía principal': 'true'}, {'Sobre vía secundaria': 'true'}, {'Cerca Centros Comerciales': 'true'}, {'Cerca Colegios / Universidades': 'true'}, {'Cerca Supermercados': 'true'}, {'Cerca Transporte Público': 'true'}, {'Sobre vía principal': 'true'}, {'Sobre vía secundaria': 'true'}]}",2026-07-25 00:43:22.839837+00:00
https://www.metrocuadrado.com/inmueble/arriendo-apartamento-bogota-la-igualdad-3-habitaciones-2-banos-1-garajes/23104-M6756085?src_url=%2Finmuebles%2Farriendo%2Fbogota,"{'title': 'Apartamento En Arriendo, MARSELLA III SECTOR', 'location': 'MARSELLA III SECTOR, Bogotá D.C.', 'price': '$ 2.784.000', 'area': None, 'estrato': None, 'main_specs': '3 hab. | 2 bañ. | 1 par.', 'characteristics': [{'Apto para niños': 'true'}, {'Citófonos': 'true'}, {'Tipo de Cortinas persianas': 'true'}, {'Estudio o biblioteca': 'true'}, {'Hall de Alcobas': 'true'}, {'Puertas de seguridad': 'true'}, {'Zona de lavanderia': 'true'}, {'Despensa': 'true'}, {'Detección de humo': 'true'}, {'En interior y/o bloque': 'true'}, {'Extractor': 'true'}, {'Horno': 'true'}, {'Tipo instalación de gas natural': 'true'}, {'Luz en la mañana': 'true'}, {'Luz en la tarde': 'true'}, {'Número de Closets 3': 'true'}, {'Número de piso 2': 'true'}, {'Se Permiten Mascotas': 'true'}, {'Shut de basura': 'true'}, {'Tipo de calentador gas': 'true'}, {'Tipo de Cocina paralela': 'true'}, {'Tipo comedor sala comedor': 'true'}, {'Depósito 1': 'true'}, {'Tipo de estufa electrica': 'true'}, {'Tipo de acabado piso laminado': 'true'}, {'Tipo de piso en alcobas laminado': 'true'}, {'Tipo de piso en comedor laminado': 'true'}, {'Tipo de piso en estudio laminado': 'true'}, {'Tipo de piso en sala laminado': 'true'}, {'Vista exterior': 'true'}, {'Cerca a gimnasio': 'true'}, {'Cerca a hospitales': 'true'}, {'Cerca a Jardines y Colegios': 'true'}, {'Cerca a parque industrial': 'true'}, {'Cerca a restaurantes': 'true'}, {'Cerca a tiendas de barrio': 'true'}, {'Cancha(s) de Fútbol': 'true'}, {'Gimnasio': 'true'}, {'Salón comunal': 'true'}, {'Sauna y/o turco': 'true'}, {'Zona de BBQ': 'true'}, {'Zona para niños': 'true'}, {'Acceso con tarjetas o dispositivos': 'true'}, {'Ascensor': 'true'}, {'Bahias de parqueo': 'true'}, {'Acceso para discapacitados': 'true'}, {'Circuito cerrado de TV': 'true'}, {'Parqueadero cubierto': 'true'}, {'Piscina': 'true'}, {'Conjunto cerrado': 'true'}, {'Número de Ascensores 2': 'true'}, {'Recepción Lobby': 'true'}, {'Roof garden': 'true'}, {'Terraza/Balcón ninguno': 'true'}, {'Terraza Rooftop': 'true'}, {'Tipo de parqueadero propio': 'true'}, {'Vigilancia 24hrs': 'true'}, {'Cerca Centros Comerciales': 'true'}, {'Cerca Colegios / Universidades': 'true'}, {'Cerca Parques': 'true'}, {'Cerca Supermercados': 'true'}, {'Cerca Transporte Público': 'true'}, {'Sobre vía principal': 'true'}, {'Sobre vía secundaria': 'true'}, {'Cerca Centros Comerciales': 'true'}, {'Cerca Colegios / Universidades': 'true'}, {'Cerca Parques': 'true'}, {'Cerca Supermercados': 'true'}, {'Cerca Transporte Público': 'true'}, {'Sobre vía principal': 'true'}, {'Sobre vía secundaria': 'true'}]}",2026-07-25 00:43:28.215913+00:00
https://www.metrocuadrado.com/inmueble/arriendo-apartamento-bogota-quesada-3-habitaciones-2-banos-1-garajes/21784-M6711280?src_url=%2Finmuebles%2Farriendo%2Fbogota,"{'title': 'Apartamento En Arriendo, San Luis Galerias', 'location': 'San Luis Galerias, Bogotá D.C.', 'price': '$ 3.700.000', 'area': None, 'estrato': None, 'main_specs': '3 hab. | 2 bañ. | 1 par.', 'characteristics': [{'Apto para niños': 'true'}, {'Tipo de Cortinas ninguna': 'true'}, {'Hall de Alcobas': 'true'}, {'Puertas de seguridad': 'true'}, {'Zona de lavanderia': 'true'}, {'Detección de humo': 'true'}, {'En interior y/o bloque': 'true'}, {'Extractor': 'true'}, {'Horno': 'true'}, {'Tipo instalación de gas natural': 'true'}, {'Luz en la mañana': 'true'}, {'Luz en la tarde': 'true'}, {'Monoambiente': 'true'}, {'Número de Closets 3': 'true'}, {'Número de piso 5': 'true'}, {'Shut de basura': 'true'}, {'Tipo de calentador gas': 'true'}, {'Tipo de Cocina lineal': 'true'}, {'Tipo comedor sala comedor': 'true'}, {'Depósito 1': 'true'}, {'Tipo de estufa gas': 'true'}, {'Tipo de acabado piso laminado': 'true'}, {'Tipo de piso en alcobas laminado': 'true'}, {'Tipo de piso en comedor laminado': 'true'}, {'Tipo de piso en estudio laminado': 'true'}, {'Tipo de piso en sala laminado': 'true'}, {'Vista exterior': 'true'}, {'Cerca a gimnasio': 'true'}, {'Cerca a hospitales': 'true'}, {'Cerca a Jardines y Colegios': 'true'}, {'Cerca a restaurantes': 'true'}, {'Cerca a tiendas de barrio': 'true'}, {'Zona para niños': 'true'}, {'Zonas verdes': 'true'}, {'Ascensor': 'true'}, {'Acceso para discapacitados': 'true'}, {'Parqueadero cubierto': 'true'}, {'Vista panorámica': 'true'}, {'Conjunto cerrado': 'true'}, {'Número de Ascensores 1': 'true'}, {'Terraza/Balcón ninguno': 'true'}, {'Tipo de parqueadero propio': 'true'}, {'Vigilancia 12hrs': 'true'}, {'Cerca Centros Comerciales': 'true'}, {'Cerca Colegios / Universidades': 'true'}, {'Cerca Parques': 'true'}, {'Cerca Supermercados': 'true'}, {'Cerca Transporte Público': 'true'}, {'Sobre vía principal': 'true'}, {'Cerca Centros Comerciales': 'true'}, {'Cerca Colegios / Universidades': 'true'}, {'Cerca Parques': 'true'}, {'Cerca Supermercados': 'true'}, {'Cerca Transporte Público': 'true'}, {'Sobre vía principal': 'true'}]}",2026-07-25 00:43:33.586178+00:00
https://www.metrocuadrado.com/inmueble/arriendo-apartamento-bogota-samper-2-habitaciones-2-banos-1-garajes/21662-M6784122?src_url=%2Finmuebles%2Farriendo%2Fbogota,"{'title': 'Apartamento En Arriendo, Centro Internacional Bogota', 'location': 'Centro Internacional Bogota, Bogotá D.C.', 'price': '$ 4.900.000', 'area': None, 'estrato': None, 'main_specs': '2 hab. | 2 bañ. | 1 par.', 'characteristics': [{'Apto para niños': 'true'}, {'Citófonos': 'true'}, {'Tipo de Cortinas persianas': 'true'}, {'Estudio o biblioteca': 'true'}, {'Hall de Alcobas': 'true'}, {'Equipado / Amoblado': 'true'}, {'Zona de lavanderia': 'true'}, {'Despensa': 'true'}, {'Detección de humo': 'true'}, {'En interior y/o bloque': 'true'}, {'Extractor': 'true'}, {'Horno': 'true'}, {'Tipo instalación de gas natural': 'true'}, {'Luz en la mañana': 'true'}, {'Luz en la tarde': 'true'}, {'Número de Closets 3': 'true'}, {'Número de piso 23': 'true'}, {'Se Permite Fumar': 'true'}, {'Se Permiten Mascotas': 'true'}, {'Shut de basura': 'true'}, {'Tipo de calentador gas': 'true'}, {'Tipo de Cocina abierta': 'true'}, {'Tipo comedor sala comedor': 'true'}, {'Depósito 0': 'true'}, {'Tipo de estufa gas': 'true'}, {'Tipo de acabado piso baldosa': 'true'}, {'Tipo de piso en alcobas laminado': 'true'}, {'Tipo de piso en comedor laminado': 'true'}, {'Tipo de piso en estudio laminado': 'true'}, {'Tipo de piso en sala laminado': 'true'}, {'Vista exterior': 'true'}, {'Cerca a gimnasio': 'true'}, {'Cerca a parque industrial': 'true'}, {'Cerca a restaurantes': 'true'}, {'Cerca a tiendas de barrio': 'true'}, {'Gimnasio': 'true'}, {'Salón comunal': 'true'}, {'Sauna y/o turco': 'true'}, {'Zona de BBQ': 'true'}, {'Zona para niños': 'true'}, {'Zonas verdes': 'true'}, {'Acceso con tarjetas o dispositivos': 'true'}, {'Área Terraza/Balcón 8': 'true'}, {'Ascensor': 'true'}, {'Bahias de parqueo': 'true'}, {'Acceso para discapacitados': 'true'}, {'Circuito cerrado de TV': 'true'}, {'Parqueadero cubierto': 'true'}, {'Vista panorámica': 'true'}, {'Número de Ascensores 2': 'true'}, {'Parqueadero inteligente': 'true'}, {'Recepción Lobby': 'true'}, {'Terraza/Balcón balcón': 'true'}, {'Terraza Rooftop': 'true'}, {'Tipo de parqueadero propio': 'true'}, {'Vigilancia 24hrs': 'true'}, {'Cerca Centros Comerciales': 'true'}, {'Cerca Colegios / Universidades': 'true'}, {'Cerca Parques': 'true'}, {'Cerca Supermercados': 'true'}, {'Cerca Transporte Público': 'true'}, {'Sobre vía principal': 'true'}, {'Cerca Centros Comerciales': 'true'}, {'Cerca Colegios / Universidades': 'true'}, {'Cerca Parques': 'true'}, {'Cerca Supermercados': 'true'}, {'Cerca Transporte Público': 'true'}, {'Sobre vía principal': 'true'}]}",2026-07-25 00:43:38.971801+00:00
https://www.metrocuadrado.com/inmueble/arriendo-casa-bogota-bosque-de-pinos-5-habitaciones-5-banos-4-garajes/19579-M6798839?src_url=%2Finmuebles%2Farriendo%2Fbogota,"{'title': 'Casa En Arriendo, Bosque De Pinos', 'location': 'Bosque De Pinos, Bogotá D.C.', 'price': '$ 35.000.000', 'area': None, 'estrato': None, 'main_specs': '5 hab. | 5 bañ. | 4 par.', 'characteristics': [{'Baño Auxiliar': 'true'}, {'Aire acondicionado': 'true'}, {'Baño de Servicio': 'true'}, {'Con calefacción': 'true'}, {'Cocina integral': 'true'}, {'Comedor auxiliar': 'true'}, {'Cuarto de servicio': 'true'}, {'Estudio o biblioteca': 'true'}, {'Hall de Alcobas': 'true'}, {'Zona de lavanderia': 'true'}, {'Despensa': 'true'}, {'Extractor': 'true'}, {'Horno': 'true'}, {'Lavaplatos': 'true'}, {'Luz en la mañana': 'true'}, {'Luz en la tarde': 'true'}, {'Número de piso 1': 'true'}, {'Depósito 1': 'true'}, {'Tipo de acabado piso cerámica': 'true'}, {'Walking-closet': 'true'}, {'Cerca a Jardines y Colegios': 'true'}, {'Cerca a restaurantes': 'true'}, {'Cerca a tiendas de barrio': 'true'}, {'Cancha(s) de Basket': 'true'}, {'Cancha(s) de squash': 'true'}, {'Cancha(s) de Tennis': 'true'}, {'Gimnasio': 'true'}, {'Salón comunal': 'true'}, {'Zonas verdes': 'true'}, {'&Aacute;rea del lote 520': 'true'}, {'Circuito cerrado de TV': 'true'}, {'Jardín': 'true'}, {'Parqueadero visitantes': 'true'}, {'Piscina': 'true'}, {'Vigilancia': 'true'}, {'Vista panorámica': 'true'}, {'Conjunto cerrado': 'true'}, {'Terraza/Balcón balcón': 'true'}, {'Cerca Colegios / Universidades': 'true'}, {'Cerca Parques': 'true'}, {'Cerca Transporte Público': 'true'}, {'Área Urbana': 'true'}, {'Cerca Colegios / Universidades': 'true'}, {'Cerca Parques': 'true'}, {'Cerca Transporte Público': 'true'}, {'Área Urbana': 'true'}]}",2026-07-25 00:43:43.857718+00:00
https://www.metrocuadrado.com/inmueble/arriendo-apartamento-bogota-reserva-del-chico-1-habitaciones-1-banos-1-garajes/4698-M6141179?src_url=%2Finmuebles%2Farriendo%2Fbogota,"{'title': 'Apartamento En Arriendo, RESERVA DEL CHICO', 'location': 'RESERVA DEL CHICO, Bogotá D.C.', 'price': '$ 5.800.000', 'area': None, 'estrato': None, 'main_specs': '1 hab. | 1 bañ. | 1 par.', 'characteristics': [{'Con chimenea': 'true'}, {'Citófonos': 'true'}, {'Tipo de Cortinas persianas': 'true'}, {'Hall de Alcobas': 'true'}, {'Equipado / Amoblado': 'true'}, {'Zona de lavanderia': 'true'}, {'Despensa': 'true'}, {'Extractor': 'true'}, {'Horno': 'true'}, {'Tipo instalación de gas natural': 'true'}, {'Luz en la mañana': 'true'}, {'Luz en la tarde': 'true'}, {'Número de Closets 1': 'true'}, {'Número de piso 2': 'true'}, {'Shut de basura': 'true'}, {'Tipo de calentador gas': 'true'}, {'Tipo de Cocina abierta': 'true'}, {'Tipo comedor sala comedor': 'true'}, {'Depósito 1': 'true'}, {'Tipo de estufa gas': 'true'}, {'Tipo de acabado piso madera': 'true'}, {'Tipo de piso en alcobas madera': 'true'}, {'Tipo de piso en comedor madera': 'true'}, {'Tipo de piso en sala madera': 'true'}, {'Vista exterior': 'true'}, {'Walking closet': 'true'}, {'Cerca a gimnasio': 'true'}, {'Cerca a restaurantes': 'true'}, {'Cerca a tiendas de barrio': 'true'}, {'Acceso con tarjetas o dispositivos': 'true'}, {'Ascensor': 'true'}, {'Circuito cerrado de TV': 'true'}, {'Parqueadero cubierto': 'true'}, {'Número de Ascensores 1': 'true'}, {'Terraza/Balcón ninguno': 'true'}, {'Tipo de parqueadero propio': 'true'}, {'Vigilancia 24hrs': 'true'}, {'Cerca Centros Comerciales': 'true'}, {'Cerca Parques': 'true'}, {'Cerca Supermercados': 'true'}, {'Cerca Transporte Público': 'true'}, {'Sobre vía secundaria': 'true'}, {'Cerca Centros Comerciales': 'true'}, {'Cerca Parques': 'true'}, {'Cerca Supermercados': 'true'}, {'Cerca Transporte Público': 'true'}, {'Sobre vía secundaria': 'true'}]}",2026-07-25 00:43:49.150598+00:00
https://www.metrocuadrado.com/inmueble/arriendo-casa-bogota-casa-blanca-5-habitaciones-5-banos-4-garajes/19615-M6779309?src_url=%2Finmuebles%2Farriendo%2Fbogota,"{'title': 'Casa En Arriendo, GUAYMARAL', 'location': 'GUAYMARAL, Bogotá D.C.', 'price': '$ 18.000.000', 'area': None, 'estrato': None, 'main_specs': '5 hab. | 5 bañ. | 4 par.', 'characteristics': [{'Altillo': 'true'}, {'Apto para niños': 'true'}, {'Casa campestre': 'true'}, {'Alarma': 'true'}, {'Con chimenea': 'true'}, {'Citófonos': 'true'}, {'Comedor auxiliar': 'true'}, {'Tipo de Cortinas pesadas': 'true'}, {'Cuarto de servicio': 'true'}, {'Estudio o biblioteca': 'true'}, {'Hall de Alcobas': 'true'}, {'Jacuzzi': 'true'}, {'Puertas de seguridad': 'true'}, {'Zona de lavanderia': 'true'}, {'Despensa': 'true'}, {'Extractor': 'true'}, {'Horno': 'true'}, {'Tipo instalación de gas natural': 'true'}, {'Lavaplatos': 'true'}, {'Luz en la mañana': 'true'}, {'Luz en la tarde': 'true'}, {'Número de Closets 4': 'true'}, {'Número de líneas teléfonicas 0': 'true'}, {'Se Permite Fumar': 'true'}, {'Se Permiten Mascotas': 'true'}, {'Tipo de calentador gas': 'true'}, {'Tipo de Casa condominio': 'true'}, {'Tipo de Cocina abierta': 'true'}, {'Tipo comedor comedor independiente': 'true'}, {'Depósito 2': 'true'}, {'Tipo de estufa gas': 'true'}, {'Tipo de acabado piso madera': 'true'}, {'Tipo de piso en alcobas madera': 'true'}, {'Tipo de piso en comedor madera': 'true'}, {'Tipo de piso en estudio madera': 'true'}, {'Tipo de piso en sala madera': 'true'}, {'Vista exterior': 'true'}, {'Walking-closet': 'true'}, {'Cerca a gimnasio': 'true'}, {'Cerca a Jardines y Colegios': 'true'}, {'Cancha(s) de Fútbol': 'true'}, {'Gimnasio': 'true'}, {'Jardín interior': 'true'}, {'Salón comunal': 'true'}, {'Sauna y/o turco': 'true'}, {'Sendero peatonal': 'true'}, {'Zona de BBQ': 'true'}, {'Zona para niños': 'true'}, {'Zonas verdes': 'true'}, {'Acceso con tarjetas o dispositivos': 'true'}, {'&Aacute;rea del lote 1340': 'true'}, {'Área Terraza/Balcón 500': 'true'}, {'Bahias de parqueo': 'true'}, {'Acceso para discapacitados': 'true'}, {'Circuito cerrado de TV': 'true'}, {'Cuarto de escoltas': 'true'}, {'Parqueadero cubierto': 'true'}, {'Jardín': 'true'}, {'Vista panorámica': 'true'}, {'Conjunto cerrado': 'true'}, {'Esquinero': 'true'}, {'Número de Ascensores 0': 'true'}, {'Número de niveles 3': 'true'}, {'Terraza/Balcón terraza': 'true'}, {'Tipo de parqueadero propio': 'true'}, {'Vigilancia 24hrs': 'true'}, {'Cerca Centros Comerciales': 'true'}, {'Cerca Colegios / Universidades': 'true'}, {'Cerca Parques': 'true'}, {'Cerca Supermercados': 'true'}, {'Cerca Transporte Público': 'true'}, {'Sobre vía secundaria': 'true'}, {'Área Rural': 'true'}, {'Cerca Centros Comerciales': 'true'}, {'Cerca Colegios / Universidades': 'true'}, {'Cerca Parques': 'true'}, {'Cerca Supermercados': 'true'}, {'Cerca Transporte Público': 'true'}, {'Sobre vía secundaria': 'true'}, {'Área Rural': 'true'}]}",2026-07-25 00:43:54.571890+00:00
https://www.metrocuadrado.com/inmueble/venta-apartamento-bogota-santa-barbara-alta-3-habitaciones-5-banos-4-garajes/836-M2191965?src_url=%2Finmuebles%2Farriendo%2Fbogota,"{'title': 'Apartamento En Venta Y Arriendo, SANTA BARBARA ALTA', 'location': 'SANTA BARBARA ALTA, Bogotá D.C.', 'price': '$ 4.000.000.000', 'area': None, 'estrato': None, 'main_specs': '3 hab. | 5 bañ. | 4 par.', 'characteristics': [{'Apto para niños': 'true'}, {'Con chimenea': 'true'}, {'Citófonos': 'true'}, {'Comedor auxiliar': 'true'}, {'Tipo de Cortinas pesadas': 'true'}, {'Cuarto de servicio': 'true'}, {'Estudio o biblioteca': 'true'}, {'Hall de Alcobas': 'true'}, {'Puertas de seguridad': 'true'}, {'Zona de lavanderia': 'true'}, {'En interior y/o bloque': 'true'}, {'Tipo instalación de gas natural': 'true'}, {'Número de Closets 4': 'true'}, {'Número de piso 6': 'true'}, {'Se Permiten Mascotas': 'true'}, {'Tipo de calentador caldera': 'true'}, {'Tipo de Cocina isla': 'true'}, {'Tipo comedor comedor independiente': 'true'}, {'Depósito 1': 'true'}, {'Tipo de estufa gas': 'true'}, {'Tipo de acabado piso otro': 'true'}, {'Tipo de piso en alcobas alfombra': 'true'}, {'Tipo de piso en comedor madera': 'true'}, {'Tipo de piso en estudio madera': 'true'}, {'Tipo de piso en sala marmol': 'true'}, {'Vista exterior': 'true'}, {'Cancha(s) de squash': 'true'}, {'Gimnasio': 'true'}, {'Salón comunal': 'true'}, {'Sauna y/o turco': 'true'}, {'Zona de BBQ': 'true'}, {'Zona para niños': 'true'}, {'Zonas verdes': 'true'}, {'Área Terraza/Balcón 130': 'true'}, {'Ascensor': 'true'}, {'Acceso para discapacitados': 'true'}, {'Circuito cerrado de TV': 'true'}, {'Cuarto de escoltas': 'true'}, {'Parqueadero cubierto': 'true'}, {'Piscina': 'true'}, {'Vista panorámica': 'true'}, {'Conjunto cerrado': 'true'}, {'Número de Ascensores 1': 'true'}, {'Terraza/Balcón terraza': 'true'}, {'Tipo de parqueadero propio': 'true'}, {'Vigilancia 24hrs': 'true'}, {'Cerca Centros Comerciales': 'true'}, {'Cerca Colegios / Universidades': 'true'}, {'Cerca Parques': 'true'}, {'Cerca Transporte Público': 'true'}, {'Sobre vía secundaria': 'true'}, {'Cerca Centros Comerciales': 'true'}, {'Cerca Colegios / Universidades': 'true'}, {'Cerca Parques': 'true'}, {'Cerca Transporte Público': 'true'}, {'Sobre vía secundaria': 'true'}]}",2026-07-25 00:44:00.674019+00:00
https://www.metrocuadrado.com/inmueble/arriendo-apartamento-bogota-santa-barbara-occidental-1-habitaciones-1-banos-1-garajes/5545-M6137471?src_url=%2Finmuebles%2Farriendo%2Fbogota,"{'title': 'Apartamento En Arriendo, SANTA BARBARA OCCIDENTAL', 'location': 'SANTA BARBARA OCCIDENTAL, Bogotá D.C.', 'price': '$ 3.200.000', 'area': None, 'estrato': None, 'main_specs': '1 hab. | 1 bañ. | 1 par.', 'characteristics': [{'Citófonos': 'true'}, {'Tipo de Cortinas persianas': 'true'}, {'Estudio o biblioteca': 'true'}, {'Equipado / Amoblado': 'true'}, {'Puertas de seguridad': 'true'}, {'Zona de lavanderia': 'true'}, {'Control de ruido': 'true'}, {'Control térmico': 'true'}, {'Despensa': 'true'}, {'Horno': 'true'}, {'Tipo instalación de gas ninguno': 'true'}, {'Lavaplatos': 'true'}, {'Luz en la tarde': 'true'}, {'Monoambiente': 'true'}, {'Número de Closets 1': 'true'}, {'Número de piso 4': 'true'}, {'Se Permiten Mascotas': 'true'}, {'Tipo de calentador electrico': 'true'}, {'Tipo de Cocina abierta': 'true'}, {'Tipo comedor sala comedor': 'true'}, {'Depósito 1': 'true'}, {'Tipo de estufa electrica': 'true'}, {'Tipo de acabado piso madera': 'true'}, {'Tipo de piso en alcobas madera': 'true'}, {'Tipo de piso en comedor madera': 'true'}, {'Tipo de piso en estudio madera': 'true'}, {'Vista interior': 'true'}, {'Cerca a gimnasio': 'true'}, {'Cerca a restaurantes': 'true'}, {'Cerca a tiendas de barrio': 'true'}, {'Área Terraza/Balcón 3': 'true'}, {'Ascensor': 'true'}, {'Acceso para discapacitados': 'true'}, {'Circuito cerrado de TV': 'true'}, {'Parqueadero cubierto': 'true'}, {'Número de Ascensores 1': 'true'}, {'Terraza/Balcón balcón': 'true'}, {'Terraza Rooftop': 'true'}, {'Tipo de parqueadero propio': 'true'}, {'Vigilancia 24hrs': 'true'}, {'Cerca Centros Comerciales': 'true'}, {'Cerca Parques': 'true'}, {'Cerca Supermercados': 'true'}, {'Sobre vía secundaria': 'true'}, {'Cerca Centros Comerciales': 'true'}, {'Cerca Parques': 'true'}, {'Cerca Supermercados': 'true'}, {'Sobre vía secundaria': 'true'}]}",2026-07-25 00:44:05.948897+00:00
https://www.metrocuadrado.com/inmueble/arriendo-apartamento-bogota-bellavista-4-habitaciones-5-banos-2-garajes/3664-M6604701?src_url=%2Finmuebles%2Farriendo%2Fbogota,"{'title': 'Apartamento En Arriendo, Rosales', 'location': 'Rosales, Bogotá D.C.', 'price': '$ 21.000.000', 'area': None, 'estrato': None, 'main_specs': '4 hab. | 5 bañ. | 2 par.', 'characteristics': [{'Baño Auxiliar': 'true'}, {'Baño de Servicio': 'true'}, {'Con chimenea': 'true'}, {'Citófonos': 'true'}, {'Cocina integral': 'true'}, {'Comedor auxiliar': 'true'}, {'Cuarto de servicio': 'true'}, {'Estudio o biblioteca': 'true'}, {'Hall de Alcobas': 'true'}, {'Zona de lavanderia': 'true'}, {'Control de ruido': 'true'}, {'Control térmico': 'true'}, {'Despensa': 'true'}, {'Detección de humo': 'true'}, {'Extractor': 'true'}, {'Horno': 'true'}, {'Lavaplatos': 'true'}, {'Luz en la tarde': 'true'}, {'Monoambiente': 'true'}, {'Número de piso 6': 'true'}, {'Shut de basura': 'true'}, {'Depósito 1': 'true'}, {'Walking closet': 'true'}, {'Cerca a Jardines y Colegios': 'true'}, {'Cerca a restaurantes': 'true'}, {'Gimnasio': 'true'}, {'Salón comunal': 'true'}, {'Zona para niños': 'true'}, {'Ascensor': 'true'}, {'Circuito cerrado de TV': 'true'}, {'Parqueadero visitantes': 'true'}, {'Vigilancia': 'true'}, {'Recepción Lobby': 'true'}, {'Terraza/Balcón balcón': 'true'}, {'Cerca Colegios / Universidades': 'true'}, {'Cerca Parques': 'true'}, {'Cerca Transporte Público': 'true'}, {'Área Urbana': 'true'}, {'Cerca Colegios / Universidades': 'true'}, {'Cerca Parques': 'true'}, {'Cerca Transporte Público': 'true'}, {'Área Urbana': 'true'}]}",2026-07-25 00:44:10.966358+00:00
https://www.metrocuadrado.com/inmueble/arriendo-apartamento-bogota-el-rosario-1-habitaciones-1-banos/14388-M5309081?src_url=%2Finmuebles%2Farriendo%2Fbogota,"{'title': 'Apartamento En Arriendo, El Rosario Barrios Unidos', 'location': 'El Rosario Barrios Unidos, Bogotá D.C.', 'price': '$ 2.800.000', 'area': None, 'estrato': None, 'main_specs': None, 'characteristics': [{'key_0': 'true'}]}",2026-07-25 00:44:14.286988+00:00
https://www.metrocuadrado.com/inmueble/arriendo-casa-bogota-chico-norte-et.-iii-5-habitaciones-5-banos-2-garajes/16649-M5044930?src_url=%2Finmuebles%2Farriendo%2Fbogota,"{'title': 'Casa En Arriendo, PARQUE EL CHICO', 'location': 'PARQUE EL CHICO, Bogotá D.C.', 'price': '$ 37.000.000', 'area': None, 'estrato': None, 'main_specs': '5 hab. | 5 bañ. | 2 par.', 'characteristics': [{'Número de líneas teléfonicas 0': 'true'}, {'Tipo de Casa tradicional': 'true'}, {'Tipo de Cocina abierta': 'true'}, {'Depósito 3': 'true'}, {'Tipo de estufa electrica': 'true'}, {'Tipo de acabado piso baldosa': 'true'}, {'Tipo de piso en alcobas baldosa': 'true'}, {'Tipo de piso en comedor baldosa': 'true'}, {'Tipo de piso en estudio laminado': 'true'}, {'Tipo de piso en sala laminado': 'true'}, {'Vista exterior': 'true'}, {'Área Terraza/Balcón 152': 'true'}, {'Acceso para discapacitados': 'true'}, {'Número de Ascensores 0': 'true'}, {'Número de niveles 2': 'true'}, {'Terraza/Balcón terraza': 'true'}, {'Tipo de parqueadero propio': 'true'}, {'Vigilancia 0': 'true'}, {'Cerca Centros Comerciales': 'true'}, {'Cerca Colegios / Universidades': 'true'}, {'Cerca Parques': 'true'}, {'Cerca Supermercados': 'true'}, {'Cerca Transporte Público': 'true'}, {'Sobre vía principal': 'true'}, {'Cerca Centros Comerciales': 'true'}, {'Cerca Colegios / Universidades': 'true'}, {'Cerca Parques': 'true'}, {'Cerca Supermercados': 'true'}, {'Cerca Transporte Público': 'true'}, {'Sobre vía principal': 'true'}]}",2026-07-25 00:44:19.007568+00:00
https://www.metrocuadrado.com/inmueble/arriendo-oficina-bogota-quinta-camacho-2-banos-3-garajes/848-M5190524?src_url=%2Finmuebles%2Farriendo%2Fbogota,"{'title': 'Oficina En Arriendo, QUINTA CAMACHO', 'location': 'QUINTA CAMACHO, Bogotá D.C.', 'price': '$ 16.980.000', 'area': None, 'estrato': None, 'main_specs': '2 bañ. | 3 par.', 'characteristics': [{'Citófonos': 'true'}, {'Equipado / Amoblado': 'true'}, {'Puertas de seguridad': 'true'}, {'Número de piso 16': 'true'}, {'Se Permite Fumar': 'true'}, {'Tipo de oficina edificio': 'true'}, {'Vista exterior': 'true'}, {'Ascensor': 'true'}, {'Acceso para discapacitados': 'true'}, {'Circuito cerrado de TV': 'true'}, {'Parqueadero cubierto': 'true'}, {'Vista panorámica': 'true'}, {'Número de Ascensores 4': 'true'}, {'Vigilancia 24hrs': 'true'}, {'Cerca Centros Comerciales': 'true'}, {'Cerca Colegios / Universidades': 'true'}, {'Cerca Parques': 'true'}, {'Cerca Supermercados': 'true'}, {'Cerca Transporte Público': 'true'}, {'Sobre vía principal': 'true'}, {'Sobre vía secundaria': 'true'}, {'Cerca Centros Comerciales': 'true'}, {'Cerca Colegios / Universidades': 'true'}, {'Cerca Parques': 'true'}, {'Cerca Supermercados': 'true'}, {'Cerca Transporte Público': 'true'}, {'Sobre vía principal': 'true'}, {'Sobre vía secundaria': 'true'}]}",2026-07-25 00:44:23.811026+00:00
https://www.metrocuadrado.com/inmueble/arriendo-apartamento-bogota-cerros-de-suba-4-habitaciones-4-banos-4-garajes/15704-M6151867?src_url=%2Finmuebles%2Farriendo%2Fbogota,"{'title': 'Apartamento En Arriendo, Cerros De Suba', 'location': 'Cerros De Suba, Bogotá D.C.', 'price': '$ 9.009.500', 'area': None, 'estrato': None, 'main_specs': '4 hab. | 4 bañ. | 4 par.', 'characteristics': [{'Baño Auxiliar': 'true'}, {'Baño de Servicio': 'true'}, {'Con chimenea': 'true'}, {'Cocina integral': 'true'}, {'Cuarto de servicio': 'true'}, {'Estudio o biblioteca': 'true'}, {'Hall de Alcobas': 'true'}, {'Zona de lavanderia': 'true'}, {'Monoambiente': 'true'}, {'Número de piso 2': 'true'}, {'PentHouse': 'true'}, {'Cancha(s) de Basket': 'true'}, {'Cancha(s) de Fútbol': 'true'}, {'Zona para niños': 'true'}, {'Zonas verdes': 'true'}, {'Circuito cerrado de TV': 'true'}, {'Parqueadero visitantes': 'true'}, {'Con Terraza': 'true'}, {'Vigilancia': 'true'}, {'Vista panorámica': 'true'}, {'Conjunto cerrado': 'true'}, {'Terraza/Balcón balcón': 'true'}, {'Terraza Rooftop': 'true'}, {'Cerca Parques': 'true'}, {'Cerca Transporte Público': 'true'}, {'Área Urbana': 'true'}, {'Cerca Parques': 'true'}, {'Cerca Transporte Público': 'true'}, {'Área Urbana': 'true'}]}",2026-07-25 00:44:28.810181+00:00
https://www.metrocuadrado.com/inmueble/arriendo-oficina-bogota-samper-mendoza-5-banos-4-garajes/848-M4896577?src_url=%2Finmuebles%2Farriendo%2Fbogota,"{'title': 'Oficina En Arriendo, COLSEGUROS', 'location': 'COLSEGUROS, Bogotá D.C.', 'price': '$ 279.210.294', 'area': None, 'estrato': None, 'main_specs': '5 bañ. | 4 par.', 'characteristics': [{'Citófonos': 'true'}, {'Puertas de seguridad': 'true'}, {'Control de ruido': 'true'}, {'Control térmico': 'true'}, {'Detección de humo': 'true'}, {'Escalera de Emergencia': 'true'}, {'Número de piso 7': 'true'}, {'Salón de conferencias': 'true'}, {'Se Permite Fumar': 'true'}, {'Tipo de oficina edificio': 'true'}, {'Tipo de acabado piso alfombra': 'true'}, {'Vista exterior': 'true'}, {'Cerca a gimnasio': 'true'}, {'Cerca a hospitales': 'true'}, {'Cerca a parque industrial': 'true'}, {'Acceso con tarjetas o dispositivos': 'true'}, {'Ascensor': 'true'}, {'Acceso para discapacitados': 'true'}, {'Circuito cerrado de TV': 'true'}, {'Parqueadero cubierto': 'true'}, {'Vista panorámica': 'true'}, {'Número de Ascensores 3': 'true'}, {'Recepción Lobby': 'true'}, {'Salón de juegos': 'true'}, {'Sistema contra incendio': 'true'}, {'Vigilancia 24hrs': 'true'}, {'Cerca Centros Comerciales': 'true'}, {'Cerca Parques': 'true'}, {'Cerca Supermercados': 'true'}, {'Cerca Transporte Público': 'true'}, {'Sobre vía principal': 'true'}, {'Sobre vía secundaria': 'true'}, {'Ubicación zona centros negocios': 'true'}, {'Cerca Centros Comerciales': 'true'}, {'Cerca Parques': 'true'}, {'Cerca Supermercados': 'true'}, {'Cerca Transporte Público': 'true'}, {'Sobre vía principal': 'true'}, {'Sobre vía secundaria': 'true'}, {'Ubicación zona centros negocios': 'true'}]}",2026-07-25 00:44:33.780327+00:00
https://www.metrocuadrado.com/inmueble/arriendo-bodega-bogota-doce-de-octubre/16556-M6857953?src_url=%2Finmuebles%2Farriendo%2Fbogota,"{'title': 'Bodega En Arriendo, DOCE DE OCTUBRE', 'location': 'DOCE DE OCTUBRE, Bogotá D.C.', 'price': '$ 19.000.000', 'area': None, 'estrato': None, 'main_specs': None, 'characteristics': [{'Alarma Contra Incendio': 'true'}, {'Almacen': 'true'}, {'Con oficinas': 'true'}, {'Detección de humo': 'true'}, {'Equipado': 'true'}, {'Número bodega 1': 'true'}, {'Piso de alta resistencia': 'true'}, {'Plataformas para trailers': 'true'}, {'Puerta eléctrica': 'true'}, {'Tipo bodega industrial': 'true'}, {'Tipo de acabado piso cerámica': 'true'}, {'Cerca a gimnasio': 'true'}, {'Cerca a hospitales': 'true'}, {'Cerca a parque industrial': 'true'}, {'Acceso para discapacitados': 'true'}, {'Puerta acceso para tractomulas camiones': 'true'}, {'Cerca Centros Comerciales': 'true'}, {'Cerca Parques': 'true'}, {'Cerca Supermercados': 'true'}, {'Cerca Transporte Público': 'true'}, {'Ubicación zona centros negocios': 'true'}, {'Cerca Centros Comerciales': 'true'}, {'Cerca Parques': 'true'}, {'Cerca Supermercados': 'true'}, {'Cerca Transporte Público': 'true'}, {'Ubicación zona centros negocios': 'true'}]}",2026-07-25 00:44:38.505433+00:00
https://www.metrocuadrado.com/inmueble/arriendo-oficina-bogota-usaquen-5-banos-4-garajes/15704-M6560079?src_url=%2Finmuebles%2Farriendo%2Fbogota,"{'title': 'Oficina En Arriendo, Usaquen', 'location': 'Usaquen, Bogotá D.C.', 'price': '$ 57.640.000', 'area': None, 'estrato': None, 'main_specs': '5 bañ. | 4 par.', 'characteristics': [{'Baño Auxiliar': 'true'}, {'Aire acondicionado': 'true'}, {'Alarma': 'true'}, {'Citófonos': 'true'}, {'Equipado / Amoblado': 'true'}, {'Equipado': 'true'}, {'Número de piso 39': 'true'}, {'Tipo de acabado piso cerámica': 'true'}, {'Acceso con tarjetas o dispositivos': 'true'}, {'Ascensor': 'true'}, {'Circuito cerrado de TV': 'true'}, {'Parqueadero visitantes': 'true'}, {'Planta eléctrica': 'true'}, {'Vigilancia': 'true'}, {'Vista panorámica': 'true'}, {'Recepción Lobby': 'true'}, {'Cerca Colegios / Universidades': 'true'}, {'Cerca Parques': 'true'}, {'Cerca Transporte Público': 'true'}, {'Sobre vía principal': 'true'}, {'Ubicación zona centros negocios': 'true'}, {'Área Urbana': 'true'}, {'Cerca Colegios / Universidades': 'true'}, {'Cerca Parques': 'true'}, {'Cerca Transporte Público': 'true'}, {'Sobre vía principal': 'true'}, {'Ubicación zona centros negocios': 'true'}, {'Área Urbana': 'true'}]}",2026-07-25 00:44:43.271198+00:00
https://www.metrocuadrado.com/inmueble/arriendo-apartamento-bogota-santa-barbara-alta-1-habitaciones-1-banos/16916-M6452874?src_url=%2Finmuebles%2Farriendo%2Fbogota,"{'title': 'Apartamento En Arriendo, SANTA BARBARA ALTA USAQUEN', 'location': 'SANTA BARBARA ALTA USAQUEN, Bogotá D.C.', 'price': '$ 2.418.000', 'area': None, 'estrato': None, 'main_specs': '1 hab. | 1 bañ.', 'characteristics': [{'Citófonos': 'true'}, {'Tipo de Cortinas persianas': 'true'}, {'Puertas de seguridad': 'true'}, {'Extractor': 'true'}, {'Horno': 'true'}, {'Tipo instalación de gas natural': 'true'}, {'Lavaplatos': 'true'}, {'Luz en la mañana': 'true'}, {'Número de Closets 1': 'true'}, {'Número de piso 2': 'true'}, {'Tipo de calentador electrico': 'true'}, {'Tipo de Cocina lineal': 'true'}, {'Tipo comedor sala comedor': 'true'}, {'Depósito 0': 'true'}, {'Tipo de estufa mixta': 'true'}, {'Tipo de acabado piso porcelanato': 'true'}, {'Tipo de piso en alcobas porcelanato': 'true'}, {'Tipo de piso en comedor porcelanato': 'true'}, {'Tipo de piso en sala porcelanato': 'true'}, {'Vista interior': 'true'}, {'Walking closet': 'true'}, {'Cerca a gimnasio': 'true'}, {'Cerca a hospitales': 'true'}, {'Cerca a Jardines y Colegios': 'true'}, {'Cerca a restaurantes': 'true'}, {'Cerca a tiendas de barrio': 'true'}, {'Área Terraza/Balcón 7': 'true'}, {'Ascensor': 'true'}, {'Circuito cerrado de TV': 'true'}, {'Conjunto cerrado': 'true'}, {'Número de Ascensores 1': 'true'}, {'Terraza/Balcón balcón': 'true'}, {'Vigilancia 24hrs': 'true'}, {'Cerca Centros Comerciales': 'true'}, {'Cerca Colegios / Universidades': 'true'}, {'Cerca Parques': 'true'}, {'Cerca Supermercados': 'true'}, {'Cerca Transporte Público': 'true'}, {'Sobre vía secundaria': 'true'}, {'Cerca Centros Comerciales': 'true'}, {'Cerca Colegios / Universidades': 'true'}, {'Cerca Parques': 'true'}, {'Cerca Supermercados': 'true'}, {'Cerca Transporte Público': 'true'}, {'Sobre vía secundaria': 'true'}]}",2026-07-25 00:44:48.558275+00:00
https://www.metrocuadrado.com/inmueble/arriendo-apartamento-bogota-el-refugio-3-habitaciones-4-banos-3-garajes/13194-M6881592?src_url=%2Finmuebles%2Farriendo%2Fbogota,"{'title': 'Apartamento En Arriendo, CHICO REFUGIO', 'location': 'CHICO REFUGIO, Bogotá D.C.', 'price': '$ 17.000.000', 'area': None, 'estrato': None, 'main_specs': '3 hab. | 4 bañ. | 3 par.', 'characteristics': [{'Apto para niños': 'true'}, {'Con chimenea': 'true'}, {'Citófonos': 'true'}, {'Comedor auxiliar': 'true'}, {'Tipo de Cortinas persianas': 'true'}, {'Estudio o biblioteca': 'true'}, {'Hall de Alcobas': 'true'}, {'Puertas de seguridad': 'true'}, {'Zona de lavanderia': 'true'}, {'Despensa': 'true'}, {'Dúplex': 'true'}, {'Horno': 'true'}, {'Tipo instalación de gas natural': 'true'}, {'Lavaplatos': 'true'}, {'Luz en la mañana': 'true'}, {'Luz en la tarde': 'true'}, {'Número de Closets 4': 'true'}, {'Número de piso 6': 'true'}, {'PentHouse': 'true'}, {'Se Permite Fumar': 'true'}, {'Se Permiten Mascotas': 'true'}, {'Shut de basura': 'true'}, {'Tipo de calentador gas': 'true'}, {'Tipo de Cocina abierta': 'true'}, {'Tipo comedor sala comedor': 'true'}, {'Depósito 1': 'true'}, {'Tipo de estufa gas': 'true'}, {'Tipo de acabado piso madera': 'true'}, {'Tipo de piso en alcobas alfombra': 'true'}, {'Tipo de piso en comedor madera': 'true'}, {'Tipo de piso en estudio alfombra': 'true'}, {'Tipo de piso en sala madera': 'true'}, {'Vista exterior': 'true'}, {'Walking closet': 'true'}, {'Cerca a gimnasio': 'true'}, {'Cerca a hospitales': 'true'}, {'Cerca a Jardines y Colegios': 'true'}, {'Cerca a restaurantes': 'true'}, {'Salón comunal': 'true'}, {'Zona de BBQ': 'true'}, {'Área Terraza/Balcón 99': 'true'}, {'Ascensor': 'true'}, {'Acceso para discapacitados': 'true'}, {'Circuito cerrado de TV': 'true'}, {'Parqueadero cubierto': 'true'}, {'Vista panorámica': 'true'}, {'Número de Ascensores 1': 'true'}, {'Terraza/Balcón terraza': 'true'}, {'Tipo de parqueadero propio': 'true'}, {'Vigilancia 24hrs': 'true'}, {'Cerca Centros Comerciales': 'true'}, {'Cerca Colegios / Universidades': 'true'}, {'Cerca Parques': 'true'}, {'Cerca Supermercados': 'true'}, {'Cerca Transporte Público': 'true'}, {'Sobre vía secundaria': 'true'}, {'Cerca Centros Comerciales': 'true'}, {'Cerca Colegios / Universidades': 'true'}, {'Cerca Parques': 'true'}, {'Cerca Supermercados': 'true'}, {'Cerca Transporte Público': 'true'}, {'Sobre vía secundaria': 'true'}]}",2026-07-25 00:44:54.004937+00:00
https://www.metrocuadrado.com/inmueble/arriendo-apartamento-bogota-chico-norte-et.-ii-1-habitaciones-2-banos-2-garajes/12494-M5738764?src_url=%2Finmuebles%2Farriendo%2Fbogota,"{'title': 'Apartamento En Arriendo, CHICO RESERVADO', 'location': 'CHICO RESERVADO, Bogotá D.C.', 'price': '$ 7.500.000', 'area': None, 'estrato': None, 'main_specs': '1 hab. | 2 bañ. | 2 par.', 'characteristics': [{'Apto para niños': 'true'}, {'Alarma': 'true'}, {'Citófonos': 'true'}, {'Tipo de Cortinas persianas': 'true'}, {'Equipado / Amoblado': 'true'}, {'Puertas de seguridad': 'true'}, {'Zona de lavanderia': 'true'}, {'Control de ruido': 'true'}, {'Despensa': 'true'}, {'En interior y/o bloque': 'true'}, {'Horno': 'true'}, {'Tipo instalación de gas natural': 'true'}, {'Lavaplatos': 'true'}, {'Luz en la tarde': 'true'}, {'Número de Closets 1': 'true'}, {'Número de piso 9': 'true'}, {'Se Permite Fumar': 'true'}, {'Shut de basura': 'true'}, {'Tipo de calentador gas': 'true'}, {'Tipo de Cocina abierta': 'true'}, {'Tipo comedor sala comedor': 'true'}, {'Depósito 1': 'true'}, {'Tipo de estufa mixta': 'true'}, {'Tipo de acabado piso madera': 'true'}, {'Tipo de piso en alcobas madera': 'true'}, {'Tipo de piso en comedor madera': 'true'}, {'Tipo de piso en estudio madera': 'true'}, {'Tipo de piso en sala madera': 'true'}, {'Vista exterior': 'true'}, {'Walking closet': 'true'}, {'Cerca a gimnasio': 'true'}, {'Cerca a Jardines y Colegios': 'true'}, {'Cerca a restaurantes': 'true'}, {'Cerca a tiendas de barrio': 'true'}, {'Cancha(s) de squash': 'true'}, {'Gimnasio': 'true'}, {'Salón comunal': 'true'}, {'Sauna y/o turco': 'true'}, {'Zona de BBQ': 'true'}, {'Zona para niños': 'true'}, {'Zonas verdes': 'true'}, {'Área Terraza/Balcón 35': 'true'}, {'Ascensor': 'true'}, {'Acceso para discapacitados': 'true'}, {'Circuito cerrado de TV': 'true'}, {'Parqueadero cubierto': 'true'}, {'Conjunto cerrado': 'true'}, {'Número de Ascensores 2': 'true'}, {'Terraza/Balcón terraza': 'true'}, {'Tipo de parqueadero propio': 'true'}, {'Cerca Centros Comerciales': 'true'}, {'Cerca Colegios / Universidades': 'true'}, {'Cerca Parques': 'true'}, {'Cerca Supermercados': 'true'}, {'Cerca Transporte Público': 'true'}, {'Sobre vía secundaria': 'true'}, {'Cerca Centros Comerciales': 'true'}, {'Cerca Colegios / Universidades': 'true'}, {'Cerca Parques': 'true'}, {'Cerca Supermercados': 'true'}, {'Cerca Transporte Público': 'true'}, {'Sobre vía secundaria': 'true'}]}",2026-07-25 00:44:59.395233+00:00
https://www.metrocuadrado.com/inmueble/arriendo-apartamento-bogota-gratamira-3-habitaciones-3-banos-3-garajes/16913-M6020289?src_url=%2Finmuebles%2Farriendo%2Fbogota,"{'title': 'Apartamento En Arriendo, Gratamira', 'location': 'Gratamira, Bogotá D.C.', 'price': '$ 7.350.000', 'area': None, 'estrato': None, 'main_specs': '3 hab. | 3 bañ. | 3 par.', 'characteristics': [{'Baño Auxiliar': 'true'}, {'Baño de Servicio': 'true'}, {'Con calefacción': 'true'}, {'Con chimenea': 'true'}, {'Citófonos': 'true'}, {'Cocina Tipo Americano': 'true'}, {'Tipo de Cortinas persianas': 'true'}, {'Cuarto de servicio': 'true'}, {'Estudio o biblioteca': 'true'}, {'Zona de lavanderia': 'true'}, {'En interior y/o bloque': 'true'}, {'Tipo instalación de gas natural': 'true'}, {'Monoambiente': 'true'}, {'Número de Closets 4': 'true'}, {'Número de piso 2': 'true'}, {'Tipo de calentador gas': 'true'}, {'Tipo de Cocina abierta': 'true'}, {'Tipo comedor sala comedor': 'true'}, {'Depósito 1': 'true'}, {'Tipo de estufa gas': 'true'}, {'Vista exterior': 'true'}, {'Cancha(s) de Tennis': 'true'}, {'Gimnasio': 'true'}, {'Zona de BBQ': 'true'}, {'Zonas verdes': 'true'}, {'Área Terraza/Balcón 40': 'true'}, {'Ascensor': 'true'}, {'Circuito cerrado de TV': 'true'}, {'Parqueadero cubierto': 'true'}, {'Parqueadero visitantes': 'true'}, {'Con Terraza': 'true'}, {'Vigilancia': 'true'}, {'Vista panorámica': 'true'}, {'Conjunto cerrado': 'true'}, {'Número de Ascensores 1': 'true'}, {'Recepción Lobby': 'true'}, {'Terraza/Balcón terraza': 'true'}, {'Terraza Rooftop': 'true'}, {'Tipo de parqueadero propio': 'true'}, {'Vigilancia 24hrs': 'true'}, {'Cerca Parques': 'true'}, {'Cerca Transporte Público': 'true'}, {'Área Urbana': 'true'}, {'Cerca Parques': 'true'}, {'Cerca Transporte Público': 'true'}, {'Área Urbana': 'true'}]}",2026-07-25 00:45:04.797723+00:00
https://www.metrocuadrado.com/inmueble/arriendo-apartamento-bogota-la-esperanza-norte-4-habitaciones-4-banos-4-garajes/3038-M6886802?src_url=%2Finmuebles%2Farriendo%2Fbogota,"{'title': 'Apartamento En Arriendo, SALITRE ESPERANZA', 'location': 'SALITRE ESPERANZA, Bogotá D.C.', 'price': '$ 13.500.000', 'area': None, 'estrato': None, 'main_specs': '4 hab. | 4 bañ. | 4 par.', 'characteristics': [{'Apto para niños': 'true'}, {'Con chimenea': 'true'}, {'Citófonos': 'true'}, {'Tipo de Cortinas persianas': 'true'}, {'Estudio o biblioteca': 'true'}, {'Puertas de seguridad': 'true'}, {'Zona de lavanderia': 'true'}, {'Control de ruido': 'true'}, {'Despensa': 'true'}, {'Dúplex': 'true'}, {'En interior y/o bloque': 'true'}, {'Extractor': 'true'}, {'Horno': 'true'}, {'Tipo instalación de gas natural': 'true'}, {'Lavaplatos': 'true'}, {'Luz en la mañana': 'true'}, {'Luz en la tarde': 'true'}, {'Número de Closets 4': 'true'}, {'Número de piso 10': 'true'}, {'PentHouse': 'true'}, {'Shut de basura': 'true'}, {'Tipo de calentador gas': 'true'}, {'Tipo de Cocina abierta': 'true'}, {'Tipo comedor comedor independiente': 'true'}, {'Depósito 0': 'true'}, {'Tipo de estufa gas': 'true'}, {'Tipo de acabado piso laminado': 'true'}, {'Tipo de piso en alcobas laminado': 'true'}, {'Tipo de piso en comedor laminado': 'true'}, {'Tipo de piso en estudio laminado': 'true'}, {'Tipo de piso en sala laminado': 'true'}, {'Vista exterior': 'true'}, {'Walking closet': 'true'}, {'Cerca a gimnasio': 'true'}, {'Cerca a hospitales': 'true'}, {'Cerca a Jardines y Colegios': 'true'}, {'Cerca a parque industrial': 'true'}, {'Cerca a restaurantes': 'true'}, {'Cerca a tiendas de barrio': 'true'}, {'Cancha(s) de Fútbol': 'true'}, {'Cancha(s) de squash': 'true'}, {'Cancha(s) de Tennis': 'true'}, {'Gimnasio': 'true'}, {'Salón comunal': 'true'}, {'Zona para niños': 'true'}, {'Zonas verdes': 'true'}, {'Área Terraza/Balcón 90': 'true'}, {'Ascensor': 'true'}, {'Acceso para discapacitados': 'true'}, {'Circuito cerrado de TV': 'true'}, {'Parqueadero cubierto': 'true'}, {'Vista panorámica': 'true'}, {'Conjunto cerrado': 'true'}, {'Número de Ascensores 3': 'true'}, {'Recepción Lobby': 'true'}, {'Terraza/Balcón terraza': 'true'}, {'Tipo de parqueadero propio': 'true'}, {'Vigilancia 24hrs': 'true'}, {'Cerca Centros Comerciales': 'true'}, {'Cerca Colegios / Universidades': 'true'}, {'Cerca Parques': 'true'}, {'Cerca Supermercados': 'true'}, {'Cerca Transporte Público': 'true'}, {'Sobre vía secundaria': 'true'}, {'Cerca Centros Comerciales': 'true'}, {'Cerca Colegios / Universidades': 'true'}, {'Cerca Parques': 'true'}, {'Cerca Supermercados': 'true'}, {'Cerca Transporte Público': 'true'}, {'Sobre vía secundaria': 'true'}]}",2026-07-25 00:45:10.326672+00:00
https://www.metrocuadrado.com/inmueble/arriendo-apartamento-bogota-la-acanada-3-habitaciones-4-banos-2-garajes/2162-M6795725?src_url=%2Finmuebles%2Farriendo%2Fbogota,"{'title': 'Apartamento En Arriendo, BOSQUES DE LA CAÑADA', 'location': 'BOSQUES DE LA CAÑADA, Bogotá D.C.', 'price': '$ 7.500.000', 'area': None, 'estrato': None, 'main_specs': '3 hab. | 4 bañ. | 2 par.', 'characteristics': [{'Apto para niños': 'true'}, {'Con chimenea': 'true'}, {'Citófonos': 'true'}, {'Comedor auxiliar': 'true'}, {'Cuarto de servicio': 'true'}, {'Estudio o biblioteca': 'true'}, {'Hall de Alcobas': 'true'}, {'Puertas de seguridad': 'true'}, {'Zona de lavanderia': 'true'}, {'Despensa': 'true'}, {'En interior y/o bloque': 'true'}, {'Extractor': 'true'}, {'Horno': 'true'}, {'Tipo instalación de gas natural': 'true'}, {'Luz en la mañana': 'true'}, {'Luz en la tarde': 'true'}, {'Número de Closets 4': 'true'}, {'Número de piso 4': 'true'}, {'Se Permiten Mascotas': 'true'}, {'Shut de basura': 'true'}, {'Tipo de calentador gas': 'true'}, {'Tipo de Cocina en u': 'true'}, {'Tipo comedor sala comedor': 'true'}, {'Depósito 1': 'true'}, {'Tipo de estufa gas': 'true'}, {'Tipo de acabado piso laminado': 'true'}, {'Tipo de piso en alcobas laminado': 'true'}, {'Tipo de piso en comedor laminado': 'true'}, {'Tipo de piso en estudio laminado': 'true'}, {'Tipo de piso en sala laminado': 'true'}, {'Vista exterior': 'true'}, {'Walking closet': 'true'}, {'Cerca a gimnasio': 'true'}, {'Cerca a hospitales': 'true'}, {'Cerca a Jardines y Colegios': 'true'}, {'Cerca a restaurantes': 'true'}, {'Cerca a tiendas de barrio': 'true'}, {'Cancha(s) de Basket': 'true'}, {'Cancha(s) de Fútbol': 'true'}, {'Cancha(s) de squash': 'true'}, {'Cancha(s) de Tennis': 'true'}, {'Gimnasio': 'true'}, {'Salón comunal': 'true'}, {'Zona de BBQ': 'true'}, {'Zona para niños': 'true'}, {'Zonas verdes': 'true'}, {'Acceso con tarjetas o dispositivos': 'true'}, {'Área Terraza/Balcón 7': 'true'}, {'Ascensor': 'true'}, {'Bahias de parqueo': 'true'}, {'Acceso para discapacitados': 'true'}, {'Circuito cerrado de TV': 'true'}, {'Cuarto de escoltas': 'true'}, {'Parqueadero cubierto': 'true'}, {'Vista panorámica': 'true'}, {'Conjunto cerrado': 'true'}, {'Número de Ascensores 1': 'true'}, {'Recepción Lobby': 'true'}, {'Terraza/Balcón balcón': 'true'}, {'Tipo de parqueadero independiente': 'true'}, {'Vigilancia 24hrs': 'true'}, {'Cerca Centros Comerciales': 'true'}, {'Cerca Colegios / Universidades': 'true'}, {'Cerca Parques': 'true'}, {'Cerca Supermercados': 'true'}, {'Cerca Transporte Público': 'true'}, {'Sobre vía secundaria': 'true'}, {'Cerca Centros Comerciales': 'true'}, {'Cerca Colegios / Universidades': 'true'}, {'Cerca Parques': 'true'}, {'Cerca Supermercados': 'true'}, {'Cerca Transporte Público': 'true'}, {'Sobre vía secundaria': 'true'}]}",2026-07-25 00:45:15.789353+00:00
https://www.metrocuadrado.com/inmueble/arriendo-apartamento-bogota-la-esperanza-norte-4-habitaciones-4-banos-4-garajes/3038-M6621606?src_url=%2Finmuebles%2Farriendo%2Fbogota,"{'title': 'Apartamento En Arriendo, CIUDAD SALITRE NAVARRA', 'location': 'CIUDAD SALITRE NAVARRA, Bogotá D.C.', 'price': '$ 14.000.000', 'area': None, 'estrato': None, 'main_specs': '4 hab. | 4 bañ. | 4 par.', 'characteristics': [{'Apto para niños': 'true'}, {'Con chimenea': 'true'}, {'Citófonos': 'true'}, {'Tipo de Cortinas persianas': 'true'}, {'Cuarto de servicio': 'true'}, {'Estudio o biblioteca': 'true'}, {'Puertas de seguridad': 'true'}, {'Zona de lavanderia': 'true'}, {'Despensa': 'true'}, {'Dúplex': 'true'}, {'En interior y/o bloque': 'true'}, {'Extractor': 'true'}, {'Horno': 'true'}, {'Tipo instalación de gas natural': 'true'}, {'Lavaplatos': 'true'}, {'Luz en la mañana': 'true'}, {'Luz en la tarde': 'true'}, {'Número de Closets 4': 'true'}, {'Número de piso 10': 'true'}, {'PentHouse': 'true'}, {'Shut de basura': 'true'}, {'Tipo de calentador gas': 'true'}, {'Tipo de Cocina en l': 'true'}, {'Tipo comedor comedor independiente': 'true'}, {'Depósito 0': 'true'}, {'Tipo de estufa gas': 'true'}, {'Tipo de acabado piso laminado': 'true'}, {'Tipo de piso en alcobas laminado': 'true'}, {'Tipo de piso en comedor laminado': 'true'}, {'Tipo de piso en estudio laminado': 'true'}, {'Tipo de piso en sala laminado': 'true'}, {'Vista exterior': 'true'}, {'Walking closet': 'true'}, {'Cerca a gimnasio': 'true'}, {'Cerca a hospitales': 'true'}, {'Cerca a Jardines y Colegios': 'true'}, {'Cerca a parque industrial': 'true'}, {'Cerca a restaurantes': 'true'}, {'Cerca a tiendas de barrio': 'true'}, {'Cancha(s) de Fútbol': 'true'}, {'Cancha(s) de squash': 'true'}, {'Gimnasio': 'true'}, {'Salón comunal': 'true'}, {'Zona para niños': 'true'}, {'Zonas verdes': 'true'}, {'Área Terraza/Balcón 90': 'true'}, {'Ascensor': 'true'}, {'Acceso para discapacitados': 'true'}, {'Circuito cerrado de TV': 'true'}, {'Parqueadero cubierto': 'true'}, {'Vista panorámica': 'true'}, {'Conjunto cerrado': 'true'}, {'Número de Ascensores 2': 'true'}, {'Recepción Lobby': 'true'}, {'Terraza/Balcón terraza': 'true'}, {'Tipo de parqueadero propio': 'true'}, {'Vigilancia 24hrs': 'true'}, {'Cerca Centros Comerciales': 'true'}, {'Cerca Colegios / Universidades': 'true'}, {'Cerca Parques': 'true'}, {'Cerca Supermercados': 'true'}, {'Cerca Transporte Público': 'true'}, {'Sobre vía secundaria': 'true'}, {'Cerca Centros Comerciales': 'true'}, {'Cerca Colegios / Universidades': 'true'}, {'Cerca Parques': 'true'}, {'Cerca Supermercados': 'true'}, {'Cerca Transporte Público': 'true'}, {'Sobre vía secundaria': 'true'}]}",2026-07-25 00:45:21.154679+00:00
https://www.metrocuadrado.com/inmueble/arriendo-casa-bogota-san-felipe-5-habitaciones-5-banos-1-garajes/660-M6880496?src_url=%2Finmuebles%2Farriendo%2Fbogota,"{'title': 'Casa En Arriendo, Alcazares Norte', 'location': 'Alcazares Norte, Bogotá D.C.', 'price': '$ 7.000.000', 'area': None, 'estrato': None, 'main_specs': '5 hab. | 5 bañ. | 1 par.', 'characteristics': [{'Altillo': 'true'}, {'Ancho 6 m': 'true'}, {'Apto para niños': 'true'}, {'Comedor auxiliar': 'true'}, {'Tipo de Cortinas ninguna': 'true'}, {'Cuarto de servicio': 'true'}, {'Estudio o biblioteca': 'true'}, {'Hall de Alcobas': 'true'}, {'Equipado / Amoblado': 'true'}, {'Zona de lavanderia': 'true'}, {'Despensa': 'true'}, {'Fondo 18 m': 'true'}, {'Tipo instalación de gas natural': 'true'}, {'Lavaplatos': 'true'}, {'Luz en la mañana': 'true'}, {'Luz en la tarde': 'true'}, {'Número de Closets 0': 'true'}, {'Número de líneas teléfonicas 1': 'true'}, {'Se Permiten Mascotas': 'true'}, {'Tipo de calentador electrico': 'true'}, {'Tipo de Casa tradicional': 'true'}, {'Tipo de Cocina abierta': 'true'}, {'Tipo comedor sala comedor': 'true'}, {'Depósito 1': 'true'}, {'Tipo de estufa electrica': 'true'}, {'Tipo de acabado piso porcelanato': 'true'}, {'Tipo de piso en alcobas porcelanato': 'true'}, {'Tipo de piso en comedor porcelanato': 'true'}, {'Tipo de piso en estudio porcelanato': 'true'}, {'Tipo de piso en sala porcelanato': 'true'}, {'Vista exterior': 'true'}, {'Cerca a gimnasio': 'true'}, {'Cerca a hospitales': 'true'}, {'Cerca a Jardines y Colegios': 'true'}, {'Cerca a parque industrial': 'true'}, {'Cerca a restaurantes': 'true'}, {'Cerca a tiendas de barrio': 'true'}, {'Sendero peatonal': 'true'}, {'&Aacute;rea del lote 100': 'true'}, {'Bahias de parqueo': 'true'}, {'Acceso para discapacitados': 'true'}, {'Circuito cerrado de TV': 'true'}, {'Cuarto de escoltas': 'true'}, {'Parqueadero cubierto': 'true'}, {'Vista panorámica': 'true'}, {'Conjunto cerrado': 'true'}, {'Esquinero': 'true'}, {'Número de Ascensores 0': 'true'}, {'Número de niveles 3': 'true'}, {'Terraza/Balcón ninguno': 'true'}, {'Tipo de parqueadero propio': 'true'}, {'Vigilancia 0': 'true'}, {'Cerca Centros Comerciales': 'true'}, {'Cerca Colegios / Universidades': 'true'}, {'Cerca Parques': 'true'}, {'Cerca Supermercados': 'true'}, {'Cerca Transporte Público': 'true'}, {'Sobre vía principal': 'true'}, {'Sobre vía secundaria': 'true'}, {'Ubicación zona centros negocios': 'true'}, {'Cerca Centros Comerciales': 'true'}, {'Cerca Colegios / Universidades': 'true'}, {'Cerca Parques': 'true'}, {'Cerca Supermercados': 'true'}, {'Cerca Transporte Público': 'true'}, {'Sobre vía principal': 'true'}, {'Sobre vía secundaria': 'true'}, {'Ubicación zona centros negocios': 'true'}]}",2026-07-25 00:45:26.548084+00:00
https://www.metrocuadrado.com/inmueble/arriendo-apartamento-bogota-cerros-de-santa-barbara-4-habitaciones-5-banos-4-garajes/11203-M6091826?src_url=%2Finmuebles%2Farriendo%2Fbogota,"{'title': 'Apartamento En Arriendo, SANTA BARBARA ALTA', 'location': 'SANTA BARBARA ALTA, Bogotá D.C.', 'price': '$ 22.000.000', 'area': None, 'estrato': None, 'main_specs': '4 hab. | 5 bañ. | 4 par.', 'characteristics': [{'Apto para niños': 'true'}, {'Con chimenea': 'true'}, {'Citófonos': 'true'}, {'Comedor auxiliar': 'true'}, {'Tipo de Cortinas persianas': 'true'}, {'Cuarto de servicio': 'true'}, {'Estudio o biblioteca': 'true'}, {'Hall de Alcobas': 'true'}, {'Jacuzzi': 'true'}, {'Puertas de seguridad': 'true'}, {'Zona de lavanderia': 'true'}, {'Despensa': 'true'}, {'Dúplex': 'true'}, {'En interior y/o bloque': 'true'}, {'Extractor': 'true'}, {'Horno': 'true'}, {'Tipo instalación de gas natural': 'true'}, {'Lavaplatos': 'true'}, {'Luz en la mañana': 'true'}, {'Luz en la tarde': 'true'}, {'Número de Closets 4': 'true'}, {'Número de piso 4': 'true'}, {'PentHouse': 'true'}, {'Se Permiten Mascotas': 'true'}, {'Tipo de calentador caldera': 'true'}, {'Tipo de Cocina isla': 'true'}, {'Tipo comedor comedor independiente': 'true'}, {'Depósito 1': 'true'}, {'Tipo de estufa mixta': 'true'}, {'Tipo de acabado piso madera': 'true'}, {'Tipo de piso en alcobas madera': 'true'}, {'Tipo de piso en comedor madera': 'true'}, {'Tipo de piso en estudio madera': 'true'}, {'Tipo de piso en sala madera': 'true'}, {'Vista exterior': 'true'}, {'Walking closet': 'true'}, {'Cerca a gimnasio': 'true'}, {'Cerca a hospitales': 'true'}, {'Cerca a Jardines y Colegios': 'true'}, {'Cerca a restaurantes': 'true'}, {'Cancha(s) de Tennis': 'true'}, {'Salón comunal': 'true'}, {'Sauna y/o turco': 'true'}, {'Zona de BBQ': 'true'}, {'Zona para niños': 'true'}, {'Zonas verdes': 'true'}, {'Área Terraza/Balcón 86': 'true'}, {'Ascensor': 'true'}, {'Bahias de parqueo': 'true'}, {'Acceso para discapacitados': 'true'}, {'Circuito cerrado de TV': 'true'}, {'Parqueadero cubierto': 'true'}, {'Vista panorámica': 'true'}, {'Conjunto cerrado': 'true'}, {'Número de Ascensores 1': 'true'}, {'Recepción Lobby': 'true'}, {'Terraza/Balcón terraza': 'true'}, {'Tipo de parqueadero independiente': 'true'}, {'Vigilancia 24hrs': 'true'}, {'Cerca Centros Comerciales': 'true'}, {'Cerca Colegios / Universidades': 'true'}, {'Cerca Parques': 'true'}, {'Cerca Supermercados': 'true'}, {'Cerca Transporte Público': 'true'}, {'Sobre vía secundaria': 'true'}, {'Cerca Centros Comerciales': 'true'}, {'Cerca Colegios / Universidades': 'true'}, {'Cerca Parques': 'true'}, {'Cerca Supermercados': 'true'}, {'Cerca Transporte Público': 'true'}, {'Sobre vía secundaria': 'true'}]}",2026-07-25 00:45:31.999446+00:00
https://www.metrocuadrado.com/inmueble/arriendo-apartamento-bogota-nueva-castilla-et-ii-2-habitaciones-2-banos/660-M6880577?src_url=%2Finmuebles%2Farriendo%2Fbogota,"{'title': 'Apartamento En Arriendo, NUEVA CASTILLA TINTAL', 'location': 'NUEVA CASTILLA TINTAL, Bogotá D.C.', 'price': '$ 1.277.000', 'area': None, 'estrato': None, 'main_specs': '2 hab. | 2 bañ.', 'characteristics': [{'Apto para niños': 'true'}, {'Citófonos': 'true'}, {'Comedor auxiliar': 'true'}, {'Tipo de Cortinas ninguna': 'true'}, {'Estudio o biblioteca': 'true'}, {'Hall de Alcobas': 'true'}, {'Equipado / Amoblado': 'true'}, {'Puertas de seguridad': 'true'}, {'Zona de lavanderia': 'true'}, {'Despensa': 'true'}, {'En interior y/o bloque': 'true'}, {'Extractor': 'true'}, {'Tipo instalación de gas natural': 'true'}, {'Lavaplatos': 'true'}, {'Luz en la mañana': 'true'}, {'Luz en la tarde': 'true'}, {'Número de Closets 0': 'true'}, {'Número de piso 4': 'true'}, {'Se Permiten Mascotas': 'true'}, {'Shut de basura': 'true'}, {'Tipo de calentador gas': 'true'}, {'Tipo de Cocina abierta': 'true'}, {'Tipo comedor sala comedor': 'true'}, {'Depósito 0': 'true'}, {'Tipo de estufa gas': 'true'}, {'Tipo de acabado piso laminado': 'true'}, {'Tipo de piso en alcobas laminado': 'true'}, {'Tipo de piso en comedor laminado': 'true'}, {'Tipo de piso en estudio laminado': 'true'}, {'Tipo de piso en sala laminado': 'true'}, {'Vista exterior': 'true'}, {'Cerca a gimnasio': 'true'}, {'Cerca a hospitales': 'true'}, {'Cerca a Jardines y Colegios': 'true'}, {'Cerca a parque industrial': 'true'}, {'Cerca a restaurantes': 'true'}, {'Cerca a tiendas de barrio': 'true'}, {'Cancha(s) de Fútbol': 'true'}, {'Gimnasio': 'true'}, {'Salón comunal': 'true'}, {'Sauna y/o turco': 'true'}, {'Zona de BBQ': 'true'}, {'Zona para niños': 'true'}, {'Zonas verdes': 'true'}, {'Acceso con tarjetas o dispositivos': 'true'}, {'Área Terraza/Balcón 8': 'true'}, {'Ascensor': 'true'}, {'Bahias de parqueo': 'true'}, {'Acceso para discapacitados': 'true'}, {'Circuito cerrado de TV': 'true'}, {'Vista panorámica': 'true'}, {'Conjunto cerrado': 'true'}, {'Número de Ascensores 3': 'true'}, {'Parqueadero inteligente': 'true'}, {'Recepción Lobby': 'true'}, {'Roof garden': 'true'}, {'Terraza/Balcón balcón': 'true'}, {'Terraza Rooftop': 'true'}, {'Vigilancia 24hrs': 'true'}, {'Cerca Centros Comerciales': 'true'}, {'Cerca Colegios / Universidades': 'true'}, {'Cerca Parques': 'true'}, {'Cerca Supermercados': 'true'}, {'Cerca Transporte Público': 'true'}, {'Sobre vía principal': 'true'}, {'Sobre vía secundaria': 'true'}, {'Cerca Centros Comerciales': 'true'}, {'Cerca Colegios / Universidades': 'true'}, {'Cerca Parques': 'true'}, {'Cerca Supermercados': 'true'}, {'Cerca Transporte Público': 'true'}, {'Sobre vía principal': 'true'}, {'Sobre vía secundaria': 'true'}]}",2026-07-25 00:45:37.448909+00:00
https://www.metrocuadrado.com/inmueble/arriendo-apartamento-bogota-estacion-victoria-4-habitaciones-2-banos-1-garajes/2821-M6710308?src_url=%2Finmuebles%2Farriendo%2Fbogota,"{'title': 'Apartamento En Arriendo, HAYUELOS', 'location': 'HAYUELOS, Bogotá D.C.', 'price': '$ 2.500.000', 'area': None, 'estrato': None, 'main_specs': '4 hab. | 2 bañ. | 1 par.', 'characteristics': [{'Estudio o biblioteca': 'true'}, {'Hall de Alcobas': 'true'}, {'Equipado / Amoblado': 'true'}, {'Zona de lavanderia': 'true'}, {'En interior y/o bloque': 'true'}, {'Extractor': 'true'}, {'Tipo instalación de gas natural': 'true'}, {'Número de Closets 3': 'true'}, {'Número de piso 5': 'true'}, {'Shut de basura': 'true'}, {'Tipo de calentador gas': 'true'}, {'Tipo de Cocina otra': 'true'}, {'Tipo comedor comedor independiente': 'true'}, {'Depósito 1': 'true'}, {'Tipo de estufa gas': 'true'}, {'Tipo de acabado piso porcelanato': 'true'}, {'Tipo de piso en alcobas porcelanato': 'true'}, {'Tipo de piso en comedor porcelanato': 'true'}, {'Tipo de piso en estudio porcelanato': 'true'}, {'Tipo de piso en sala porcelanato': 'true'}, {'Vista exterior': 'true'}, {'Cerca a gimnasio': 'true'}, {'Cerca a hospitales': 'true'}, {'Cerca a Jardines y Colegios': 'true'}, {'Cerca a restaurantes': 'true'}, {'Cerca a tiendas de barrio': 'true'}, {'Salón comunal': 'true'}, {'Zona de BBQ': 'true'}, {'Zona para niños': 'true'}, {'Zonas verdes': 'true'}, {'Área Terraza/Balcón 9': 'true'}, {'Circuito cerrado de TV': 'true'}, {'Parqueadero cubierto': 'true'}, {'Conjunto cerrado': 'true'}, {'Número de Ascensores 0': 'true'}, {'Recepción Lobby': 'true'}, {'Terraza/Balcón terraza': 'true'}, {'Tipo de parqueadero propio': 'true'}, {'Vigilancia 24hrs': 'true'}, {'Cerca Centros Comerciales': 'true'}, {'Cerca Colegios / Universidades': 'true'}, {'Cerca Parques': 'true'}, {'Cerca Supermercados': 'true'}, {'Cerca Transporte Público': 'true'}, {'Sobre vía secundaria': 'true'}, {'Cerca Centros Comerciales': 'true'}, {'Cerca Colegios / Universidades': 'true'}, {'Cerca Parques': 'true'}, {'Cerca Supermercados': 'true'}, {'Cerca Transporte Público': 'true'}, {'Sobre vía secundaria': 'true'}]}",2026-07-25 00:45:42.702189+00:00
https://www.metrocuadrado.com/inmueble/arriendo-casa-bogota-la-esmeralda-4-habitaciones-3-banos-1-garajes/4162-M6886958?src_url=%2Finmuebles%2Farriendo%2Fbogota,"{'title': 'Casa En Arriendo, LA ESMERALDA', 'location': 'LA ESMERALDA, Bogotá D.C.', 'price': '$ 6.328.000', 'area': None, 'estrato': None, 'main_specs': '4 hab. | 3 bañ. | 1 par.', 'characteristics': [{'Ancho 0 m': 'true'}, {'Apto para niños': 'true'}, {'Tipo de Cortinas persianas': 'true'}, {'Estudio o biblioteca': 'true'}, {'Zona de lavanderia': 'true'}, {'Fondo 0 m': 'true'}, {'Tipo instalación de gas natural': 'true'}, {'Luz en la mañana': 'true'}, {'Luz en la tarde': 'true'}, {'Número de Closets 4': 'true'}, {'Número de líneas teléfonicas 0': 'true'}, {'Se Permiten Mascotas': 'true'}, {'Tipo de calentador gas': 'true'}, {'Tipo de Casa tradicional': 'true'}, {'Tipo de Cocina abierta': 'true'}, {'Tipo comedor sala comedor': 'true'}, {'Depósito 0': 'true'}, {'Tipo de estufa gas': 'true'}, {'Tipo de acabado piso cerámica': 'true'}, {'Tipo de piso en alcobas cerámica': 'true'}, {'Tipo de piso en comedor cerámica': 'true'}, {'Tipo de piso en estudio cerámica': 'true'}, {'Tipo de piso en sala cerámica': 'true'}, {'Vista exterior': 'true'}, {'Cerca a gimnasio': 'true'}, {'Cerca a hospitales': 'true'}, {'Cerca a Jardines y Colegios': 'true'}, {'Cerca a parque industrial': 'true'}, {'Cerca a restaurantes': 'true'}, {'Cerca a tiendas de barrio': 'true'}, {'Sendero peatonal': 'true'}, {'Zona para niños': 'true'}, {'Zonas verdes': 'true'}, {'&Aacute;rea del lote 216': 'true'}, {'Acceso para discapacitados': 'true'}, {'Vista panorámica': 'true'}, {'Conjunto cerrado': 'true'}, {'Número de Ascensores 0': 'true'}, {'Número de niveles 2': 'true'}, {'Terraza/Balcón ninguno': 'true'}, {'Tipo de parqueadero propio': 'true'}, {'Vigilancia 0': 'true'}, {'Cerca Centros Comerciales': 'true'}, {'Cerca Colegios / Universidades': 'true'}, {'Cerca Parques': 'true'}, {'Cerca Supermercados': 'true'}, {'Cerca Transporte Público': 'true'}, {'Sobre vía principal': 'true'}, {'Sobre vía secundaria': 'true'}, {'Cerca Centros Comerciales': 'true'}, {'Cerca Colegios / Universidades': 'true'}, {'Cerca Parques': 'true'}, {'Cerca Supermercados': 'true'}, {'Cerca Transporte Público': 'true'}, {'Sobre vía principal': 'true'}, {'Sobre vía secundaria': 'true'}]}",2026-07-25 00:45:47.936194+00:00
https://www.metrocuadrado.com/inmueble/arriendo-casa-bogota-casa-blanca-4-habitaciones-5-banos-4-garajes/10062-M4619165?src_url=%2Finmuebles%2Farriendo%2Fbogota,"{'title': 'Casa En Arriendo, SAN SIMON GUAYMARAL', 'location': 'SAN SIMON GUAYMARAL, Bogotá D.C.', 'price': '$ 12.500.000', 'area': None, 'estrato': None, 'main_specs': '4 hab. | 5 bañ. | 4 par.', 'characteristics': [{'Apto para niños': 'true'}, {'Con chimenea': 'true'}, {'Citófonos': 'true'}, {'Comedor auxiliar': 'true'}, {'Cuarto de servicio': 'true'}, {'Estudio o biblioteca': 'true'}, {'Hall de Alcobas': 'true'}, {'Zona de lavanderia': 'true'}, {'Tipo instalación de gas natural': 'true'}, {'Número de Closets 4': 'true'}, {'Se Permite Fumar': 'true'}, {'Se Permiten Mascotas': 'true'}, {'Tipo de calentador gas': 'true'}, {'Tipo de Casa tradicional': 'true'}, {'Tipo de Cocina abierta': 'true'}, {'Tipo comedor sala comedor': 'true'}, {'Depósito 1': 'true'}, {'Tipo de estufa gas': 'true'}, {'Tipo de acabado piso madera': 'true'}, {'Tipo de piso en alcobas alfombra': 'true'}, {'Tipo de piso en comedor madera': 'true'}, {'Tipo de piso en estudio madera': 'true'}, {'Tipo de piso en sala madera': 'true'}, {'Vista interior': 'true'}, {'Cancha(s) de Fútbol': 'true'}, {'Jardín interior': 'true'}, {'Salón comunal': 'true'}, {'Sendero peatonal': 'true'}, {'Zona de BBQ': 'true'}, {'Zonas verdes': 'true'}, {'&Aacute;rea del lote 1500': 'true'}, {'Área Terraza/Balcón 23': 'true'}, {'Acceso para discapacitados': 'true'}, {'Circuito cerrado de TV': 'true'}, {'Parqueadero cubierto': 'true'}, {'Jardín': 'true'}, {'Conjunto cerrado': 'true'}, {'Número de niveles 2': 'true'}, {'Terraza/Balcón terraza': 'true'}, {'Tipo de parqueadero independiente': 'true'}, {'Vigilancia 24hrs': 'true'}, {'Cerca Centros Comerciales': 'true'}, {'Cerca Colegios / Universidades': 'true'}, {'Cerca Parques': 'true'}, {'Cerca Transporte Público': 'true'}, {'Sobre vía secundaria': 'true'}, {'Cerca Centros Comerciales': 'true'}, {'Cerca Colegios / Universidades': 'true'}, {'Cerca Parques': 'true'}, {'Cerca Transporte Público': 'true'}, {'Sobre vía secundaria': 'true'}]}",2026-07-25 00:45:53.303059+00:00
https://www.metrocuadrado.com/inmueble/arriendo-apartamento-bogota-lisboa-4-habitaciones-5-banos-3-garajes/19118-M6878884?src_url=%2Finmuebles%2Farriendo%2Fbogota,"{'title': 'Apartamento En Arriendo, CEDRITOS BELMIRA', 'location': 'CEDRITOS BELMIRA, Bogotá D.C.', 'price': '$ 11.000.000', 'area': None, 'estrato': None, 'main_specs': '4 hab. | 5 bañ. | 3 par.', 'characteristics': [{'Apto para niños': 'true'}, {'Comedor auxiliar': 'true'}, {'Cuarto de servicio': 'true'}, {'Estudio o biblioteca': 'true'}, {'Hall de Alcobas': 'true'}, {'Puertas de seguridad': 'true'}, {'Zona de lavanderia': 'true'}, {'Dúplex': 'true'}, {'En interior y/o bloque': 'true'}, {'Extractor': 'true'}, {'Horno': 'true'}, {'Tipo instalación de gas natural': 'true'}, {'Luz en la mañana': 'true'}, {'Luz en la tarde': 'true'}, {'Número de Closets 4': 'true'}, {'Número de piso 12': 'true'}, {'PentHouse': 'true'}, {'Se Permite Fumar': 'true'}, {'Se Permiten Mascotas': 'true'}, {'Shut de basura': 'true'}, {'Tipo de calentador gas': 'true'}, {'Tipo comedor comedor independiente': 'true'}, {'Depósito 1': 'true'}, {'Tipo de estufa gas': 'true'}, {'Vista exterior': 'true'}, {'Walking closet': 'true'}, {'Cerca a gimnasio': 'true'}, {'Cerca a hospitales': 'true'}, {'Cerca a Jardines y Colegios': 'true'}, {'Cerca a restaurantes': 'true'}, {'Cerca a tiendas de barrio': 'true'}, {'Cancha(s) de Basket': 'true'}, {'Gimnasio': 'true'}, {'Salón comunal': 'true'}, {'Sauna y/o turco': 'true'}, {'Zona de BBQ': 'true'}, {'Zona para niños': 'true'}, {'Zonas verdes': 'true'}, {'Área Terraza/Balcón 80': 'true'}, {'Ascensor': 'true'}, {'Circuito cerrado de TV': 'true'}, {'Parqueadero cubierto': 'true'}, {'Piscina': 'true'}, {'Vista panorámica': 'true'}, {'Conjunto cerrado': 'true'}, {'Número de Ascensores 2': 'true'}, {'Recepción Lobby': 'true'}, {'Terraza/Balcón terraza': 'true'}, {'Tipo de parqueadero propio': 'true'}, {'Vigilancia 24hrs': 'true'}, {'Cerca Centros Comerciales': 'true'}, {'Cerca Colegios / Universidades': 'true'}, {'Cerca Parques': 'true'}, {'Cerca Transporte Público': 'true'}, {'Sobre vía secundaria': 'true'}, {'Cerca Centros Comerciales': 'true'}, {'Cerca Colegios / Universidades': 'true'}, {'Cerca Parques': 'true'}, {'Cerca Transporte Público': 'true'}, {'Sobre vía secundaria': 'true'}]}",2026-07-25 00:45:58.668825+00:00
https://www.metrocuadrado.com/inmueble/arriendo-casa-bogota-casa-blanca-4-habitaciones-5-banos-4-garajes/533-M6717077?src_url=%2Finmuebles%2Farriendo%2Fbogota,"{'title': 'Casa En Arriendo, HACIENDA SAN SIMON', 'location': 'HACIENDA SAN SIMON, Bogotá D.C.', 'price': '$ 16.000.000', 'area': None, 'estrato': None, 'main_specs': '4 hab. | 5 bañ. | 4 par.', 'characteristics': [{'Altillo': 'true'}, {'Apto para niños': 'true'}, {'Alarma': 'true'}, {'Con chimenea': 'true'}, {'Citófonos': 'true'}, {'Comedor auxiliar': 'true'}, {'Tipo de Cortinas persianas': 'true'}, {'Cuarto de servicio': 'true'}, {'Estudio o biblioteca': 'true'}, {'Hall de Alcobas': 'true'}, {'Puertas de seguridad': 'true'}, {'Zona de lavanderia': 'true'}, {'Despensa': 'true'}, {'Extractor': 'true'}, {'Horno': 'true'}, {'Tipo instalación de gas natural': 'true'}, {'Lavaplatos': 'true'}, {'Luz en la mañana': 'true'}, {'Luz en la tarde': 'true'}, {'Número de Closets 4': 'true'}, {'Número de líneas teléfonicas 0': 'true'}, {'Se Permiten Mascotas': 'true'}, {'Tipo de calentador gas': 'true'}, {'Tipo de Casa condominio': 'true'}, {'Tipo de Cocina en u': 'true'}, {'Tipo comedor comedor independiente': 'true'}, {'Depósito 1': 'true'}, {'Tipo de estufa gas': 'true'}, {'Tipo de acabado piso madera': 'true'}, {'Tipo de piso en alcobas madera': 'true'}, {'Tipo de piso en comedor madera': 'true'}, {'Tipo de piso en estudio madera': 'true'}, {'Tipo de piso en sala madera': 'true'}, {'Vista exterior': 'true'}, {'Walking-closet': 'true'}, {'Cerca a Jardines y Colegios': 'true'}, {'Cerca a restaurantes': 'true'}, {'Jardín interior': 'true'}, {'Salón comunal': 'true'}, {'Sendero peatonal': 'true'}, {'Zona de BBQ': 'true'}, {'Zona para niños': 'true'}, {'Zonas verdes': 'true'}, {'&Aacute;rea del lote 1000': 'true'}, {'Área Terraza/Balcón 160': 'true'}, {'Bahias de parqueo': 'true'}, {'Circuito cerrado de TV': 'true'}, {'Parqueadero cubierto': 'true'}, {'Jardín': 'true'}, {'Vista panorámica': 'true'}, {'Conjunto cerrado': 'true'}, {'Esquinero': 'true'}, {'Número de Ascensores 0': 'true'}, {'Número de niveles 2': 'true'}, {'Tanques de Agua': 'true'}, {'Terraza/Balcón terraza': 'true'}, {'Tipo de parqueadero propio': 'true'}, {'Vigilancia 24hrs': 'true'}, {'Cerca Centros Comerciales': 'true'}, {'Cerca Colegios / Universidades': 'true'}, {'Cerca Parques': 'true'}, {'Cerca Supermercados': 'true'}, {'Cerca Transporte Público': 'true'}, {'Sobre vía secundaria': 'true'}, {'Cerca Centros Comerciales': 'true'}, {'Cerca Colegios / Universidades': 'true'}, {'Cerca Parques': 'true'}, {'Cerca Supermercados': 'true'}, {'Cerca Transporte Público': 'true'}, {'Sobre vía secundaria': 'true'}]}",2026-07-25 00:46:04.105705+00:00
https://www.metrocuadrado.com/inmueble/arriendo-apartamento-bogota-2-habitaciones-1-banos-1-garajes/18775-M6881580?src_url=%2Finmuebles%2Farriendo%2Fbogota,"{'title': 'Apartamento En Arriendo, TORCA', 'location': 'TORCA, Bogotá D.C.', 'price': '$ 1.590.000', 'area': None, 'estrato': None, 'main_specs': '2 hab. | 1 bañ. | 1 par.', 'characteristics': [{'Apto para niños': 'true'}, {'Tipo de Cortinas persianas': 'true'}, {'Hall de Alcobas': 'true'}, {'Puertas de seguridad': 'true'}, {'Zona de lavanderia': 'true'}, {'Detección de humo': 'true'}, {'En interior y/o bloque': 'true'}, {'Extractor': 'true'}, {'Horno': 'true'}, {'Tipo instalación de gas natural': 'true'}, {'Lavaplatos': 'true'}, {'Luz en la tarde': 'true'}, {'Monoambiente': 'true'}, {'Número de Closets 2': 'true'}, {'Número de piso 7': 'true'}, {'Se Permite Fumar': 'true'}, {'Se Permiten Mascotas': 'true'}, {'Tipo de calentador gas': 'true'}, {'Tipo de Cocina en u': 'true'}, {'Tipo comedor sala comedor': 'true'}, {'Depósito 0': 'true'}, {'Tipo de estufa gas': 'true'}, {'Tipo de acabado piso laminado': 'true'}, {'Tipo de piso en alcobas laminado': 'true'}, {'Tipo de piso en comedor laminado': 'true'}, {'Tipo de piso en estudio laminado': 'true'}, {'Tipo de piso en sala laminado': 'true'}, {'Vista exterior': 'true'}, {'Walking closet': 'true'}, {'Cerca a gimnasio': 'true'}, {'Cerca a hospitales': 'true'}, {'Cerca a Jardines y Colegios': 'true'}, {'Cerca a parque industrial': 'true'}, {'Cerca a restaurantes': 'true'}, {'Cerca a tiendas de barrio': 'true'}, {'Cerca playa': 'true'}, {'Cancha(s) de Basket': 'true'}, {'Cancha(s) de Fútbol': 'true'}, {'Salón comunal': 'true'}, {'Zonas verdes': 'true'}, {'Acceso con tarjetas o dispositivos': 'true'}, {'Ascensor': 'true'}, {'Acceso para discapacitados': 'true'}, {'Vista panorámica': 'true'}, {'Conjunto cerrado': 'true'}, {'Número de Ascensores 1': 'true'}, {'Recepción Lobby': 'true'}, {'Terraza/Balcón ninguno': 'true'}, {'Tipo de parqueadero comunal': 'true'}, {'Cerca Centros Comerciales': 'true'}, {'Cerca Colegios / Universidades': 'true'}, {'Cerca Parques': 'true'}, {'Cerca Supermercados': 'true'}, {'Cerca Transporte Público': 'true'}, {'Sobre vía principal': 'true'}, {'Sobre vía secundaria': 'true'}, {'Cerca Centros Comerciales': 'true'}, {'Cerca Colegios / Universidades': 'true'}, {'Cerca Parques': 'true'}, {'Cerca Supermercados': 'true'}, {'Cerca Transporte Público': 'true'}, {'Sobre vía principal': 'true'}, {'Sobre vía secundaria': 'true'}]}",2026-07-25 00:46:09.595594+00:00
https://www.metrocuadrado.com/inmueble/arriendo-casa-bogota-conejera-4-habitaciones-4-banos-2-garajes/MC6887657?src_url=%2Finmuebles%2Farriendo%2Fbogota,"{'title': 'Casa En Arriendo, CAMINO DE ARRAYANES Altos De Suba Y Cerros De San Jorge', 'location': 'CAMINO DE ARRAYANES Altos De Suba Y Cerros De San Jorge, Bogotá D.C.', 'price': '$ 8.500.000', 'area': None, 'estrato': None, 'main_specs': '4 hab. | 4 bañ. | 2 par.', 'characteristics': [{'Altillo': 'true'}, {'Baño Auxiliar': 'true'}, {'Baño de Servicio': 'true'}, {'Con chimenea': 'true'}, {'Cocina Tipo Americano': 'true'}, {'Cocina integral': 'true'}, {'Cuarto de servicio': 'true'}, {'Depósito o cuarto útil': 'true'}, {'Estudio o biblioteca': 'true'}, {'Piso en madera': 'true'}, {'Zona de lavanderia': 'true'}, {'Despensa': 'true'}, {'Extractor': 'true'}, {'Lavaplatos': 'true'}, {'Luz en la mañana': 'true'}, {'Luz en la tarde': 'true'}, {'Número de piso 3': 'true'}, {'Patio': 'true'}, {'Walking-closet': 'true'}, {'Cerca a gimnasio': 'true'}, {'Cerca a Jardines y Colegios': 'true'}, {'Cancha(s) de Fútbol': 'true'}, {'Cancha(s) de Tennis': 'true'}, {'Salón comunal': 'true'}, {'Zona de BBQ': 'true'}, {'Zona para niños': 'true'}, {'Zonas verdes': 'true'}, {'Acceso con tarjetas o dispositivos': 'true'}, {'Bahias de parqueo': 'true'}, {'Características del Parqueadero cubierto': 'true'}, {'Jardín': 'true'}, {'Parqueadero visitantes': 'true'}, {'Piscina': 'true'}, {'Vigilancia': 'true'}, {'Conjunto cerrado': 'true'}, {'Roof garden': 'true'}, {'Tanques de Agua': 'true'}, {'Tipo de parqueadero propio': 'true'}, {'Vivienda Bifamiliar': 'true'}, {'Cerca Centros Comerciales': 'true'}, {'Cerca Colegios / Universidades': 'true'}, {'Cerca Parques': 'true'}, {'Área Rural': 'true'}, {'Área Urbana': 'true'}, {'Cerca Centros Comerciales': 'true'}, {'Cerca Colegios / Universidades': 'true'}, {'Cerca Parques': 'true'}, {'Área Rural': 'true'}, {'Área Urbana': 'true'}]}",2026-07-25 00:46:15.467275+00:00
https://www.metrocuadrado.com/inmueble/arriendo-apartamento-bogota-cantalejo-3-habitaciones-3-banos-2-garajes/MC6680322?src_url=%2Finmuebles%2Farriendo%2Fbogota,"{'title': 'Apartamento En Arriendo, CANTALEJO Colina Y Alrededores', 'location': 'CANTALEJO Colina Y Alrededores, Bogotá D.C.', 'price': '$ 4.500.000', 'area': None, 'estrato': None, 'main_specs': '3 hab. | 3 bañ. | 2 par.', 'characteristics': [{'Baño Auxiliar': 'true'}, {'Baño de Servicio': 'true'}, {'Citófonos': 'true'}, {'Cocina Tipo Americano': 'true'}, {'Cocina integral': 'true'}, {'Depósito o cuarto útil': 'true'}, {'Estudio o biblioteca': 'true'}, {'Jacuzzi': 'true'}, {'Piso en madera': 'true'}, {'Zona de lavanderia': 'true'}, {'Despensa': 'true'}, {'Detección de humo': 'true'}, {'Extractor': 'true'}, {'Horno': 'true'}, {'Lavaplatos': 'true'}, {'Luz en la mañana': 'true'}, {'Luz en la tarde': 'true'}, {'Número de piso 6': 'true'}, {'Puerta eléctrica': 'true'}, {'Shut de basura': 'true'}, {'Walking closet': 'true'}, {'Cerca a gimnasio': 'true'}, {'Cerca a hospitales': 'true'}, {'Cerca a Jardines y Colegios': 'true'}, {'Cerca a restaurantes': 'true'}, {'Cerca a tiendas de barrio': 'true'}, {'Salón comunal': 'true'}, {'Sauna y/o turco': 'true'}, {'Zona para niños': 'true'}, {'Zonas verdes': 'true'}, {'Acceso con tarjetas o dispositivos': 'true'}, {'Ascensor': 'true'}, {'Bahias de parqueo': 'true'}, {'Características del Parqueadero cubierto': 'true'}, {'Parqueadero visitantes': 'true'}, {'Piscina': 'true'}, {'Con Terraza': 'true'}, {'Vigilancia': 'true'}, {'Conjunto cerrado': 'true'}, {'Energia solar': 'true'}, {'Recepción Lobby': 'true'}, {'Roof garden': 'true'}, {'Terraza Rooftop': 'true'}, {'Tipo de parqueadero propio': 'true'}, {'Vivienda Bifamiliar': 'true'}, {'Cerca Centros Comerciales': 'true'}, {'Cerca Colegios / Universidades': 'true'}, {'Cerca Parques': 'true'}, {'Cerca Supermercados': 'true'}, {'Cerca Transporte Público': 'true'}, {'Área Urbana': 'true'}, {'Cerca Centros Comerciales': 'true'}, {'Cerca Colegios / Universidades': 'true'}, {'Cerca Parques': 'true'}, {'Cerca Supermercados': 'true'}, {'Cerca Transporte Público': 'true'}, {'Área Urbana': 'true'}]}",2026-07-25 00:46:21.522895+00:00
https://www.metrocuadrado.com/inmueble/arriendo-bodega-bogota-san-victorino/MC6281471?src_url=%2Finmuebles%2Farriendo%2Fbogota,"{'title': 'Bodega En Arriendo, LA FAVORITA CENTRO Centro Y Zona Colonial', 'location': 'LA FAVORITA CENTRO Centro Y Zona Colonial, Bogotá D.C.', 'price': '$ 2.900.000', 'area': None, 'estrato': None, 'main_specs': None, 'characteristics': [{'Altura Libre': 'true'}, {'Tipo bodega almacenamiento': 'true'}, {'Tanques de agua': 'true'}, {'Acceso para Camiones': 'true'}, {'Vigilancia': 'true'}, {'Puerta acceso para tractomulas camiones': 'true'}, {'Área Urbana': 'true'}, {'Cerca Transporte Público': 'true'}, {'Área Urbana': 'true'}, {'Cerca Transporte Público': 'true'}]}",2026-07-25 00:46:26.309237+00:00
https://www.metrocuadrado.com/inmueble/arriendo-apartamento-bogota-mazuren-3-habitaciones-3-banos-1-garajes/MC6864792?src_url=%2Finmuebles%2Farriendo%2Fbogota,"{'title': 'Apartamento En Arriendo, MAZUREN 17 Colina Y Alrededores', 'location': 'MAZUREN 17 Colina Y Alrededores, Bogotá D.C.', 'price': '$ 3.675.000', 'area': None, 'estrato': None, 'main_specs': '3 hab. | 3 bañ. | 1 par.', 'characteristics': [{'Baño Auxiliar': 'true'}, {'Con chimenea': 'true'}, {'Citófonos': 'true'}, {'Cocina integral': 'true'}, {'Estudio o biblioteca': 'true'}, {'Piso en madera': 'true'}, {'Piso en porcelanato': 'true'}, {'Extractor': 'true'}, {'Horno': 'true'}, {'Luz en la mañana': 'true'}, {'Número de piso 10': 'true'}, {'Shut de basura': 'true'}, {'Walking closet': 'true'}, {'Cerca a gimnasio': 'true'}, {'Cerca a hospitales': 'true'}, {'Cerca a Jardines y Colegios': 'true'}, {'Cerca a restaurantes': 'true'}, {'Cerca a tiendas de barrio': 'true'}, {'Salón comunal': 'true'}, {'Sauna y/o turco': 'true'}, {'Zona para niños': 'true'}, {'Zonas verdes': 'true'}, {'Ubicado en edificio': 'true'}, {'Acceso con tarjetas o dispositivos': 'true'}, {'Ascensor': 'true'}, {'Características del Parqueadero cubierto': 'true'}, {'Parqueadero visitantes': 'true'}, {'Vigilancia': 'true'}, {'Conjunto cerrado': 'true'}, {'Parqueadero inteligente': 'true'}, {'Tipo de parqueadero propio': 'true'}, {'Cerca Centros Comerciales': 'true'}, {'Cerca Colegios / Universidades': 'true'}, {'Cerca Parques': 'true'}, {'Cerca Supermercados': 'true'}, {'Cerca Transporte Público': 'true'}, {'Área Urbana': 'true'}, {'Cerca Centros Comerciales': 'true'}, {'Cerca Colegios / Universidades': 'true'}, {'Cerca Parques': 'true'}, {'Cerca Supermercados': 'true'}, {'Cerca Transporte Público': 'true'}, {'Área Urbana': 'true'}]}",2026-07-25 00:46:32.341207+00:00
https://www.metrocuadrado.com/inmueble/arriendo-apartamento-bogota-ferrocaja-3-habitaciones-2-banos/12715-M6862465?src_url=%2Finmuebles%2Farriendo%2Fbogota%2F%3Fsearch%3Dform,"{'title': 'Apartamento En Arriendo, Ferrocaja', 'location': 'Ferrocaja, Bogotá D.C.', 'price': '$ 2.050.000', 'area': None, 'estrato': None, 'main_specs': '3 hab. | 2 bañ.', 'characteristics': [{'Baño Auxiliar': 'true'}, {'Baño de Servicio': 'true'}, {'Citófonos': 'true'}, {'Cocina integral': 'true'}, {'Hall de Alcobas': 'true'}, {'Zona de lavanderia': 'true'}, {'Horno': 'true'}, {'Luz en la mañana': 'true'}, {'Luz en la tarde': 'true'}, {'Número de piso 3': 'true'}, {'Puerta eléctrica': 'true'}, {'Cerca a hospitales': 'true'}, {'Cerca a Jardines y Colegios': 'true'}, {'Cerca a restaurantes': 'true'}, {'Cerca a tiendas de barrio': 'true'}, {'Salón comunal': 'true'}, {'Zona para niños': 'true'}, {'Zonas verdes': 'true'}, {'Acceso con tarjetas o dispositivos': 'true'}, {'Vista panorámica': 'true'}, {'Cerca Colegios / Universidades': 'true'}, {'Cerca Parques': 'true'}, {'Cerca Transporte Público': 'true'}, {'Ubicación zona centros negocios': 'true'}, {'Área Urbana': 'true'}, {'Cerca Colegios / Universidades': 'true'}, {'Cerca Parques': 'true'}, {'Cerca Transporte Público': 'true'}, {'Ubicación zona centros negocios': 'true'}, {'Área Urbana': 'true'}]}",2026-07-25 00:46:37.118883+00:00
https://www.metrocuadrado.com/inmueble/arriendo-apartamento-bogota-martires-2-habitaciones-2-banos-1-garajes/10222-M6822106?src_url=%2Finmuebles%2Farriendo%2Fbogota%2F%3Fsearch%3Dform,"{'title': 'Apartamento En Arriendo, Martires', 'location': 'Martires, Bogotá D.C.', 'price': '$ 2.900.000', 'area': None, 'estrato': None, 'main_specs': '2 hab. | 2 bañ. | 1 par.', 'characteristics': [{'Con calefacción': 'true'}, {'Cocina integral': 'true'}, {'Zona de lavanderia': 'true'}, {'Gimnasio': 'true'}, {'Salón comunal': 'true'}, {'Ascensor': 'true'}, {'Circuito cerrado de TV': 'true'}, {'Piscina': 'true'}, {'Vigilancia': 'true'}, {'Recepción Lobby': 'true'}, {'Terraza/Balcón balcón': 'true'}, {'Cerca Colegios / Universidades': 'true'}, {'Cerca Parques': 'true'}, {'Cerca Transporte Público': 'true'}, {'Área Urbana': 'true'}, {'Cerca Colegios / Universidades': 'true'}, {'Cerca Parques': 'true'}, {'Cerca Transporte Público': 'true'}, {'Área Urbana': 'true'}]}",2026-07-25 00:46:42.367200+00:00
https://www.metrocuadrado.com/inmueble/arriendo-apartamento-bogota-la-cabrera-el-refugio-3-habitaciones-4-banos-3-garajes/16939-M6565502?src_url=%2Finmuebles%2Farriendo%2Fbogota%2F%3Fsearch%3Dform,"{'title': 'Apartamento En Arriendo, La Cabrera El Refugio', 'location': 'La Cabrera El Refugio, Bogotá D.C.', 'price': '$ 16.000.000', 'area': None, 'estrato': None, 'main_specs': '3 hab. | 4 bañ. | 3 par.', 'characteristics': [{'Apto para niños': 'true'}, {'Baño Auxiliar': 'true'}, {'Baño de Servicio': 'true'}, {'Con chimenea': 'true'}, {'Citófonos': 'true'}, {'Tipo de Cortinas persianas': 'true'}, {'Cuarto de servicio': 'true'}, {'Estudio o biblioteca': 'true'}, {'Hall de Alcobas': 'true'}, {'Zona de lavanderia': 'true'}, {'Horno': 'true'}, {'Tipo instalación de gas natural': 'true'}, {'Monoambiente': 'true'}, {'Número de Closets 4': 'true'}, {'Número de piso 7': 'true'}, {'Se Permiten Mascotas': 'true'}, {'Tipo de calentador gas': 'true'}, {'Tipo comedor comedor independiente': 'true'}, {'Depósito 1': 'true'}, {'Tipo de estufa gas': 'true'}, {'Tipo de acabado piso madera': 'true'}, {'Tipo de piso en alcobas madera': 'true'}, {'Tipo de piso en comedor madera': 'true'}, {'Tipo de piso en estudio madera': 'true'}, {'Tipo de piso en sala madera': 'true'}, {'Vista exterior': 'true'}, {'Cerca a gimnasio': 'true'}, {'Cerca a restaurantes': 'true'}, {'Salón comunal': 'true'}, {'Área Terraza/Balcón 4': 'true'}, {'Ascensor': 'true'}, {'Circuito cerrado de TV': 'true'}, {'Parqueadero cubierto': 'true'}, {'Parqueadero visitantes': 'true'}, {'Vigilancia': 'true'}, {'Conjunto cerrado': 'true'}, {'Número de Ascensores 1': 'true'}, {'Recepción Lobby': 'true'}, {'Terraza/Balcón balcón': 'true'}, {'Tipo de parqueadero independiente': 'true'}, {'Cerca Colegios / Universidades': 'true'}, {'Cerca Parques': 'true'}, {'Cerca Transporte Público': 'true'}, {'Sobre vía principal': 'true'}, {'Cerca Colegios / Universidades': 'true'}, {'Cerca Parques': 'true'}, {'Cerca Transporte Público': 'true'}, {'Sobre vía principal': 'true'}]}",2026-07-25 00:46:47.694643+00:00
https://www.metrocuadrado.com/inmueble/arriendo-apartamento-bogota-la-carolina-edif-fontainebleau-vecinos-caracol-3-habitaciones-5-banos-3-garajes/MC5621754?src_url=%2Finmuebles%2Farriendo%2Fbogota%2F%3Fsearch%3Dform,"{'title': 'Apartamento En Arriendo, BARRIO LA CAROLINA', 'location': 'BARRIO LA CAROLINA, Bogotá D.C.', 'price': '$ 12.000.000', 'area': None, 'estrato': None, 'main_specs': '3 hab. | 5 bañ. | 3 par.', 'characteristics': [{'Baño Auxiliar': 'true'}, {'Baño de Servicio': 'true'}, {'Con chimenea': 'true'}, {'Citófonos': 'true'}, {'Cocina integral': 'true'}, {'Cuarto de servicio': 'true'}, {'Depósito o cuarto útil': 'true'}, {'Estudio o biblioteca': 'true'}, {'Zona de lavanderia': 'true'}, {'Despensa': 'true'}, {'Detección de humo': 'true'}, {'Extractor': 'true'}, {'Horno': 'true'}, {'Lavaplatos': 'true'}, {'Luz en la tarde': 'true'}, {'Número de piso 7': 'true'}, {'PentHouse': 'true'}, {'Shut de basura': 'true'}, {'Walking closet': 'true'}, {'Cerca a hospitales': 'true'}, {'Cerca a Jardines y Colegios': 'true'}, {'Cerca a restaurantes': 'true'}, {'Cerca a tiendas de barrio': 'true'}, {'Cancha(s) de Tennis': 'true'}, {'Salón comunal': 'true'}, {'Zonas verdes': 'true'}, {'Ubicado en edificio': 'true'}, {'Ascensor': 'true'}, {'Bahias de parqueo': 'true'}, {'Características del Parqueadero cubierto': 'true'}, {'Cuarto de escoltas': 'true'}, {'Parqueadero visitantes': 'true'}, {'Con Terraza': 'true'}, {'Vigilancia': 'true'}, {'Recepción Lobby': 'true'}, {'Tipo de parqueadero propio': 'true'}, {'Cerca Centros Comerciales': 'true'}, {'Cerca Colegios / Universidades': 'true'}, {'Cerca Parques': 'true'}, {'Cerca Supermercados': 'true'}, {'Cerca Transporte Público': 'true'}, {'Área Urbana': 'true'}, {'Cerca Centros Comerciales': 'true'}, {'Cerca Colegios / Universidades': 'true'}, {'Cerca Parques': 'true'}, {'Cerca Supermercados': 'true'}, {'Cerca Transporte Público': 'true'}, {'Área Urbana': 'true'}]}",2026-07-25 00:46:53.562527+00:00
https://www.metrocuadrado.com/inmueble/arriendo-apartamento-bogota-bellavista-1-habitaciones-1-banos-2-garajes/21585-M6879336?src_url=%2Finmuebles%2Farriendo%2Fbogota%2F%3Fsearch%3Dform,"{'title': 'Apartamento En Arriendo, LAS ROSALES', 'location': 'LAS ROSALES, Bogotá D.C.', 'price': '$ 5.100.000', 'area': None, 'estrato': None, 'main_specs': '1 hab. | 1 bañ. | 2 par.', 'characteristics': [{'Con chimenea': 'true'}, {'Citófonos': 'true'}, {'Tipo de Cortinas persianas': 'true'}, {'Zona de lavanderia': 'true'}, {'Extractor': 'true'}, {'Horno': 'true'}, {'Tipo instalación de gas natural': 'true'}, {'Lavaplatos': 'true'}, {'Luz en la mañana': 'true'}, {'Número de Closets 2': 'true'}, {'Número de piso 555': 'true'}, {'Shut de basura': 'true'}, {'Tipo de calentador caldera': 'true'}, {'Tipo de Cocina abierta': 'true'}, {'Tipo comedor comedor independiente': 'true'}, {'Depósito 0': 'true'}, {'Tipo de estufa gas': 'true'}, {'Vista exterior': 'true'}, {'Salón comunal': 'true'}, {'Ascensor': 'true'}, {'Parqueadero cubierto': 'true'}, {'Conjunto cerrado': 'true'}, {'Número de Ascensores 1': 'true'}, {'Terraza/Balcón ninguno': 'true'}, {'Tipo de parqueadero propio': 'true'}, {'Vigilancia 24hrs': 'true'}, {'Cerca Colegios / Universidades': 'true'}, {'Cerca Colegios / Universidades': 'true'}]}",2026-07-25 00:46:58.375562+00:00
https://www.metrocuadrado.com/inmueble/arriendo-apartamento-bogota-chico-reservado-2-habitaciones-2-banos-2-garajes/495-M6451642?src_url=%2Finmuebles%2Farriendo%2Fbogota%2F%3Fsearch%3Dform,"{'title': 'Apartamento En Arriendo, Chico Reservado', 'location': 'Chico Reservado, Bogotá D.C.', 'price': '$ 7.055.000', 'area': None, 'estrato': None, 'main_specs': '2 hab. | 2 bañ. | 2 par.', 'characteristics': [{'Con chimenea': 'true'}, {'Cocina integral': 'true'}, {'Tipo de Cocina lineal': 'true'}, {'Gimnasio': 'true'}, {'Salón comunal': 'true'}, {'Cerca Transporte Público': 'true'}, {'Área Urbana': 'true'}, {'Cerca Transporte Público': 'true'}, {'Área Urbana': 'true'}]}",2026-07-25 00:47:03.276265+00:00
https://www.metrocuadrado.com/inmueble/arriendo-apartamento-bogota-la-cabrera-3-habitaciones-3-banos-2-garajes/495-M5584369?src_url=%2Finmuebles%2Farriendo%2Fbogota%2F%3Fsearch%3Dform,"{'title': 'Apartamento En Arriendo, La Cabrera', 'location': 'La Cabrera, Bogotá D.C.', 'price': '$ 8.500.000', 'area': None, 'estrato': None, 'main_specs': '3 hab. | 3 bañ. | 2 par.', 'characteristics': [{'Con chimenea': 'true'}, {'Citófonos': 'true'}, {'Cocina integral': 'true'}, {'Tipo de Cocina lineal': 'true'}]}",2026-07-25 00:47:08.083185+00:00
https://www.metrocuadrado.com/inmueble/arriendo-apartaestudio-bogota-el-nogal-1-habitaciones-1-banos/495-M6790224?src_url=%2Finmuebles%2Farriendo%2Fbogota%2F%3Fsearch%3Dform,"{'title': 'Apartaestudio En Arriendo, El Nogal', 'location': 'El Nogal, Bogotá D.C.', 'price': '$ 2.300.000', 'area': None, 'estrato': None, 'main_specs': '1 hab. | 1 bañ.', 'characteristics': [{'Cocina integral': 'true'}, {'Tipo de calentador electrico': 'true'}, {'Tipo de Cocina lineal': 'true'}, {'Salón comunal': 'true'}, {'Ubicado en edificio': 'true'}, {'Cerca Transporte Público': 'true'}, {'Área Urbana': 'true'}, {'Cerca Transporte Público': 'true'}, {'Área Urbana': 'true'}]}",2026-07-25 00:47:12.885181+00:00
https://www.metrocuadrado.com/inmueble/arriendo-oficina-bogota-santa-barbara-central-1-garajes/495-M6033309?src_url=%2Finmuebles%2Farriendo%2Fbogota%2F%3Fsearch%3Dform,"{'title': 'Oficina En Arriendo, Santa Barbara Central', 'location': 'Santa Barbara Central, Bogotá D.C.', 'price': '$ 1.200.000', 'area': None, 'estrato': None, 'main_specs': '1 par.', 'characteristics': [{'Citófonos': 'true'}]}",2026-07-25 00:47:17.557250+00:00
https://www.metrocuadrado.com/inmueble/arriendo-apartamento-bogota-los-rosales-3-habitaciones-4-banos-2-garajes/495-M6556454?src_url=%2Finmuebles%2Farriendo%2Fbogota%2F%3Fsearch%3Dform,"{'title': 'Apartamento En Arriendo, Los Rosales', 'location': 'Los Rosales, Bogotá D.C.', 'price': '$ 9.500.000', 'area': None, 'estrato': None, 'main_specs': '3 hab. | 4 bañ. | 2 par.', 'characteristics': [{'Cocina integral': 'true'}, {'Tipo de Cocina lineal': 'true'}, {'Gimnasio': 'true'}, {'Tipo de parqueadero independiente': 'true'}, {'Cerca Centros Comerciales': 'true'}, {'Cerca Colegios / Universidades': 'true'}, {'Cerca Supermercados': 'true'}, {'Cerca Transporte Público': 'true'}, {'Sobre vía secundaria': 'true'}, {'Cerca Centros Comerciales': 'true'}, {'Cerca Colegios / Universidades': 'true'}, {'Cerca Supermercados': 'true'}, {'Cerca Transporte Público': 'true'}, {'Sobre vía secundaria': 'true'}]}",2026-07-25 00:47:22.365563+00:00
https://www.metrocuadrado.com/sistema-alarma-seguridad?cd_origin=result_result-grid_detail-card,"{'title': None, 'location': None, 'price': None, 'area': None, 'estrato': None, 'main_specs': None, 'characteristics': [{'key_0': 'true'}]}",2026-07-25 00:48:26.525631+00:00
https://www.metrocuadrado.com/inmueble/arriendo-apartaestudio-bogota-niza-1-habitaciones-1-banos-1-garajes/495-M6733228?src_url=%2Finmuebles%2Farriendo%2Fbogota%2F%3Fsearch%3Dform,"{'title': 'Apartaestudio En Arriendo, Niza', 'location': 'Niza, Bogotá D.C.', 'price': '$ 2.200.000', 'area': None, 'estrato': None, 'main_specs': '1 hab. | 1 bañ. | 1 par.', 'characteristics': [{'Cocina Tipo Americano': 'true'}, {'Tipo de calentador gas': 'true'}, {'Tipo de Cocina lineal': 'true'}, {'Cerca Centros Comerciales': 'true'}, {'Cerca Colegios / Universidades': 'true'}, {'Cerca Parques': 'true'}, {'Cerca Supermercados': 'true'}, {'Cerca Transporte Público': 'true'}, {'Área Urbana': 'true'}, {'Cerca Centros Comerciales': 'true'}, {'Cerca Colegios / Universidades': 'true'}, {'Cerca Parques': 'true'}, {'Cerca Supermercados': 'true'}, {'Cerca Transporte Público': 'true'}, {'Área Urbana': 'true'}]}",2026-07-25 00:48:31.294843+00:00
https://www.metrocuadrado.com/inmueble/arriendo-apartamento-bogota-pardo-rubio-3-habitaciones-3-banos-2-garajes/4274-M6586626?src_url=%2Finmuebles%2Farriendo%2Fbogota%2F%3Fsearch%3Dform,"{'title': 'Apartamento En Arriendo, CHAPINERO ALTO', 'location': 'CHAPINERO ALTO, Bogotá D.C.', 'price': '$ 7.220.000', 'area': None, 'estrato': None, 'main_specs': '3 hab. | 3 bañ. | 2 par.', 'characteristics': [{'Apto para niños': 'true'}, {'Alarma': 'true'}, {'Con chimenea': 'true'}, {'Citófonos': 'true'}, {'Tipo de Cortinas pesadas': 'true'}, {'Estudio o biblioteca': 'true'}, {'Puertas de seguridad': 'true'}, {'Zona de lavanderia': 'true'}, {'Detección de humo': 'true'}, {'Dúplex': 'true'}, {'Extractor': 'true'}, {'Horno': 'true'}, {'Tipo instalación de gas natural': 'true'}, {'Luz en la mañana': 'true'}, {'Luz en la tarde': 'true'}, {'Número de Closets 2': 'true'}, {'Número de piso 7': 'true'}, {'PentHouse': 'true'}, {'Puerta eléctrica': 'true'}, {'Tipo de calentador gas': 'true'}, {'Tipo comedor sala comedor': 'true'}, {'Depósito 1': 'true'}, {'Tipo de estufa gas': 'true'}, {'Tipo de acabado piso madera': 'true'}, {'Tipo de piso en alcobas madera': 'true'}, {'Tipo de piso en comedor madera': 'true'}, {'Tipo de piso en estudio madera': 'true'}, {'Tipo de piso en sala madera': 'true'}, {'Vista exterior': 'true'}, {'Cerca a gimnasio': 'true'}, {'Cerca a hospitales': 'true'}, {'Cerca a Jardines y Colegios': 'true'}, {'Cerca a parque industrial': 'true'}, {'Cerca a restaurantes': 'true'}, {'Cancha(s) de squash': 'true'}, {'Gimnasio': 'true'}, {'Salón comunal': 'true'}, {'Zona de BBQ': 'true'}, {'Zonas verdes': 'true'}, {'Área Terraza/Balcón 70': 'true'}, {'Ascensor': 'true'}, {'Bahias de parqueo': 'true'}, {'Acceso para discapacitados': 'true'}, {'Circuito cerrado de TV': 'true'}, {'Parqueadero cubierto': 'true'}, {'Vista panorámica': 'true'}, {'Conjunto cerrado': 'true'}, {'Número de Ascensores 1': 'true'}, {'Terraza/Balcón terraza': 'true'}, {'Terraza Rooftop': 'true'}, {'Tipo de parqueadero propio': 'true'}, {'Vigilancia 24hrs': 'true'}, {'Cerca Colegios / Universidades': 'true'}, {'Cerca Parques': 'true'}, {'Cerca Supermercados': 'true'}, {'Cerca Transporte Público': 'true'}, {'Cerca Colegios / Universidades': 'true'}, {'Cerca Parques': 'true'}, {'Cerca Supermercados': 'true'}, {'Cerca Transporte Público': 'true'}]}",2026-07-25 00:48:36.637355+00:00
https://www.metrocuadrado.com/inmueble/arriendo-apartamento-bogota-la-esperanza-norte-3-habitaciones-3-banos-2-garajes/MC6882765?src_url=%2Finmuebles%2Farriendo%2Fbogota%2F%3Fsearch%3Dform,"{'title': 'Apartamento En Arriendo, SALITRE Zona Urbana', 'location': 'SALITRE Zona Urbana, Bogotá D.C.', 'price': '$ 6.700.000', 'area': None, 'estrato': None, 'main_specs': '3 hab. | 3 bañ. | 2 par.', 'characteristics': [{'Baño Auxiliar': 'true'}, {'Citófonos': 'true'}, {'Cocina Tipo Americano': 'true'}, {'Cocina integral': 'true'}, {'Depósito o cuarto útil': 'true'}, {'Zona de lavanderia': 'true'}, {'Control de ruido': 'true'}, {'Extractor': 'true'}, {'Horno': 'true'}, {'Lavaplatos': 'true'}, {'Luz en la tarde': 'true'}, {'Número de piso 1': 'true'}, {'Shut de basura': 'true'}, {'Cerca a gimnasio': 'true'}, {'Cerca a hospitales': 'true'}, {'Cerca a Jardines y Colegios': 'true'}, {'Cerca a tiendas de barrio': 'true'}, {'Salón comunal': 'true'}, {'Zona para niños': 'true'}, {'Zonas verdes': 'true'}, {'Ubicado en edificio': 'true'}, {'Acceso con tarjetas o dispositivos': 'true'}, {'Ascensor': 'true'}, {'Bahias de parqueo': 'true'}, {'Características del Parqueadero cubierto': 'true'}, {'Parqueadero visitantes': 'true'}, {'Con Terraza': 'true'}, {'Vigilancia': 'true'}, {'Conjunto cerrado': 'true'}, {'Recepción Lobby': 'true'}, {'Terraza Rooftop': 'true'}, {'Tipo de parqueadero propio': 'true'}, {'Cerca Centros Comerciales': 'true'}, {'Cerca Colegios / Universidades': 'true'}, {'Cerca Parques': 'true'}, {'Cerca Supermercados': 'true'}, {'Cerca Transporte Público': 'true'}, {'Área Urbana': 'true'}, {'Cerca Centros Comerciales': 'true'}, {'Cerca Colegios / Universidades': 'true'}, {'Cerca Parques': 'true'}, {'Cerca Supermercados': 'true'}, {'Cerca Transporte Público': 'true'}, {'Área Urbana': 'true'}]}",2026-07-25 00:48:42.638953+00:00
https://www.metrocuadrado.com/inmueble/arriendo-apartamento-bogota-antiguo-country-edif-virrey-i-y-ii-1-habitaciones-2-banos-1-garajes/MC2356910?src_url=%2Finmuebles%2Farriendo%2Fbogota%2F%3Fsearch%3Dform,"{'title': 'Apartamento En Arriendo, CHICO EL VIRREY Chicó', 'location': 'CHICO EL VIRREY Chicó, Bogotá D.C.', 'price': '$ 3.200.000', 'area': None, 'estrato': None, 'main_specs': '1 hab. | 2 bañ. | 1 par.', 'characteristics': [{'Baño Auxiliar': 'true'}, {'Baño de Servicio': 'true'}, {'Citófonos': 'true'}, {'Cocina Tipo Americano': 'true'}, {'Cocina integral': 'true'}, {'Piso en madera': 'true'}, {'Zona de lavanderia': 'true'}, {'Horno': 'true'}, {'Número de piso 2': 'true'}, {'Zonas verdes': 'true'}, {'Ubicado en edificio': 'true'}, {'Ascensor': 'true'}, {'Características del Parqueadero cubierto': 'true'}, {'Parqueadero visitantes': 'true'}, {'Con Terraza': 'true'}, {'Vigilancia': 'true'}, {'Conjunto cerrado': 'true'}, {'Tipo de parqueadero propio': 'true'}, {'Cerca Centros Comerciales': 'true'}, {'Cerca Colegios / Universidades': 'true'}, {'Cerca Parques': 'true'}, {'Cerca Supermercados': 'true'}, {'Cerca Transporte Público': 'true'}, {'Área Rural': 'true'}, {'Área Urbana': 'true'}, {'Cerca Centros Comerciales': 'true'}, {'Cerca Colegios / Universidades': 'true'}, {'Cerca Parques': 'true'}, {'Cerca Supermercados': 'true'}, {'Cerca Transporte Público': 'true'}, {'Área Rural': 'true'}, {'Área Urbana': 'true'}]}",2026-07-25 00:48:47.981771+00:00
https://www.metrocuadrado.com/inmueble/arriendo-apartamento-bogota-3-habitaciones-4-banos-2-garajes/22276-M6686795?src_url=%2Finmuebles%2Farriendo%2Fbogota%2F%3Fsearch%3Dform,"{'title': 'Apartamento En Arriendo, Chico Reservado (Mcd)', 'location': 'Chico Reservado (Mcd), Bogotá D.C.', 'price': '$ 15.000.000', 'area': None, 'estrato': None, 'main_specs': '3 hab. | 4 bañ. | 2 par.', 'characteristics': [{'Citófonos': 'true'}, {'Tipo de Cortinas persianas': 'true'}, {'Estudio o biblioteca': 'true'}, {'Hall de Alcobas': 'true'}, {'Puertas de seguridad': 'true'}, {'Zona de lavanderia': 'true'}, {'Control de ruido': 'true'}, {'En interior y/o bloque': 'true'}, {'Extractor': 'true'}, {'Horno': 'true'}, {'Tipo instalación de gas natural': 'true'}, {'Luz en la mañana': 'true'}, {'Luz en la tarde': 'true'}, {'Número de Closets 4': 'true'}, {'Número de piso 0': 'true'}, {'Shut de basura': 'true'}, {'Tipo de calentador caldera': 'true'}, {'Tipo de Cocina lineal': 'true'}, {'Tipo comedor sala comedor': 'true'}, {'Depósito 1': 'true'}, {'Tipo de estufa gas': 'true'}, {'Tipo de acabado piso madera': 'true'}, {'Tipo de piso en alcobas madera': 'true'}, {'Tipo de piso en comedor madera': 'true'}, {'Tipo de piso en estudio madera': 'true'}, {'Tipo de piso en sala madera': 'true'}, {'Vista exterior': 'true'}, {'Walking closet': 'true'}, {'Cerca a Jardines y Colegios': 'true'}, {'Cerca a restaurantes': 'true'}, {'Cerca a tiendas de barrio': 'true'}, {'Cancha(s) de squash': 'true'}, {'Gimnasio': 'true'}, {'Salón comunal': 'true'}, {'Sauna y/o turco': 'true'}, {'Zona para niños': 'true'}, {'Área Terraza/Balcón 8': 'true'}, {'Ascensor': 'true'}, {'Acceso para discapacitados': 'true'}, {'Circuito cerrado de TV': 'true'}, {'Parqueadero cubierto': 'true'}, {'Número de Ascensores 2': 'true'}, {'Terraza/Balcón terraza': 'true'}, {'Terraza Rooftop': 'true'}, {'Tipo de parqueadero independiente': 'true'}, {'Vigilancia 24hrs': 'true'}, {'Cerca Parques': 'true'}, {'Sobre vía secundaria': 'true'}, {'Cerca Parques': 'true'}, {'Sobre vía secundaria': 'true'}]}",2026-07-25 00:48:53.277191+00:00
https://www.metrocuadrado.com/inmueble/arriendo-oficina-bogota-colina-campestre/532-M6671586?src_url=%2Finmuebles%2Farriendo%2Fbogota%2F%3Fsearch%3Dform,"{'title': 'Oficina En Arriendo, Colina Campestre', 'location': 'Colina Campestre, Bogotá D.C.', 'price': '$ 1.888.493', 'area': None, 'estrato': None, 'main_specs': None, 'characteristics': [{'Aire acondicionado': 'true'}, {'Alarma': 'true'}, {'Con calefacción': 'true'}, {'Citófonos': 'true'}, {'Equipado / Amoblado': 'true'}, {'Puertas de seguridad': 'true'}, {'Control de ruido': 'true'}, {'Equipado': 'true'}, {'Escalera de Emergencia': 'true'}, {'Número de piso 3': 'true'}, {'Salón de conferencias': 'true'}, {'Tipo de oficina edificio': 'true'}, {'Vista exterior': 'true'}, {'Ascensor': 'true'}, {'Sala de juntas o reuniones': 'true'}, {'Vigilancia 24hrs': 'true'}, {'Cerca Transporte Público': 'true'}, {'Cerca Transporte Público': 'true'}]}",2026-07-25 00:48:57.875640+00:00
https://www.metrocuadrado.com/inmueble/arriendo-oficina-bogota-chico/532-M6671357?src_url=%2Finmuebles%2Farriendo%2Fbogota%2F%3Fsearch%3Dform,"{'title': 'Oficina En Arriendo, Chico', 'location': 'Chico, Bogotá D.C.', 'price': '$ 5.499.000', 'area': None, 'estrato': None, 'main_specs': None, 'characteristics': [{'Aire acondicionado': 'true'}, {'Alarma': 'true'}, {'Con calefacción': 'true'}, {'Citófonos': 'true'}, {'Equipado / Amoblado': 'true'}, {'Puertas de seguridad': 'true'}, {'Control de ruido': 'true'}, {'Equipado': 'true'}, {'Escalera de Emergencia': 'true'}, {'Número de piso 13': 'true'}, {'Salón de conferencias': 'true'}, {'Tipo de oficina edificio': 'true'}, {'Vista exterior': 'true'}, {'Ascensor': 'true'}, {'Sala de juntas o reuniones': 'true'}, {'Vigilancia 24hrs': 'true'}, {'Cerca Transporte Público': 'true'}, {'Cerca Transporte Público': 'true'}]}",2026-07-25 00:49:02.588748+00:00
https://www.metrocuadrado.com/inmueble/arriendo-oficina-bogota-centro-internacional/532-M6671427?src_url=%2Finmuebles%2Farriendo%2Fbogota%2F%3Fsearch%3Dform,"{'title': 'Oficina En Arriendo, Centro Internacional', 'location': 'Centro Internacional, Bogotá D.C.', 'price': '$ 1.499.000', 'area': None, 'estrato': None, 'main_specs': None, 'characteristics': [{'Aire acondicionado': 'true'}, {'Alarma': 'true'}, {'Con calefacción': 'true'}, {'Citófonos': 'true'}, {'Equipado / Amoblado': 'true'}, {'Puertas de seguridad': 'true'}, {'Control de ruido': 'true'}, {'Equipado': 'true'}, {'Escalera de Emergencia': 'true'}, {'Número de piso 8': 'true'}, {'Salón de conferencias': 'true'}, {'Tipo de oficina edificio': 'true'}, {'Vista exterior': 'true'}, {'Ascensor': 'true'}, {'Sala de juntas o reuniones': 'true'}, {'Vigilancia 24hrs': 'true'}, {'Cerca Transporte Público': 'true'}, {'Cerca Transporte Público': 'true'}]}",2026-07-25 00:49:07.266447+00:00
https://www.metrocuadrado.com/inmueble/arriendo-apartaestudio-bogota-bosque-calderon-1-habitaciones-1-banos-1-garajes/20861-M6557982?src_url=%2Finmuebles%2Farriendo%2Fbogota%2F%3Fsearch%3Dform,"{'title': 'Apartaestudio En Arriendo, Bosque Calderon', 'location': 'Bosque Calderon, Bogotá D.C.', 'price': '$ 3.547.000', 'area': None, 'estrato': None, 'main_specs': '1 hab. | 1 bañ. | 1 par.', 'characteristics': [{'Baño Auxiliar': 'true'}, {'Baño de Servicio': 'true'}, {'Con calefacción': 'true'}, {'Citófonos': 'true'}, {'Cocina Tipo Americano': 'true'}, {'Cocina integral': 'true'}, {'Zona de lavanderia': 'true'}, {'Extractor': 'true'}, {'Luz en la mañana': 'true'}, {'Luz en la tarde': 'true'}, {'Monoambiente': 'true'}, {'Número de piso 6': 'true'}, {'Shut de basura': 'true'}, {'Depósito 1': 'true'}, {'Tipo de acabado piso cerámica': 'true'}, {'Cerca a hospitales': 'true'}, {'Cerca a Jardines y Colegios': 'true'}, {'Cerca a restaurantes': 'true'}, {'Cerca a tiendas de barrio': 'true'}, {'Gimnasio': 'true'}, {'Salón comunal': 'true'}, {'Zonas verdes': 'true'}, {'Ascensor': 'true'}, {'Circuito cerrado de TV': 'true'}, {'Parqueadero visitantes': 'true'}, {'Vigilancia': 'true'}, {'Vista panorámica': 'true'}, {'Recepción Lobby': 'true'}, {'Cerca Colegios / Universidades': 'true'}, {'Cerca Parques': 'true'}, {'Cerca Transporte Público': 'true'}, {'Área Urbana': 'true'}, {'Cerca Colegios / Universidades': 'true'}, {'Cerca Parques': 'true'}, {'Cerca Transporte Público': 'true'}, {'Área Urbana': 'true'}]}",2026-07-25 00:49:12.050428+00:00
https://www.metrocuadrado.com/inmueble/arriendo-apartamento-bogota-rincon-del-chico-1-habitaciones-2-banos-1-garajes/23122-M6876233?src_url=%2Finmuebles%2Farriendo%2Fbogota%2F%3Fsearch%3Dform,"{'title': 'Apartamento En Arriendo, RINCON DEL CHICO', 'location': 'RINCON DEL CHICO, Bogotá D.C.', 'price': '$ 5.000.000', 'area': None, 'estrato': None, 'main_specs': '1 hab. | 2 bañ. | 1 par.', 'characteristics': [{'Tipo de Cortinas pesadas': 'true'}, {'Estudio o biblioteca': 'true'}, {'Equipado / Amoblado': 'true'}, {'Zona de lavanderia': 'true'}, {'Tipo instalación de gas ninguno': 'true'}, {'Número de Closets 1': 'true'}, {'Número de piso 16': 'true'}, {'Tipo de calentador electrico': 'true'}, {'Tipo de Cocina abierta': 'true'}, {'Tipo comedor comedor independiente': 'true'}, {'Depósito 0': 'true'}, {'Tipo de estufa electrica': 'true'}, {'Tipo de acabado piso laminado': 'true'}, {'Tipo de piso en alcobas laminado': 'true'}, {'Tipo de piso en comedor laminado': 'true'}, {'Tipo de piso en estudio laminado': 'true'}, {'Tipo de piso en sala laminado': 'true'}, {'Vista exterior': 'true'}, {'Cerca a parque industrial': 'true'}, {'Cerca a restaurantes': 'true'}, {'Gimnasio': 'true'}, {'Sauna y/o turco': 'true'}, {'Ascensor': 'true'}, {'Parqueadero cubierto': 'true'}, {'Piscina': 'true'}, {'Conjunto cerrado': 'true'}, {'Número de Ascensores 3': 'true'}, {'Terraza/Balcón ninguno': 'true'}, {'Tipo de parqueadero comunal': 'true'}, {'Vigilancia 24hrs': 'true'}, {'Cerca Centros Comerciales': 'true'}, {'Cerca Centros Comerciales': 'true'}]}",2026-07-25 00:49:17.345518+00:00
https://www.metrocuadrado.com/inmueble/arriendo-apartamento-bogota-la-cabrera-3-habitaciones-5-banos-3-garajes/3664-M6709452?src_url=%2Finmuebles%2Farriendo%2Fbogota%2F%3Fsearch%3Dform,"{'title': 'Apartamento En Arriendo, Cabrera', 'location': 'Cabrera, Bogotá D.C.', 'price': '$ 16.000.000', 'area': None, 'estrato': None, 'main_specs': '3 hab. | 5 bañ. | 3 par.', 'characteristics': [{'Baño Auxiliar': 'true'}, {'Baño de Servicio': 'true'}, {'Con chimenea': 'true'}, {'Citófonos': 'true'}, {'Cocina integral': 'true'}, {'Comedor auxiliar': 'true'}, {'Cuarto de servicio': 'true'}, {'Estudio o biblioteca': 'true'}, {'Hall de Alcobas': 'true'}, {'Jacuzzi': 'true'}, {'Zona de lavanderia': 'true'}, {'Despensa': 'true'}, {'Extractor': 'true'}, {'Horno': 'true'}, {'Lavaplatos': 'true'}, {'Luz en la mañana': 'true'}, {'Monoambiente': 'true'}, {'Número de piso 7': 'true'}, {'Shut de basura': 'true'}, {'Depósito 1': 'true'}, {'Walking closet': 'true'}, {'Cerca a Jardines y Colegios': 'true'}, {'Cerca a restaurantes': 'true'}, {'Gimnasio': 'true'}, {'Salón comunal': 'true'}, {'Zona para niños': 'true'}, {'Ascensor': 'true'}, {'Bahias de parqueo': 'true'}, {'Circuito cerrado de TV': 'true'}, {'Parqueadero visitantes': 'true'}, {'Vigilancia': 'true'}, {'Vista panorámica': 'true'}, {'Recepción Lobby': 'true'}, {'Terraza/Balcón balcón': 'true'}, {'Cerca Colegios / Universidades': 'true'}, {'Cerca Parques': 'true'}, {'Cerca Transporte Público': 'true'}, {'Área Urbana': 'true'}, {'Cerca Colegios / Universidades': 'true'}, {'Cerca Parques': 'true'}, {'Cerca Transporte Público': 'true'}, {'Área Urbana': 'true'}]}",2026-07-25 00:49:22.152204+00:00
https://www.metrocuadrado.com/inmueble/arriendo-casa-bogota-santa-ana-oriental-4-habitaciones-5-banos-4-garajes/3553-M4979456?src_url=%2Finmuebles%2Farriendo%2Fbogota%2F%3Fsearch%3Dform,"{'title': 'Casa En Arriendo, USAQUEN', 'location': 'USAQUEN, Bogotá D.C.', 'price': '$ 30.000.000', 'area': None, 'estrato': None, 'main_specs': '4 hab. | 5 bañ. | 4 par.', 'characteristics': [{'Ancho 17 m': 'true'}, {'Apto para niños': 'true'}, {'Con chimenea': 'true'}, {'Estudio o biblioteca': 'true'}, {'Zona de lavanderia': 'true'}, {'Fondo 30.5 m': 'true'}, {'Tipo instalación de gas natural': 'true'}, {'Tipo de calentador gas': 'true'}, {'Tipo de Casa tradicional': 'true'}, {'Tipo de Cocina isla': 'true'}, {'Tipo comedor comedor independiente': 'true'}, {'Depósito 2': 'true'}, {'Tipo de estufa mixta': 'true'}, {'Tipo de acabado piso madera': 'true'}, {'Tipo de piso en alcobas madera': 'true'}, {'Tipo de piso en comedor madera': 'true'}, {'Tipo de piso en estudio madera': 'true'}, {'Tipo de piso en sala madera': 'true'}, {'Vista exterior': 'true'}, {'Gimnasio': 'true'}, {'Sauna y/o turco': 'true'}, {'Zona para niños': 'true'}, {'Zonas verdes': 'true'}, {'Parqueadero cubierto': 'true'}, {'Jardín': 'true'}, {'Número de niveles 2': 'true'}, {'Tipo de parqueadero independiente': 'true'}, {'Cerca Centros Comerciales': 'true'}, {'Cerca Colegios / Universidades': 'true'}, {'Cerca Parques': 'true'}, {'Cerca Supermercados': 'true'}, {'Cerca Transporte Público': 'true'}, {'Sobre vía secundaria': 'true'}, {'Cerca Centros Comerciales': 'true'}, {'Cerca Colegios / Universidades': 'true'}, {'Cerca Parques': 'true'}, {'Cerca Supermercados': 'true'}, {'Cerca Transporte Público': 'true'}, {'Sobre vía secundaria': 'true'}]}",2026-07-25 00:49:26.991333+00:00
https://www.metrocuadrado.com/inmueble/arriendo-apartamento-bogota-chico-3-habitaciones-5-banos-3-garajes/19579-M5855049?src_url=%2Finmuebles%2Farriendo%2Fbogota%2F%3Fsearch%3Dform,"{'title': 'Apartamento En Arriendo, Cabrera', 'location': 'Cabrera, Bogotá D.C.', 'price': '$ 15.998.000', 'area': None, 'estrato': None, 'main_specs': '3 hab. | 5 bañ. | 3 par.', 'characteristics': [{'Baño Auxiliar': 'true'}, {'Baño de Servicio': 'true'}, {'Con chimenea': 'true'}, {'Citófonos': 'true'}, {'Cocina Tipo Americano': 'true'}, {'Cocina integral': 'true'}, {'Comedor auxiliar': 'true'}, {'Cuarto de servicio': 'true'}, {'Estudio o biblioteca': 'true'}, {'Hall de Alcobas': 'true'}, {'Zona de lavanderia': 'true'}, {'Despensa': 'true'}, {'Monoambiente': 'true'}, {'Número de piso 9': 'true'}, {'Depósito 1': 'true'}, {'Tipo de acabado piso cerámica': 'true'}, {'Gimnasio': 'true'}, {'Jaula de Golf': 'true'}, {'Salón comunal': 'true'}, {'Sauna y/o turco': 'true'}, {'Zona para niños': 'true'}, {'Zonas verdes': 'true'}, {'Ascensor': 'true'}, {'Circuito cerrado de TV': 'true'}, {'Parqueadero visitantes': 'true'}, {'Piscina': 'true'}, {'Con Terraza': 'true'}, {'Vigilancia': 'true'}, {'Vista panorámica': 'true'}, {'Conjunto cerrado': 'true'}, {'Recepción Lobby': 'true'}, {'Terraza/Balcón balcón': 'true'}, {'Terraza Rooftop': 'true'}, {'Cerca Colegios / Universidades': 'true'}, {'Cerca Parques': 'true'}, {'Cerca Transporte Público': 'true'}, {'Área Urbana': 'true'}, {'Cerca Colegios / Universidades': 'true'}, {'Cerca Parques': 'true'}, {'Cerca Transporte Público': 'true'}, {'Área Urbana': 'true'}]}",2026-07-25 00:49:31.666590+00:00
https://www.metrocuadrado.com/inmueble/arriendo-apartamento-bogota-chico-navarra-3-habitaciones-4-banos-3-garajes/11079-M6767802?src_url=%2Finmuebles%2Farriendo%2Fbogota%2F%3Fsearch%3Dform,"{'title': 'Apartamento En Arriendo, Chico Navarra', 'location': 'Chico Navarra, Bogotá D.C.', 'price': '$ 16.000.000', 'area': None, 'estrato': None, 'main_specs': '3 hab. | 4 bañ. | 3 par.', 'characteristics': [{'Baño Auxiliar': 'true'}, {'Baño de Servicio': 'true'}, {'Con calefacción': 'true'}, {'Con chimenea': 'true'}, {'Citófonos': 'true'}, {'Cocina Tipo Americano': 'true'}, {'Cocina integral': 'true'}, {'Cuarto de servicio': 'true'}, {'Estudio o biblioteca': 'true'}, {'Equipado / Amoblado': 'true'}, {'Zona de lavanderia': 'true'}, {'Despensa': 'true'}, {'Detección de humo': 'true'}, {'Extractor': 'true'}, {'Horno': 'true'}, {'Lavaplatos': 'true'}, {'Monoambiente': 'true'}, {'Número de piso 6': 'true'}, {'Shut de basura': 'true'}, {'Walking closet': 'true'}, {'Cerca a Jardines y Colegios': 'true'}, {'Cerca a restaurantes': 'true'}, {'Cerca a tiendas de barrio': 'true'}, {'Gimnasio': 'true'}, {'Salón comunal': 'true'}, {'Zonas verdes': 'true'}, {'Ascensor': 'true'}, {'Parqueadero visitantes': 'true'}, {'Con Terraza': 'true'}, {'Vigilancia': 'true'}, {'Vista panorámica': 'true'}, {'Recepción Lobby': 'true'}, {'Terraza/Balcón balcón': 'true'}, {'Terraza Rooftop': 'true'}, {'Cerca Parques': 'true'}, {'Cerca Transporte Público': 'true'}, {'Área Urbana': 'true'}, {'Cerca Parques': 'true'}, {'Cerca Transporte Público': 'true'}, {'Área Urbana': 'true'}]}",2026-07-25 00:49:36.442096+00:00
https://www.metrocuadrado.com/inmueble/arriendo-oficina-bogota-3-banos-2-garajes/537-M5649878?src_url=%2Finmuebles%2Farriendo%2Fbogota%2F%3Fsearch%3Dform,"{'title': 'Oficina En Arriendo, CHICO', 'location': 'CHICO, Bogotá D.C.', 'price': '$ 7.300.000', 'area': None, 'estrato': None, 'main_specs': '3 bañ. | 2 par.', 'characteristics': [{'Citófonos': 'true'}, {'Puertas de seguridad': 'true'}, {'Control de ruido': 'true'}, {'Detección de humo': 'true'}, {'Escalera de Emergencia': 'true'}, {'Número de piso 4': 'true'}, {'Salón de conferencias': 'true'}, {'Se Permite Fumar': 'true'}, {'Tipo de oficina edificio': 'true'}, {'Tipo de acabado piso otro': 'true'}, {'Vista exterior': 'true'}, {'Cerca a gimnasio': 'true'}, {'Cerca a hospitales': 'true'}, {'Cerca a parque industrial': 'true'}, {'Acceso con tarjetas o dispositivos': 'true'}, {'Ascensor': 'true'}, {'Acceso para discapacitados': 'true'}, {'Circuito cerrado de TV': 'true'}, {'Parqueadero cubierto': 'true'}, {'Generador eléctrico': 'true'}, {'Jardines': 'true'}, {'Número de Ascensores 4': 'true'}, {'Recepción Lobby': 'true'}, {'Salón de juegos': 'true'}, {'Sistema contra incendio': 'true'}, {'Vigilancia 24hrs': 'true'}, {'Cerca Centros Comerciales': 'true'}, {'Cerca Colegios / Universidades': 'true'}, {'Cerca Parques': 'true'}, {'Cerca Supermercados': 'true'}, {'Cerca Transporte Público': 'true'}, {'Sobre vía principal': 'true'}, {'Sobre vía secundaria': 'true'}, {'Ubicación zona centros negocios': 'true'}, {'Cerca Centros Comerciales': 'true'}, {'Cerca Colegios / Universidades': 'true'}, {'Cerca Parques': 'true'}, {'Cerca Supermercados': 'true'}, {'Cerca Transporte Público': 'true'}, {'Sobre vía principal': 'true'}, {'Sobre vía secundaria': 'true'}, {'Ubicación zona centros negocios': 'true'}]}",2026-07-25 00:49:41.229692+00:00
https://www.metrocuadrado.com/inmueble/arriendo-apartamento-bogota-el-refugio-2-habitaciones-3-banos-2-garajes/21619-M6607257?src_url=%2Finmuebles%2Farriendo%2Fbogota%2F%3Fsearch%3Dform,"{'title': 'Apartamento En Arriendo, El Refugio', 'location': 'El Refugio, Bogotá D.C.', 'price': '$ 15.000.000', 'area': None, 'estrato': None, 'main_specs': '2 hab. | 3 bañ. | 2 par.', 'characteristics': [{'Baño Auxiliar': 'true'}, {'Baño de Servicio': 'true'}, {'Con calefacción': 'true'}, {'Con chimenea': 'true'}, {'Citófonos': 'true'}, {'Cocina integral': 'true'}, {'Comedor auxiliar': 'true'}, {'Cuarto de servicio': 'true'}, {'Estudio o biblioteca': 'true'}, {'Hall de Alcobas': 'true'}, {'Equipado / Amoblado': 'true'}, {'Zona de lavanderia': 'true'}, {'Extractor': 'true'}, {'Horno': 'true'}, {'Monoambiente': 'true'}, {'Número de piso 6': 'true'}, {'Shut de basura': 'true'}, {'Depósito 1': 'true'}, {'Tipo de acabado piso cerámica': 'true'}, {'Walking closet': 'true'}, {'Cerca a Jardines y Colegios': 'true'}, {'Cerca a restaurantes': 'true'}, {'Cancha(s) de squash': 'true'}, {'Gimnasio': 'true'}, {'Salón comunal': 'true'}, {'Sauna y/o turco': 'true'}, {'Zona para niños': 'true'}, {'Ascensor': 'true'}, {'Circuito cerrado de TV': 'true'}, {'Parqueadero visitantes': 'true'}, {'Piscina': 'true'}, {'Vigilancia': 'true'}, {'Vista panorámica': 'true'}, {'Recepción Lobby': 'true'}, {'Cerca Colegios / Universidades': 'true'}, {'Cerca Parques': 'true'}, {'Cerca Transporte Público': 'true'}, {'Área Urbana': 'true'}, {'Cerca Colegios / Universidades': 'true'}, {'Cerca Parques': 'true'}, {'Cerca Transporte Público': 'true'}, {'Área Urbana': 'true'}]}",2026-07-25 00:49:45.996645+00:00
https://www.metrocuadrado.com/inmueble/arriendo-apartamento-bogota-la-alameda-170-3-habitaciones-2-banos-1-garajes/5340-M5402534?src_url=%2Finmuebles%2Farriendo%2Fbogota%2F%3Fsearch%3Dform,"{'title': 'Apartamento En Arriendo, La Alameda 170', 'location': 'La Alameda 170, Bogotá D.C.', 'price': '$ 2.600.000', 'area': None, 'estrato': None, 'main_specs': '3 hab. | 2 bañ. | 1 par.', 'characteristics': [{'Baño Auxiliar': 'true'}, {'Baño de Servicio': 'true'}, {'Con calefacción': 'true'}, {'Con chimenea': 'true'}, {'Citófonos': 'true'}, {'Cocina integral': 'true'}, {'Estudio o biblioteca': 'true'}, {'Hall de Alcobas': 'true'}, {'Zona de lavanderia': 'true'}, {'Despensa': 'true'}, {'Monoambiente': 'true'}, {'Número de piso 12': 'true'}, {'Cancha(s) de Basket': 'true'}, {'Gimnasio': 'true'}, {'Salón comunal': 'true'}, {'Zona de BBQ': 'true'}, {'Zona para niños': 'true'}, {'Zonas verdes': 'true'}, {'Ascensor': 'true'}, {'Circuito cerrado de TV': 'true'}, {'Parqueadero visitantes': 'true'}, {'Vigilancia': 'true'}, {'Vista panorámica': 'true'}, {'Conjunto cerrado': 'true'}, {'Recepción Lobby': 'true'}, {'Terraza/Balcón balcón': 'true'}, {'Cerca Colegios / Universidades': 'true'}, {'Cerca Parques': 'true'}, {'Cerca Transporte Público': 'true'}, {'Sobre vía principal': 'true'}, {'Ubicación zona centros negocios': 'true'}, {'Área Urbana': 'true'}, {'Cerca Colegios / Universidades': 'true'}, {'Cerca Parques': 'true'}, {'Cerca Transporte Público': 'true'}, {'Sobre vía principal': 'true'}, {'Ubicación zona centros negocios': 'true'}, {'Área Urbana': 'true'}]}",2026-07-25 00:49:51.275641+00:00
https://www.metrocuadrado.com/inmueble/arriendo-casa-bogota-quinta-camacho-5-habitaciones-5-banos-1-garajes/19579-M5778056?src_url=%2Finmuebles%2Farriendo%2Fbogota%2F%3Fsearch%3Dform,"{'title': 'Casa En Arriendo, Quinta Camacho', 'location': 'Quinta Camacho, Bogotá D.C.', 'price': '$ 18.000.000', 'area': None, 'estrato': None, 'main_specs': '5 hab. | 5 bañ. | 1 par.', 'characteristics': [{'Baño Auxiliar': 'true'}, {'Alarma': 'true'}, {'Baño de Servicio': 'true'}, {'Con calefacción': 'true'}, {'Con chimenea': 'true'}, {'Citófonos': 'true'}, {'Cocina Tipo Americano': 'true'}, {'Cocina integral': 'true'}, {'Comedor auxiliar': 'true'}, {'Cuarto de servicio': 'true'}, {'Estudio o biblioteca': 'true'}, {'Hall de Alcobas': 'true'}, {'Zona de lavanderia': 'true'}, {'Despensa': 'true'}, {'Depósito 1': 'true'}, {'Tipo de acabado piso cerámica': 'true'}, {'Jardín interior': 'true'}, {'Salón comunal': 'true'}, {'Zona de BBQ': 'true'}, {'Zona para niños': 'true'}, {'Zonas verdes': 'true'}, {'&Aacute;rea del lote 670': 'true'}, {'Circuito cerrado de TV': 'true'}, {'Jardín': 'true'}, {'Parqueadero visitantes': 'true'}, {'Vigilancia': 'true'}, {'Vista panorámica': 'true'}, {'Terraza/Balcón balcón': 'true'}, {'Cerca Colegios / Universidades': 'true'}, {'Cerca Parques': 'true'}, {'Cerca Transporte Público': 'true'}, {'Ubicación zona centros negocios': 'true'}, {'Área Urbana': 'true'}, {'Cerca Colegios / Universidades': 'true'}, {'Cerca Parques': 'true'}, {'Cerca Transporte Público': 'true'}, {'Ubicación zona centros negocios': 'true'}, {'Área Urbana': 'true'}]}",2026-07-25 00:49:56.048839+00:00
https://www.metrocuadrado.com/inmueble/arriendo-apartamento-bogota-pasadena-2-habitaciones-3-banos-2-garajes/20444-M6887815?src_url=%2Finmuebles%2Farriendo%2Fbogota%2F%3Fsearch%3Dform,"{'title': 'Apartamento En Arriendo, PASADENA', 'location': 'PASADENA, Bogotá D.C.', 'price': '$ 6.200.000', 'area': None, 'estrato': None, 'main_specs': '2 hab. | 3 bañ. | 2 par.', 'characteristics': [{'Citófonos': 'true'}, {'Tipo de Cortinas persianas': 'true'}, {'Equipado / Amoblado': 'true'}, {'Zona de lavanderia': 'true'}, {'Horno': 'true'}, {'Tipo instalación de gas natural': 'true'}, {'Luz en la tarde': 'true'}, {'Número de Closets 2': 'true'}, {'Número de piso 8': 'true'}, {'Se Permite Fumar': 'true'}, {'Shut de basura': 'true'}, {'Tipo de calentador gas': 'true'}, {'Tipo de Cocina abierta': 'true'}, {'Tipo comedor sala comedor': 'true'}, {'Depósito 0': 'true'}, {'Tipo de estufa gas': 'true'}, {'Tipo de acabado piso laminado': 'true'}, {'Vista exterior': 'true'}, {'Cerca a tiendas de barrio': 'true'}, {'Gimnasio': 'true'}, {'Salón comunal': 'true'}, {'Sauna y/o turco': 'true'}, {'Zona para niños': 'true'}, {'Área Terraza/Balcón 6': 'true'}, {'Ascensor': 'true'}, {'Circuito cerrado de TV': 'true'}, {'Parqueadero cubierto': 'true'}, {'Vista panorámica': 'true'}, {'Número de Ascensores 1': 'true'}, {'Recepción Lobby': 'true'}, {'Terraza/Balcón balcón': 'true'}, {'Terraza Rooftop': 'true'}, {'Tipo de parqueadero propio': 'true'}, {'Vigilancia 24hrs': 'true'}, {'Cerca Parques': 'true'}, {'Cerca Supermercados': 'true'}, {'Cerca Parques': 'true'}, {'Cerca Supermercados': 'true'}]}",2026-07-25 00:50:01.244176+00:00
https://www.metrocuadrado.com/inmueble/arriendo-apartamento-bogota-lisboa-3-habitaciones-5-banos-2-garajes/5340-M6602654?src_url=%2Finmuebles%2Farriendo%2Fbogota%2F%3Fsearch%3Dform,"{'title': 'Apartamento En Arriendo, Lisboa', 'location': 'Lisboa, Bogotá D.C.', 'price': '$ 4.700.000', 'area': None, 'estrato': None, 'main_specs': '3 hab. | 5 bañ. | 2 par.', 'characteristics': [{'Baño Auxiliar': 'true'}, {'Baño de Servicio': 'true'}, {'Con calefacción': 'true'}, {'Citófonos': 'true'}, {'Cocina integral': 'true'}, {'Estudio o biblioteca': 'true'}, {'Hall de Alcobas': 'true'}, {'Zona de lavanderia': 'true'}, {'Control térmico': 'true'}, {'Despensa': 'true'}, {'Extractor': 'true'}, {'Horno': 'true'}, {'Lavaplatos': 'true'}, {'Luz en la mañana': 'true'}, {'Luz en la tarde': 'true'}, {'Monoambiente': 'true'}, {'Número de piso 2': 'true'}, {'Shut de basura': 'true'}, {'Depósito 1': 'true'}, {'Tipo de acabado piso cerámica': 'true'}, {'Walking closet': 'true'}, {'Cerca a Jardines y Colegios': 'true'}, {'Cerca a restaurantes': 'true'}, {'Gimnasio': 'true'}, {'Salón comunal': 'true'}, {'Zona para niños': 'true'}, {'Zonas verdes': 'true'}, {'Ascensor': 'true'}, {'Circuito cerrado de TV': 'true'}, {'Parqueadero visitantes': 'true'}, {'Vigilancia': 'true'}, {'Conjunto cerrado': 'true'}, {'Recepción Lobby': 'true'}, {'Terraza/Balcón balcón': 'true'}, {'Cerca Colegios / Universidades': 'true'}, {'Cerca Parques': 'true'}, {'Cerca Transporte Público': 'true'}, {'Área Urbana': 'true'}, {'Cerca Colegios / Universidades': 'true'}, {'Cerca Parques': 'true'}, {'Cerca Transporte Público': 'true'}, {'Área Urbana': 'true'}]}",2026-07-25 00:50:06.040100+00:00
https://www.metrocuadrado.com/inmueble/arriendo-apartamento-bogota-sierras-del-moral-3-habitaciones-3-banos-2-garajes/2671-M6455085?src_url=%2Finmuebles%2Farriendo%2Fbogota%2F%3Fsearch%3Dform,"{'title': 'Apartamento En Arriendo, Sierras Del Moral', 'location': 'Sierras Del Moral, Bogotá D.C.', 'price': '$ 14.500.000', 'area': None, 'estrato': None, 'main_specs': '3 hab. | 3 bañ. | 2 par.', 'characteristics': [{'Apto para niños': 'true'}, {'Alarma': 'true'}, {'Con chimenea': 'true'}, {'Cuarto de servicio': 'true'}, {'Estudio o biblioteca': 'true'}, {'Hall de Alcobas': 'true'}, {'Despensa': 'true'}, {'Tipo instalación de gas natural': 'true'}, {'Lavaplatos': 'true'}, {'Luz en la mañana': 'true'}, {'Luz en la tarde': 'true'}, {'Número de piso 4': 'true'}, {'Se Permite Fumar': 'true'}, {'Se Permiten Mascotas': 'true'}, {'Tipo de Cocina abierta': 'true'}, {'Tipo comedor sala comedor': 'true'}, {'Tipo de estufa gas': 'true'}, {'Cerca a gimnasio': 'true'}, {'Cerca a Jardines y Colegios': 'true'}, {'Cerca a restaurantes': 'true'}, {'Zonas verdes': 'true'}, {'Ascensor': 'true'}, {'Parqueadero visitantes': 'true'}, {'Vista panorámica': 'true'}, {'Terraza/Balcón balcón': 'true'}, {'Tipo de parqueadero independiente': 'true'}, {'Vigilancia 24hrs': 'true'}, {'Cerca Centros Comerciales': 'true'}, {'Cerca Parques': 'true'}, {'Cerca Supermercados': 'true'}, {'Cerca Transporte Público': 'true'}, {'Área Urbana': 'true'}, {'Cerca Centros Comerciales': 'true'}, {'Cerca Parques': 'true'}, {'Cerca Supermercados': 'true'}, {'Cerca Transporte Público': 'true'}, {'Área Urbana': 'true'}]}",2026-07-25 00:50:10.869717+00:00
https://www.metrocuadrado.com/inmueble/arriendo-casa-bogota-el-salitre-5-habitaciones-4-banos-3-garajes/22662-M6779648?src_url=%2Finmuebles%2Farriendo%2Fbogota%2F%3Fsearch%3Dform,"{'title': 'Casa En Arriendo, SALITRE EL GRECO', 'location': 'SALITRE EL GRECO, Bogotá D.C.', 'price': '$ 7.900.000', 'area': None, 'estrato': None, 'main_specs': '5 hab. | 4 bañ. | 3 par.', 'characteristics': [{'Ancho 10 m': 'true'}, {'Con chimenea': 'true'}, {'Tipo de Cortinas con velos': 'true'}, {'Estudio o biblioteca': 'true'}, {'Zona de lavanderia': 'true'}, {'Fondo 25 m': 'true'}, {'Tipo instalación de gas natural': 'true'}, {'Número de Closets 3': 'true'}, {'Tipo de calentador electrico': 'true'}, {'Tipo de Casa tradicional': 'true'}, {'Tipo de Cocina lineal': 'true'}, {'Tipo comedor comedor independiente': 'true'}, {'Tipo de estufa gas': 'true'}, {'Tipo de acabado piso cerámica': 'true'}, {'Tipo de piso en alcobas cerámica': 'true'}, {'Tipo de piso en comedor cerámica': 'true'}, {'Tipo de piso en sala marmol': 'true'}, {'Vista exterior': 'true'}, {'Cerca a gimnasio': 'true'}, {'Cerca a hospitales': 'true'}, {'Cerca a Jardines y Colegios': 'true'}, {'Cerca a restaurantes': 'true'}, {'Cerca a tiendas de barrio': 'true'}, {'Zonas verdes': 'true'}, {'&Aacute;rea del lote 250': 'true'}, {'Circuito cerrado de TV': 'true'}, {'Parqueadero cubierto': 'true'}, {'Jardín': 'true'}, {'Número de niveles 2': 'true'}, {'Tipo de parqueadero propio': 'true'}, {'Cerca Centros Comerciales': 'true'}, {'Cerca Colegios / Universidades': 'true'}, {'Cerca Parques': 'true'}, {'Cerca Supermercados': 'true'}, {'Cerca Transporte Público': 'true'}, {'Sobre vía secundaria': 'true'}, {'Cerca Centros Comerciales': 'true'}, {'Cerca Colegios / Universidades': 'true'}, {'Cerca Parques': 'true'}, {'Cerca Supermercados': 'true'}, {'Cerca Transporte Público': 'true'}, {'Sobre vía secundaria': 'true'}]}",2026-07-25 00:50:16.319747+00:00
https://www.metrocuadrado.com/inmueble/arriendo-apartamento-bogota-cerros-de-los-alpes-4-habitaciones-4-banos-4-garajes/21542-M6189716?src_url=%2Finmuebles%2Farriendo%2Fbogota%2F%3Fsearch%3Dform,"{'title': 'Apartamento En Arriendo, Cerros De Los Alpes', 'location': 'Cerros De Los Alpes, Bogotá D.C.', 'price': '$ 37.900.000', 'area': None, 'estrato': None, 'main_specs': '4 hab. | 4 bañ. | 4 par.', 'characteristics': [{'Baño Auxiliar': 'true'}, {'Baño de Servicio': 'true'}, {'Con chimenea': 'true'}, {'Citófonos': 'true'}, {'Cocina integral': 'true'}, {'Comedor auxiliar': 'true'}, {'Cuarto de servicio': 'true'}, {'Depósito o cuarto útil': 'true'}, {'Estudio o biblioteca': 'true'}, {'Hall de Alcobas': 'true'}, {'Zona de lavanderia': 'true'}, {'Despensa': 'true'}, {'Monoambiente': 'true'}, {'Número de piso 9': 'true'}, {'Depósito 1': 'true'}, {'Cancha(s) de Basket': 'true'}, {'Cancha(s) de squash': 'true'}, {'Cancha(s) de Tennis': 'true'}, {'Gimnasio': 'true'}, {'Jaula de Golf': 'true'}, {'Salón comunal': 'true'}, {'Zona para niños': 'true'}, {'Zonas verdes': 'true'}, {'Ascensor': 'true'}, {'Circuito cerrado de TV': 'true'}, {'Parqueadero visitantes': 'true'}, {'Piscina': 'true'}, {'Con Terraza': 'true'}, {'Vigilancia': 'true'}, {'Vista panorámica': 'true'}, {'Conjunto cerrado': 'true'}, {'Recepción Lobby': 'true'}, {'Terraza/Balcón balcón': 'true'}, {'Terraza Rooftop': 'true'}, {'Cerca Parques': 'true'}, {'Cerca Parques': 'true'}]}",2026-07-25 00:50:21.081404+00:00
https://www.metrocuadrado.com/inmueble/arriendo-apartamento-bogota-la-porciuncula-5-habitaciones-5-banos-3-garajes/5340-M5593204?src_url=%2Finmuebles%2Farriendo%2Fbogota%2F%3Fsearch%3Dform,"{'title': 'Apartamento En Arriendo, Los Rosales', 'location': 'Los Rosales, Bogotá D.C.', 'price': '$ 20.000.000', 'area': None, 'estrato': None, 'main_specs': '5 hab. | 5 bañ. | 3 par.', 'characteristics': [{'Baño Auxiliar': 'true'}, {'Alarma': 'true'}, {'Baño de Servicio': 'true'}, {'Con calefacción': 'true'}, {'Con chimenea': 'true'}, {'Citófonos': 'true'}, {'Cocina integral': 'true'}, {'Comedor auxiliar': 'true'}, {'Cuarto de servicio': 'true'}, {'Estudio o biblioteca': 'true'}, {'Hall de Alcobas': 'true'}, {'Equipado / Amoblado': 'true'}, {'Zona de lavanderia': 'true'}, {'Despensa': 'true'}, {'Monoambiente': 'true'}, {'Número de piso 6': 'true'}, {'Depósito 1': 'true'}, {'Tipo de acabado piso cerámica': 'true'}, {'Salón comunal': 'true'}, {'Zona para niños': 'true'}, {'Zonas verdes': 'true'}, {'Ascensor': 'true'}, {'Circuito cerrado de TV': 'true'}, {'Parqueadero visitantes': 'true'}, {'Vigilancia': 'true'}, {'Vista panorámica': 'true'}, {'Conjunto cerrado': 'true'}, {'Recepción Lobby': 'true'}, {'Cerca Colegios / Universidades': 'true'}, {'Cerca Parques': 'true'}, {'Cerca Transporte Público': 'true'}, {'Sobre vía principal': 'true'}, {'Ubicación zona centros negocios': 'true'}, {'Área Urbana': 'true'}, {'Cerca Colegios / Universidades': 'true'}, {'Cerca Parques': 'true'}, {'Cerca Transporte Público': 'true'}, {'Sobre vía principal': 'true'}, {'Ubicación zona centros negocios': 'true'}, {'Área Urbana': 'true'}]}",2026-07-25 00:50:25.852101+00:00
https://www.metrocuadrado.com/inmueble/arriendo-apartamento-bogota-bella-suiza-2-habitaciones-4-banos-2-garajes/23236-M6879585?src_url=%2Finmuebles%2Farriendo%2Fbogota%2F%3Fsearch%3Dform,"{'title': 'Apartamento En Arriendo, Bella Suiza', 'location': 'Bella Suiza, Bogotá D.C.', 'price': '$ 9.800.000', 'area': None, 'estrato': None, 'main_specs': '2 hab. | 4 bañ. | 2 par.', 'characteristics': [{'Baño de Servicio': 'true'}, {'Con chimenea': 'true'}, {'Citófonos': 'true'}, {'Tipo de Cortinas persianas': 'true'}, {'Cuarto de servicio': 'true'}, {'Estudio o biblioteca': 'true'}, {'Hall de Alcobas': 'true'}, {'Puertas de seguridad': 'true'}, {'Zona de lavanderia': 'true'}, {'Despensa': 'true'}, {'Detección de humo': 'true'}, {'Extractor': 'true'}, {'Horno': 'true'}, {'Tipo instalación de gas natural': 'true'}, {'Lavaplatos': 'true'}, {'Luz en la mañana': 'true'}, {'Luz en la tarde': 'true'}, {'Número de Closets 2': 'true'}, {'Número de piso 7': 'true'}, {'PentHouse': 'true'}, {'Se Permite Fumar': 'true'}, {'Se Permiten Mascotas': 'true'}, {'Tipo de calentador no tiene': 'true'}, {'Tipo de Cocina otra': 'true'}, {'Tipo comedor comedor independiente': 'true'}, {'Depósito 1': 'true'}, {'Tipo de estufa gas': 'true'}, {'Tipo de acabado piso madera': 'true'}, {'Tipo de piso en alcobas madera': 'true'}, {'Tipo de piso en comedor madera': 'true'}, {'Tipo de piso en estudio madera': 'true'}, {'Tipo de piso en sala madera': 'true'}, {'Vista exterior': 'true'}, {'Cerca a gimnasio': 'true'}, {'Cerca a hospitales': 'true'}, {'Cerca a Jardines y Colegios': 'true'}, {'Cerca a restaurantes': 'true'}, {'Área Terraza/Balcón 25': 'true'}, {'Ascensor': 'true'}, {'Acceso para discapacitados': 'true'}, {'Circuito cerrado de TV': 'true'}, {'Parqueadero cubierto': 'true'}, {'Con Terraza': 'true'}, {'Vista panorámica': 'true'}, {'Conjunto cerrado': 'true'}, {'Número de Ascensores 1': 'true'}, {'Recepción Lobby': 'true'}, {'Terraza/Balcón terraza': 'true'}, {'Tipo de parqueadero propio': 'true'}, {'Vigilancia 0': 'true'}, {'Cerca Centros Comerciales': 'true'}, {'Cerca Colegios / Universidades': 'true'}, {'Cerca Parques': 'true'}, {'Cerca Supermercados': 'true'}, {'Sobre vía secundaria': 'true'}, {'Área Urbana': 'true'}, {'Cerca Centros Comerciales': 'true'}, {'Cerca Colegios / Universidades': 'true'}, {'Cerca Parques': 'true'}, {'Cerca Supermercados': 'true'}, {'Sobre vía secundaria': 'true'}, {'Área Urbana': 'true'}]}",2026-07-25 00:50:31.229527+00:00
https://www.metrocuadrado.com/inmueble/arriendo-apartamento-bogota-antiguo-country-3-habitaciones-5-banos-3-garajes/14383-M6596567?src_url=%2Finmuebles%2Farriendo%2Fbogota%2F%3Fsearch%3Dform,"{'title': 'Apartamento En Arriendo, VIRREY ANTIGUO', 'location': 'VIRREY ANTIGUO, Bogotá D.C.', 'price': '$ 15.500.000', 'area': None, 'estrato': None, 'main_specs': '3 hab. | 5 bañ. | 3 par.', 'characteristics': [{'Apto para niños': 'true'}, {'Cuarto de servicio': 'true'}, {'Hall de Alcobas': 'true'}, {'Zona de lavanderia': 'true'}, {'Extractor': 'true'}, {'Horno': 'true'}, {'Luz en la mañana': 'true'}, {'Luz en la tarde': 'true'}, {'Número de piso 4': 'true'}, {'Se Permiten Mascotas': 'true'}, {'Shut de basura': 'true'}, {'Tipo comedor sala comedor': 'true'}, {'Vista exterior': 'true'}, {'Walking closet': 'true'}, {'Cerca a gimnasio': 'true'}, {'Cerca a hospitales': 'true'}, {'Cerca a Jardines y Colegios': 'true'}, {'Cerca a restaurantes': 'true'}, {'Cerca a tiendas de barrio': 'true'}, {'Cerca playa': 'true'}, {'Gimnasio': 'true'}, {'Salón comunal': 'true'}, {'Zona de BBQ': 'true'}, {'Zona para niños': 'true'}, {'Zonas verdes': 'true'}, {'Circuito cerrado de TV': 'true'}, {'Vista panorámica': 'true'}, {'Conjunto cerrado': 'true'}, {'Recepción Lobby': 'true'}, {'Terraza Rooftop': 'true'}, {'Vigilancia 24hrs': 'true'}, {'Cerca Centros Comerciales': 'true'}, {'Cerca Colegios / Universidades': 'true'}, {'Cerca Parques': 'true'}, {'Cerca Supermercados': 'true'}, {'Cerca Transporte Público': 'true'}, {'Cerca Centros Comerciales': 'true'}, {'Cerca Colegios / Universidades': 'true'}, {'Cerca Parques': 'true'}, {'Cerca Supermercados': 'true'}, {'Cerca Transporte Público': 'true'}]}",2026-07-25 00:50:36.082281+00:00
https://www.metrocuadrado.com/inmueble/arriendo-apartamento-bogota-bellavista-3-habitaciones-5-banos-4-garajes/19579-M5812603?src_url=%2Finmuebles%2Farriendo%2Fbogota%2F%3Fsearch%3Dform,"{'title': 'Apartamento En Arriendo, Rosales', 'location': 'Rosales, Bogotá D.C.', 'price': '$ 44.000.000', 'area': None, 'estrato': None, 'main_specs': '3 hab. | 5 bañ. | 4 par.', 'characteristics': [{'Baño Auxiliar': 'true'}, {'Baño de Servicio': 'true'}, {'Citófonos': 'true'}, {'Cocina Tipo Americano': 'true'}, {'Cocina integral': 'true'}, {'Cuarto de servicio': 'true'}, {'Estudio o biblioteca': 'true'}, {'Hall de Alcobas': 'true'}, {'Zona de lavanderia': 'true'}, {'Despensa': 'true'}, {'Monoambiente': 'true'}, {'Número de piso 9': 'true'}, {'PentHouse': 'true'}, {'Depósito 1': 'true'}, {'Tipo de acabado piso cerámica': 'true'}, {'Gimnasio': 'true'}, {'Salón comunal': 'true'}, {'Zona de BBQ': 'true'}, {'Zona para niños': 'true'}, {'Zonas verdes': 'true'}, {'Ascensor': 'true'}, {'Circuito cerrado de TV': 'true'}, {'Parqueadero visitantes': 'true'}, {'Piscina': 'true'}, {'Con Terraza': 'true'}, {'Vigilancia': 'true'}, {'Vista panorámica': 'true'}, {'Conjunto cerrado': 'true'}, {'Recepción Lobby': 'true'}, {'Terraza/Balcón balcón': 'true'}, {'Terraza Rooftop': 'true'}, {'Cerca Colegios / Universidades': 'true'}, {'Cerca Parques': 'true'}, {'Cerca Transporte Público': 'true'}, {'Área Urbana': 'true'}, {'Cerca Colegios / Universidades': 'true'}, {'Cerca Parques': 'true'}, {'Cerca Transporte Público': 'true'}, {'Área Urbana': 'true'}]}",2026-07-25 00:50:40.857211+00:00
https://www.metrocuadrado.com/inmueble/arriendo-apartamento-bogota-bella-suiza-alta-3-habitaciones-3-banos-2-garajes/2266-M6801062?src_url=%2Finmuebles%2Farriendo%2Fbogota%2F%3Fsearch%3Dform,"{'title': 'Apartamento En Arriendo, Bella Suiza Alta', 'location': 'Bella Suiza Alta, Bogotá D.C.', 'price': '$ 7.500.000', 'area': None, 'estrato': None, 'main_specs': '3 hab. | 3 bañ. | 2 par.', 'characteristics': [{'Baño Auxiliar': 'true'}, {'Baño de Servicio': 'true'}, {'Con calefacción': 'true'}, {'Con chimenea': 'true'}, {'Citófonos': 'true'}, {'Cocina integral': 'true'}, {'Comedor auxiliar': 'true'}, {'Cuarto de servicio': 'true'}, {'Estudio o biblioteca': 'true'}, {'Zona de lavanderia': 'true'}, {'Despensa': 'true'}, {'Luz en la mañana': 'true'}, {'Luz en la tarde': 'true'}, {'Monoambiente': 'true'}, {'Número de piso 10': 'true'}, {'Shut de basura': 'true'}, {'Depósito 1': 'true'}, {'Cerca a Jardines y Colegios': 'true'}, {'Cerca a restaurantes': 'true'}, {'Cancha(s) de Basket': 'true'}, {'Cancha(s) de Fútbol': 'true'}, {'Cancha(s) de squash': 'true'}, {'Cancha(s) de Tennis': 'true'}, {'Gimnasio': 'true'}, {'Salón comunal': 'true'}, {'Zona de BBQ': 'true'}, {'Zonas verdes': 'true'}, {'Ascensor': 'true'}, {'Bahias de parqueo': 'true'}, {'Circuito cerrado de TV': 'true'}, {'Parqueadero visitantes': 'true'}, {'Vigilancia': 'true'}, {'Vista panorámica': 'true'}, {'Conjunto cerrado': 'true'}, {'Recepción Lobby': 'true'}, {'Terraza/Balcón balcón': 'true'}, {'Cerca Colegios / Universidades': 'true'}, {'Cerca Parques': 'true'}, {'Cerca Transporte Público': 'true'}, {'Área Urbana': 'true'}, {'Cerca Colegios / Universidades': 'true'}, {'Cerca Parques': 'true'}, {'Cerca Transporte Público': 'true'}, {'Área Urbana': 'true'}]}",2026-07-25 00:50:45.743856+00:00
https://www.metrocuadrado.com/inmueble/arriendo-apartamento-bogota-virrey-3-habitaciones-5-banos-4-garajes/19579-M6578876?src_url=%2Finmuebles%2Farriendo%2Fbogota%2F%3Fsearch%3Dform,"{'title': 'Apartamento En Arriendo, Virrey', 'location': 'Virrey, Bogotá D.C.', 'price': '$ 14.610.000', 'area': None, 'estrato': None, 'main_specs': '3 hab. | 5 bañ. | 4 par.', 'characteristics': [{'Baño Auxiliar': 'true'}, {'Baño de Servicio': 'true'}, {'Con calefacción': 'true'}, {'Citófonos': 'true'}, {'Cocina integral': 'true'}, {'Estudio o biblioteca': 'true'}, {'Zona de lavanderia': 'true'}, {'Control de ruido': 'true'}, {'Despensa': 'true'}, {'Extractor': 'true'}, {'Lavaplatos': 'true'}, {'Luz en la mañana': 'true'}, {'Luz en la tarde': 'true'}, {'Monoambiente': 'true'}, {'Número de piso 4': 'true'}, {'Depósito 1': 'true'}, {'Tipo de acabado piso cerámica': 'true'}, {'Walking closet': 'true'}, {'Gimnasio': 'true'}, {'Salón comunal': 'true'}, {'Zona para niños': 'true'}, {'Zonas verdes': 'true'}, {'Ascensor': 'true'}, {'Circuito cerrado de TV': 'true'}, {'Parqueadero visitantes': 'true'}, {'Piscina': 'true'}, {'Vigilancia': 'true'}, {'Vista panorámica': 'true'}, {'Conjunto cerrado': 'true'}, {'Recepción Lobby': 'true'}, {'Terraza/Balcón balcón': 'true'}, {'Cerca Colegios / Universidades': 'true'}, {'Cerca Parques': 'true'}, {'Cerca Transporte Público': 'true'}, {'Área Urbana': 'true'}, {'Cerca Colegios / Universidades': 'true'}, {'Cerca Parques': 'true'}, {'Cerca Transporte Público': 'true'}, {'Área Urbana': 'true'}]}",2026-07-25 00:50:50.521427+00:00
https://www.metrocuadrado.com/inmueble/arriendo-apartamento-bogota-reserva-de-la-sierra-3-habitaciones-4-banos-2-garajes/2671-M6557675?src_url=%2Finmuebles%2Farriendo%2Fbogota%2F%3Fsearch%3Dform,"{'title': 'Apartamento En Arriendo, Reserva De La Sierra', 'location': 'Reserva De La Sierra, Bogotá D.C.', 'price': '$ 15.000.000', 'area': None, 'estrato': None, 'main_specs': '3 hab. | 4 bañ. | 2 par.', 'characteristics': [{'Apto para niños': 'true'}, {'Alarma': 'true'}, {'Con chimenea': 'true'}, {'Hall de Alcobas': 'true'}, {'Despensa': 'true'}, {'Tipo instalación de gas natural': 'true'}, {'Lavaplatos': 'true'}, {'Luz en la mañana': 'true'}, {'Luz en la tarde': 'true'}, {'Número de piso 6': 'true'}, {'Se Permite Fumar': 'true'}, {'Se Permiten Mascotas': 'true'}, {'Tipo de Cocina abierta': 'true'}, {'Tipo comedor sala comedor': 'true'}, {'Tipo de estufa gas': 'true'}, {'Cerca a gimnasio': 'true'}, {'Cerca a Jardines y Colegios': 'true'}, {'Cerca a restaurantes': 'true'}, {'Cancha(s) de squash': 'true'}, {'Cancha(s) de Tennis': 'true'}, {'Gimnasio': 'true'}, {'Sauna y/o turco': 'true'}, {'Zona para niños': 'true'}, {'Zonas verdes': 'true'}, {'Ascensor': 'true'}, {'Parqueadero visitantes': 'true'}, {'Piscina': 'true'}, {'Vista panorámica': 'true'}, {'Terraza/Balcón ninguno': 'true'}, {'Tipo de parqueadero independiente': 'true'}, {'Vigilancia 24hrs': 'true'}, {'Cerca Centros Comerciales': 'true'}, {'Cerca Parques': 'true'}, {'Cerca Supermercados': 'true'}, {'Cerca Transporte Público': 'true'}, {'Área Urbana': 'true'}, {'Cerca Centros Comerciales': 'true'}, {'Cerca Parques': 'true'}, {'Cerca Supermercados': 'true'}, {'Cerca Transporte Público': 'true'}, {'Área Urbana': 'true'}]}",2026-07-25 00:50:55.783470+00:00
https://www.metrocuadrado.com/inmueble/arriendo-apartamento-bogota-ub-delicias-del-carmen-3-habitaciones-4-banos-3-garajes/3774-M6712074?src_url=%2Finmuebles%2Farriendo%2Fbogota%2F%3Fsearch%3Dform,"{'title': 'Apartamento En Arriendo, USAQUEN', 'location': 'USAQUEN, Bogotá D.C.', 'price': '$ 12.000.000', 'area': None, 'estrato': None, 'main_specs': '3 hab. | 4 bañ. | 3 par.', 'characteristics': [{'Con chimenea': 'true'}, {'Comedor auxiliar': 'true'}, {'Tipo de Cortinas con velos': 'true'}, {'Cuarto de servicio': 'true'}, {'Estudio o biblioteca': 'true'}, {'Hall de Alcobas': 'true'}, {'Zona de lavanderia': 'true'}, {'Despensa': 'true'}, {'Tipo instalación de gas natural': 'true'}, {'Luz en la mañana': 'true'}, {'Luz en la tarde': 'true'}, {'Número de Closets 3': 'true'}, {'Número de piso 4': 'true'}, {'Tipo de Cocina paralela': 'true'}, {'Tipo comedor comedor independiente': 'true'}, {'Depósito 1': 'true'}, {'Vista exterior': 'true'}, {'Cerca a Jardines y Colegios': 'true'}, {'Cancha(s) de Basket': 'true'}, {'Cancha(s) de squash': 'true'}, {'Cancha(s) de Tennis': 'true'}, {'Gimnasio': 'true'}, {'Zona de BBQ': 'true'}, {'Zonas verdes': 'true'}, {'Área Terraza/Balcón 20': 'true'}, {'Ascensor': 'true'}, {'Parqueadero cubierto': 'true'}, {'Vista panorámica': 'true'}, {'Conjunto cerrado': 'true'}, {'Número de Ascensores 1': 'true'}, {'Recepción Lobby': 'true'}, {'Terraza/Balcón terraza': 'true'}, {'Tipo de parqueadero independiente': 'true'}, {'Vigilancia 24hrs': 'true'}, {'Cerca Parques': 'true'}, {'Cerca Transporte Público': 'true'}, {'Sobre vía secundaria': 'true'}, {'Cerca Parques': 'true'}, {'Cerca Transporte Público': 'true'}, {'Sobre vía secundaria': 'true'}]}",2026-07-25 00:51:00.631549+00:00
https://www.metrocuadrado.com/inmueble/arriendo-apartamento-bogota-santa-barbara-occidental-1-habitaciones-1-banos-1-garajes/15654-M6883238?src_url=%2Finmuebles%2Farriendo%2Fbogota%2F%3Fsearch%3Dform,"{'title': 'Apartamento En Arriendo, SANTA BARBARA', 'location': 'SANTA BARBARA, Bogotá D.C.', 'price': '$ 5.000.000', 'area': None, 'estrato': None, 'main_specs': '1 hab. | 1 bañ. | 1 par.', 'characteristics': [{'Zona de lavanderia': 'true'}, {'Tipo instalación de gas natural': 'true'}, {'Número de piso 2': 'true'}, {'Tipo de Cocina abierta': 'true'}, {'Tipo comedor sala comedor': 'true'}, {'Depósito 1': 'true'}, {'Tipo de estufa gas': 'true'}, {'Tipo de acabado piso laminado': 'true'}, {'Vista interior': 'true'}, {'Área Terraza/Balcón 26': 'true'}, {'Ascensor': 'true'}, {'Parqueadero cubierto': 'true'}, {'Número de Ascensores 1': 'true'}, {'Terraza/Balcón terraza': 'true'}, {'Tipo de parqueadero propio': 'true'}, {'Vigilancia 24hrs': 'true'}]}",2026-07-25 00:51:05.382487+00:00
https://www.metrocuadrado.com/inmueble/arriendo-oficina-bogota-chico/532-M6671510?src_url=%2Finmuebles%2Farriendo%2Fbogota%2F%3Fsearch%3Dform,"{'title': 'Oficina En Arriendo, Chico', 'location': 'Chico, Bogotá D.C.', 'price': '$ 4.668.000', 'area': None, 'estrato': None, 'main_specs': None, 'characteristics': [{'Aire acondicionado': 'true'}, {'Alarma': 'true'}, {'Con calefacción': 'true'}, {'Citófonos': 'true'}, {'Equipado / Amoblado': 'true'}, {'Puertas de seguridad': 'true'}, {'Control de ruido': 'true'}, {'Equipado': 'true'}, {'Escalera de Emergencia': 'true'}, {'Número de piso 5': 'true'}, {'Salón de conferencias': 'true'}, {'Tipo de oficina edificio': 'true'}, {'Vista exterior': 'true'}, {'Ascensor': 'true'}, {'Sala de juntas o reuniones': 'true'}, {'Vigilancia 24hrs': 'true'}, {'Cerca Transporte Público': 'true'}, {'Cerca Transporte Público': 'true'}]}",2026-07-25 00:51:10.230173+00:00
https://www.metrocuadrado.com/inmueble/arriendo-oficina-bogota-fontibon-tintal/532-M6671375?src_url=%2Finmuebles%2Farriendo%2Fbogota%2F%3Fsearch%3Dform,"{'title': 'Oficina En Arriendo, Fontibon Tintal', 'location': 'Fontibon Tintal, Bogotá D.C.', 'price': '$ 2.917.000', 'area': None, 'estrato': None, 'main_specs': None, 'characteristics': [{'Aire acondicionado': 'true'}, {'Alarma': 'true'}, {'Con calefacción': 'true'}, {'Citófonos': 'true'}, {'Equipado / Amoblado': 'true'}, {'Puertas de seguridad': 'true'}, {'Control de ruido': 'true'}, {'Equipado': 'true'}, {'Escalera de Emergencia': 'true'}, {'Número de piso 3': 'true'}, {'Salón de conferencias': 'true'}, {'Tipo de oficina edificio': 'true'}, {'Vista exterior': 'true'}, {'Ascensor': 'true'}, {'Sala de juntas o reuniones': 'true'}, {'Vigilancia 24hrs': 'true'}, {'Cerca Transporte Público': 'true'}, {'Cerca Transporte Público': 'true'}]}",2026-07-25 00:51:14.938138+00:00
https://www.metrocuadrado.com/inmueble/arriendo-oficina-bogota-colina-campestre/532-M6671577?src_url=%2Finmuebles%2Farriendo%2Fbogota%2F%3Fsearch%3Dform,"{'title': 'Oficina En Arriendo, Colina Campestre', 'location': 'Colina Campestre, Bogotá D.C.', 'price': '$ 285.000', 'area': None, 'estrato': None, 'main_specs': None, 'characteristics': [{'Aire acondicionado': 'true'}, {'Alarma': 'true'}, {'Con calefacción': 'true'}, {'Citófonos': 'true'}, {'Equipado / Amoblado': 'true'}, {'Puertas de seguridad': 'true'}, {'Control de ruido': 'true'}, {'Equipado': 'true'}, {'Escalera de Emergencia': 'true'}, {'Número de piso 3': 'true'}, {'Salón de conferencias': 'true'}, {'Tipo de oficina edificio': 'true'}, {'Vista exterior': 'true'}, {'Ascensor': 'true'}, {'Sala de juntas o reuniones': 'true'}, {'Vigilancia 24hrs': 'true'}, {'Cerca Transporte Público': 'true'}, {'Cerca Transporte Público': 'true'}]}",2026-07-25 00:51:19.648342+00:00
https://www.metrocuadrado.com/inmueble/arriendo-apartamento-bogota-bogota-noroccidente-suba-3-habitaciones-2-banos-1-garajes/957-M6799264?src_url=%2Finmuebles%2Farriendo%2Fbogota%2F%3Fsearch%3Dform,"{'title': 'Apartamento En Arriendo, Bogota Noroccidente Suba', 'location': 'Bogota Noroccidente Suba, Bogotá D.C.', 'price': '$ 3.650.000', 'area': None, 'estrato': None, 'main_specs': '3 hab. | 2 bañ. | 1 par.', 'characteristics': [{'Baño Auxiliar': 'true'}, {'Baño de Servicio': 'true'}, {'Cocina integral': 'true'}, {'Zona de lavanderia': 'true'}, {'Extractor': 'true'}, {'Horno': 'true'}, {'Luz en la mañana': 'true'}, {'Número de piso 18': 'true'}, {'Depósito 1': 'true'}, {'Walking closet': 'true'}, {'Cerca a Jardines y Colegios': 'true'}, {'Cerca a tiendas de barrio': 'true'}, {'Gimnasio': 'true'}, {'Salón comunal': 'true'}, {'Zona para niños': 'true'}, {'Acceso con tarjetas o dispositivos': 'true'}, {'Ascensor': 'true'}, {'Circuito cerrado de TV': 'true'}, {'Parqueadero visitantes': 'true'}, {'Vigilancia': 'true'}, {'Vista panorámica': 'true'}, {'Conjunto cerrado': 'true'}, {'Recepción Lobby': 'true'}, {'Terraza/Balcón balcón': 'true'}, {'Cerca Parques': 'true'}, {'Cerca Transporte Público': 'true'}, {'Área Urbana': 'true'}, {'Cerca Parques': 'true'}, {'Cerca Transporte Público': 'true'}, {'Área Urbana': 'true'}]}",2026-07-25 00:51:24.464185+00:00
https://www.metrocuadrado.com/inmueble/arriendo-oficina-bogota-chico/532-M6671616?src_url=%2Finmuebles%2Farriendo%2Fbogota%2F%3Fsearch%3Dform,"{'title': 'Oficina En Arriendo, Chico', 'location': 'Chico, Bogotá D.C.', 'price': '$ 349.000', 'area': None, 'estrato': None, 'main_specs': None, 'characteristics': [{'Aire acondicionado': 'true'}, {'Alarma': 'true'}, {'Con calefacción': 'true'}, {'Citófonos': 'true'}, {'Equipado / Amoblado': 'true'}, {'Puertas de seguridad': 'true'}, {'Control de ruido': 'true'}, {'Equipado': 'true'}, {'Escalera de Emergencia': 'true'}, {'Número de piso 12': 'true'}, {'Salón de conferencias': 'true'}, {'Tipo de oficina edificio': 'true'}, {'Vista exterior': 'true'}, {'Ascensor': 'true'}, {'Sala de juntas o reuniones': 'true'}, {'Vigilancia 24hrs': 'true'}, {'Cerca Transporte Público': 'true'}, {'Cerca Transporte Público': 'true'}]}",2026-07-25 00:51:29.131118+00:00
https://www.metrocuadrado.com/inmueble/arriendo-oficina-bogota-centro-internacional/532-M6671531?src_url=%2Finmuebles%2Farriendo%2Fbogota%2F%3Fsearch%3Dform,"{'title': 'Oficina En Arriendo, Centro Internacional', 'location': 'Centro Internacional, Bogotá D.C.', 'price': '$ 3.488.000', 'area': None, 'estrato': None, 'main_specs': None, 'characteristics': [{'Aire acondicionado': 'true'}, {'Alarma': 'true'}, {'Con calefacción': 'true'}, {'Citófonos': 'true'}, {'Equipado / Amoblado': 'true'}, {'Puertas de seguridad': 'true'}, {'Control de ruido': 'true'}, {'Equipado': 'true'}, {'Escalera de Emergencia': 'true'}, {'Número de piso 28': 'true'}, {'Salón de conferencias': 'true'}, {'Tipo de oficina edificio': 'true'}, {'Vista exterior': 'true'}, {'Ascensor': 'true'}, {'Sala de juntas o reuniones': 'true'}, {'Vigilancia 24hrs': 'true'}, {'Cerca Transporte Público': 'true'}, {'Cerca Transporte Público': 'true'}]}",2026-07-25 00:51:33.771147+00:00
https://www.metrocuadrado.com/inmueble/arriendo-oficina-bogota-chico/532-M6671715?src_url=%2Finmuebles%2Farriendo%2Fbogota%2F%3Fsearch%3Dform,"{'title': 'Oficina En Arriendo, Chico', 'location': 'Chico, Bogotá D.C.', 'price': '$ 8.587.000', 'area': None, 'estrato': None, 'main_specs': None, 'characteristics': [{'Aire acondicionado': 'true'}, {'Alarma': 'true'}, {'Con calefacción': 'true'}, {'Citófonos': 'true'}, {'Equipado / Amoblado': 'true'}, {'Puertas de seguridad': 'true'}, {'Control de ruido': 'true'}, {'Equipado': 'true'}, {'Escalera de Emergencia': 'true'}, {'Número de piso 8': 'true'}, {'Salón de conferencias': 'true'}, {'Tipo de oficina edificio': 'true'}, {'Vista exterior': 'true'}, {'Ascensor': 'true'}, {'Sala de juntas o reuniones': 'true'}, {'Vigilancia 24hrs': 'true'}, {'Cerca Transporte Público': 'true'}, {'Cerca Transporte Público': 'true'}]}",2026-07-25 00:51:38.554309+00:00
https://www.metrocuadrado.com/inmueble/arriendo-oficina-bogota-fontibon-tintal/532-M6671374?src_url=%2Finmuebles%2Farriendo%2Fbogota%2F%3Fsearch%3Dform,"{'title': 'Oficina En Arriendo, Fontibon Tintal', 'location': 'Fontibon Tintal, Bogotá D.C.', 'price': '$ 10.228.000', 'area': None, 'estrato': None, 'main_specs': None, 'characteristics': [{'Aire acondicionado': 'true'}, {'Alarma': 'true'}, {'Con calefacción': 'true'}, {'Citófonos': 'true'}, {'Equipado / Amoblado': 'true'}, {'Puertas de seguridad': 'true'}, {'Control de ruido': 'true'}, {'Equipado': 'true'}, {'Escalera de Emergencia': 'true'}, {'Número de piso 3': 'true'}, {'Salón de conferencias': 'true'}, {'Tipo de oficina edificio': 'true'}, {'Vista exterior': 'true'}, {'Ascensor': 'true'}, {'Sala de juntas o reuniones': 'true'}, {'Vigilancia 24hrs': 'true'}, {'Cerca Transporte Público': 'true'}, {'Cerca Transporte Público': 'true'}]}",2026-07-25 00:51:43.351951+00:00
https://www.metrocuadrado.com/inmueble/arriendo-oficina-bogota-salitre-modelia/532-M6671491?src_url=%2Finmuebles%2Farriendo%2Fbogota%2F%3Fsearch%3Dform,"{'title': 'Oficina En Arriendo, Salitre Modelia', 'location': 'Salitre Modelia, Bogotá D.C.', 'price': '$ 349.000', 'area': None, 'estrato': None, 'main_specs': None, 'characteristics': [{'Aire acondicionado': 'true'}, {'Alarma': 'true'}, {'Con calefacción': 'true'}, {'Citófonos': 'true'}, {'Equipado / Amoblado': 'true'}, {'Puertas de seguridad': 'true'}, {'Control de ruido': 'true'}, {'Equipado': 'true'}, {'Escalera de Emergencia': 'true'}, {'Salón de conferencias': 'true'}, {'Tipo de oficina edificio': 'true'}, {'Vista exterior': 'true'}, {'Ascensor': 'true'}, {'Sala de juntas o reuniones': 'true'}, {'Vigilancia 24hrs': 'true'}, {'Cerca Transporte Público': 'true'}, {'Cerca Transporte Público': 'true'}]}",2026-07-25 00:51:48.045774+00:00
https://www.metrocuadrado.com/inmueble/arriendo-oficina-bogota-chico/532-M6671409?src_url=%2Finmuebles%2Farriendo%2Fbogota%2F%3Fsearch%3Dform,"{'title': 'Oficina En Arriendo, Chico', 'location': 'Chico, Bogotá D.C.', 'price': '$ 16.516.000', 'area': None, 'estrato': None, 'main_specs': None, 'characteristics': [{'Aire acondicionado': 'true'}, {'Alarma': 'true'}, {'Con calefacción': 'true'}, {'Citófonos': 'true'}, {'Equipado / Amoblado': 'true'}, {'Puertas de seguridad': 'true'}, {'Control de ruido': 'true'}, {'Equipado': 'true'}, {'Escalera de Emergencia': 'true'}, {'Número de piso 7': 'true'}, {'Salón de conferencias': 'true'}, {'Tipo de oficina edificio': 'true'}, {'Vista exterior': 'true'}, {'Ascensor': 'true'}, {'Sala de juntas o reuniones': 'true'}, {'Vigilancia 24hrs': 'true'}, {'Cerca Transporte Público': 'true'}, {'Cerca Transporte Público': 'true'}]}",2026-07-25 00:51:52.651243+00:00
https://www.metrocuadrado.com/inmueble/arriendo-apartamento-bogota-chico-norte-3-habitaciones-3-banos-2-garajes/800-M6133841?src_url=%2Finmuebles%2Farriendo%2Fbogota%2F%3Fsearch%3Dform,"{'title': 'Apartamento En Arriendo, CHICO NORTE', 'location': 'CHICO NORTE, Bogotá D.C.', 'price': '$ 11.000.000', 'area': None, 'estrato': None, 'main_specs': '3 hab. | 3 bañ. | 2 par.', 'characteristics': [{'Apto para niños': 'true'}, {'Citófonos': 'true'}, {'Jacuzzi': 'true'}, {'Equipado / Amoblado': 'true'}, {'Puertas de seguridad': 'true'}, {'Zona de lavanderia': 'true'}, {'Control de ruido': 'true'}, {'Control térmico': 'true'}, {'Despensa': 'true'}, {'Extractor': 'true'}, {'Horno': 'true'}, {'Tipo instalación de gas natural': 'true'}, {'Lavaplatos': 'true'}, {'Luz en la mañana': 'true'}, {'Número de piso 5': 'true'}, {'Se Permite Fumar': 'true'}, {'Se Permiten Mascotas': 'true'}, {'Tipo de calentador caldera': 'true'}, {'Tipo de Cocina abierta': 'true'}, {'Tipo comedor sala comedor': 'true'}, {'Depósito 0': 'true'}, {'Tipo de estufa gas': 'true'}, {'Tipo de acabado piso laminado': 'true'}, {'Tipo de piso en alcobas laminado': 'true'}, {'Vista exterior': 'true'}, {'Walking closet': 'true'}, {'Cerca a gimnasio': 'true'}, {'Cerca a Jardines y Colegios': 'true'}, {'Cerca a restaurantes': 'true'}, {'Gimnasio': 'true'}, {'Salón comunal': 'true'}, {'Sauna y/o turco': 'true'}, {'Zona de BBQ': 'true'}, {'Zona para niños': 'true'}, {'Zonas verdes': 'true'}, {'Acceso con tarjetas o dispositivos': 'true'}, {'Área Terraza/Balcón 3': 'true'}, {'Acceso para discapacitados': 'true'}, {'Circuito cerrado de TV': 'true'}, {'Cuarto de escoltas': 'true'}, {'Parqueadero cubierto': 'true'}, {'Piscina': 'true'}, {'Conjunto cerrado': 'true'}, {'Recepción Lobby': 'true'}, {'Terraza/Balcón balcón': 'true'}, {'Terraza Rooftop': 'true'}, {'Tipo de parqueadero propio': 'true'}, {'Vigilancia 24hrs': 'true'}, {'Cerca Centros Comerciales': 'true'}, {'Cerca Colegios / Universidades': 'true'}, {'Cerca Parques': 'true'}, {'Cerca Supermercados': 'true'}, {'Cerca Transporte Público': 'true'}, {'Sobre vía secundaria': 'true'}, {'Cerca Centros Comerciales': 'true'}, {'Cerca Colegios / Universidades': 'true'}, {'Cerca Parques': 'true'}, {'Cerca Supermercados': 'true'}, {'Cerca Transporte Público': 'true'}, {'Sobre vía secundaria': 'true'}]}",2026-07-25 00:51:58.176503+00:00
https://www.metrocuadrado.com/inmueble/arriendo-apartaestudio-bogota-samper-1-habitaciones-1-banos/2162-M6799432?src_url=%2Finmuebles%2Farriendo%2Fbogota%2F%3Fsearch%3Dform,"{'title': 'Apartaestudio En Arriendo, CENTRO INTERNACIONAL BAVARIA', 'location': 'CENTRO INTERNACIONAL BAVARIA, Bogotá D.C.', 'price': '$ 2.650.000', 'area': None, 'estrato': None, 'main_specs': '1 hab. | 1 bañ.', 'characteristics': [{'Citófonos': 'true'}, {'Estudio o biblioteca': 'true'}, {'Puertas de seguridad': 'true'}, {'Zona de lavanderia': 'true'}, {'Extractor': 'true'}, {'Horno': 'true'}, {'Tipo instalación de gas ninguno': 'true'}, {'Luz en la mañana': 'true'}, {'Luz en la tarde': 'true'}, {'Número de Closets 2': 'true'}, {'Número de piso 3': 'true'}, {'Shut de basura': 'true'}, {'Tipo de calentador electrico': 'true'}, {'Tipo de Cocina abierta': 'true'}, {'Tipo comedor sala comedor': 'true'}, {'Depósito 0': 'true'}, {'Tipo de estufa electrica': 'true'}, {'Tipo de acabado piso laminado': 'true'}, {'Tipo de piso en alcobas laminado': 'true'}, {'Tipo de piso en comedor laminado': 'true'}, {'Tipo de piso en estudio laminado': 'true'}, {'Tipo de piso en sala laminado': 'true'}, {'Vista exterior': 'true'}, {'Cerca a gimnasio': 'true'}, {'Cerca a hospitales': 'true'}, {'Cerca a Jardines y Colegios': 'true'}, {'Cerca a restaurantes': 'true'}, {'Cerca a tiendas de barrio': 'true'}, {'Cancha(s) de squash': 'true'}, {'Gimnasio': 'true'}, {'Salón comunal': 'true'}, {'Sauna y/o turco': 'true'}, {'Zona de BBQ': 'true'}, {'Zonas verdes': 'true'}, {'Acceso con tarjetas o dispositivos': 'true'}, {'Ascensor': 'true'}, {'Bahias de parqueo': 'true'}, {'Acceso para discapacitados': 'true'}, {'Circuito cerrado de TV': 'true'}, {'Piscina': 'true'}, {'Vista panorámica': 'true'}, {'Conjunto cerrado': 'true'}, {'Número de Ascensores 4': 'true'}, {'Recepción Lobby': 'true'}, {'Senderos ecológicos': 'true'}, {'Terraza/Balcón ninguno': 'true'}, {'Terraza Rooftop': 'true'}, {'Vigilancia 24hrs': 'true'}, {'Cerca Centros Comerciales': 'true'}, {'Cerca Colegios / Universidades': 'true'}, {'Cerca Parques': 'true'}, {'Cerca Supermercados': 'true'}, {'Cerca Transporte Público': 'true'}, {'Sobre vía secundaria': 'true'}, {'Cerca Centros Comerciales': 'true'}, {'Cerca Colegios / Universidades': 'true'}, {'Cerca Parques': 'true'}, {'Cerca Supermercados': 'true'}, {'Cerca Transporte Público': 'true'}, {'Sobre vía secundaria': 'true'}]}",2026-07-25 00:52:03.611460+00:00
https://www.metrocuadrado.com/inmueble/arriendo-apartamento-bogota-chico-norte-3-habitaciones-3-banos-2-garajes/800-M6133746?src_url=%2Finmuebles%2Farriendo%2Fbogota%2F%3Fsearch%3Dform,"{'title': 'Apartamento En Arriendo, CHICO NORTE', 'location': 'CHICO NORTE, Bogotá D.C.', 'price': '$ 12.000.000', 'area': None, 'estrato': None, 'main_specs': '3 hab. | 3 bañ. | 2 par.', 'characteristics': [{'Apto para niños': 'true'}, {'Citófonos': 'true'}, {'Hall de Alcobas': 'true'}, {'Jacuzzi': 'true'}, {'Equipado / Amoblado': 'true'}, {'Puertas de seguridad': 'true'}, {'Zona de lavanderia': 'true'}, {'Control de ruido': 'true'}, {'Despensa': 'true'}, {'Extractor': 'true'}, {'Horno': 'true'}, {'Tipo instalación de gas natural': 'true'}, {'Lavaplatos': 'true'}, {'Luz en la mañana': 'true'}, {'Número de piso 5': 'true'}, {'Se Permite Fumar': 'true'}, {'Se Permiten Mascotas': 'true'}, {'Tipo de calentador caldera': 'true'}, {'Tipo de Cocina abierta': 'true'}, {'Tipo comedor sala comedor': 'true'}, {'Depósito 0': 'true'}, {'Tipo de estufa gas': 'true'}, {'Tipo de acabado piso laminado': 'true'}, {'Tipo de piso en alcobas laminado': 'true'}, {'Vista exterior': 'true'}, {'Walking closet': 'true'}, {'Cerca a gimnasio': 'true'}, {'Cerca a Jardines y Colegios': 'true'}, {'Cerca a restaurantes': 'true'}, {'Gimnasio': 'true'}, {'Salón comunal': 'true'}, {'Sauna y/o turco': 'true'}, {'Zona de BBQ': 'true'}, {'Zona para niños': 'true'}, {'Zonas verdes': 'true'}, {'Acceso con tarjetas o dispositivos': 'true'}, {'Área Terraza/Balcón 3': 'true'}, {'Acceso para discapacitados': 'true'}, {'Circuito cerrado de TV': 'true'}, {'Cuarto de escoltas': 'true'}, {'Parqueadero cubierto': 'true'}, {'Piscina': 'true'}, {'Vista panorámica': 'true'}, {'Conjunto cerrado': 'true'}, {'Recepción Lobby': 'true'}, {'Terraza/Balcón balcón': 'true'}, {'Terraza Rooftop': 'true'}, {'Tipo de parqueadero propio': 'true'}, {'Vigilancia 24hrs': 'true'}, {'Cerca Centros Comerciales': 'true'}, {'Cerca Colegios / Universidades': 'true'}, {'Cerca Parques': 'true'}, {'Cerca Supermercados': 'true'}, {'Cerca Transporte Público': 'true'}, {'Sobre vía secundaria': 'true'}, {'Cerca Centros Comerciales': 'true'}, {'Cerca Colegios / Universidades': 'true'}, {'Cerca Parques': 'true'}, {'Cerca Supermercados': 'true'}, {'Cerca Transporte Público': 'true'}, {'Sobre vía secundaria': 'true'}]}",2026-07-25 00:52:09.047440+00:00
https://www.metrocuadrado.com/inmueble/arriendo-casa-bogota-santa-ana-oriental-4-habitaciones-5-banos-3-garajes/990-M5751609?src_url=%2Finmuebles%2Farriendo%2Fbogota%2F%3Fsearch%3Dform,"{'title': 'Casa En Arriendo, SANTA ANA ORIENTAL', 'location': 'SANTA ANA ORIENTAL, Bogotá D.C.', 'price': '$ 25.000.000', 'area': None, 'estrato': None, 'main_specs': '4 hab. | 5 bañ. | 3 par.', 'characteristics': [{'Altillo': 'true'}, {'Apto para niños': 'true'}, {'Alarma': 'true'}, {'Con chimenea': 'true'}, {'Citófonos': 'true'}, {'Comedor auxiliar': 'true'}, {'Tipo de Cortinas persianas': 'true'}, {'Cuarto de servicio': 'true'}, {'Estudio o biblioteca': 'true'}, {'Hall de Alcobas': 'true'}, {'Zona de lavanderia': 'true'}, {'Despensa': 'true'}, {'Extractor': 'true'}, {'Horno': 'true'}, {'Tipo instalación de gas natural': 'true'}, {'Lavaplatos': 'true'}, {'Luz en la mañana': 'true'}, {'Luz en la tarde': 'true'}, {'Número de Closets 4': 'true'}, {'Número de líneas teléfonicas 0': 'true'}, {'Se Permite Fumar': 'true'}, {'Se Permiten Mascotas': 'true'}, {'Tipo de calentador gas': 'true'}, {'Tipo de Casa tradicional': 'true'}, {'Tipo de Cocina lineal': 'true'}, {'Tipo comedor sala comedor': 'true'}, {'Depósito 1': 'true'}, {'Tipo de estufa gas': 'true'}, {'Tipo de acabado piso madera': 'true'}, {'Tipo de piso en alcobas madera': 'true'}, {'Tipo de piso en comedor madera': 'true'}, {'Tipo de piso en estudio alfombra': 'true'}, {'Tipo de piso en sala madera': 'true'}, {'Vista exterior': 'true'}, {'Cerca a gimnasio': 'true'}, {'Cerca a hospitales': 'true'}, {'Cerca a Jardines y Colegios': 'true'}, {'Cerca a parque industrial': 'true'}, {'Cerca a restaurantes': 'true'}, {'Cerca a tiendas de barrio': 'true'}, {'Cerca playa': 'true'}, {'Jardín interior': 'true'}, {'Zona de BBQ': 'true'}, {'&Aacute;rea del lote 700': 'true'}, {'Área Terraza/Balcón 20': 'true'}, {'Bahias de parqueo': 'true'}, {'Acceso para discapacitados': 'true'}, {'Parqueadero cubierto': 'true'}, {'Número de Ascensores 0': 'true'}, {'Número de niveles 1': 'true'}, {'Terraza/Balcón terraza': 'true'}, {'Tipo de parqueadero propio': 'true'}, {'Vigilancia 24hrs': 'true'}, {'Cerca Centros Comerciales': 'true'}, {'Cerca Colegios / Universidades': 'true'}, {'Cerca Parques': 'true'}, {'Cerca Supermercados': 'true'}, {'Sobre vía secundaria': 'true'}, {'Cerca Centros Comerciales': 'true'}, {'Cerca Colegios / Universidades': 'true'}, {'Cerca Parques': 'true'}, {'Cerca Supermercados': 'true'}, {'Sobre vía secundaria': 'true'}]}",2026-07-25 00:52:14.389576+00:00
https://www.metrocuadrado.com/inmueble/arriendo-apartamento-bogota-la-cabrera-3-habitaciones-5-banos-3-garajes/800-M5703183?src_url=%2Finmuebles%2Farriendo%2Fbogota%2F%3Fsearch%3Dform,"{'title': 'Apartamento En Arriendo, LA CABRERA', 'location': 'LA CABRERA, Bogotá D.C.', 'price': '$ 22.000.000', 'area': None, 'estrato': None, 'main_specs': '3 hab. | 5 bañ. | 3 par.', 'characteristics': [{'Apto para niños': 'true'}, {'Con chimenea': 'true'}, {'Citófonos': 'true'}, {'Comedor auxiliar': 'true'}, {'Cuarto de servicio': 'true'}, {'Estudio o biblioteca': 'true'}, {'Hall de Alcobas': 'true'}, {'Jacuzzi': 'true'}, {'Puertas de seguridad': 'true'}, {'Zona de lavanderia': 'true'}, {'Despensa': 'true'}, {'Extractor': 'true'}, {'Horno': 'true'}, {'Tipo instalación de gas natural': 'true'}, {'Lavaplatos': 'true'}, {'Luz en la mañana': 'true'}, {'Luz en la tarde': 'true'}, {'Número de Closets 4': 'true'}, {'Número de piso 9': 'true'}, {'Se Permite Fumar': 'true'}, {'Se Permiten Mascotas': 'true'}, {'Shut de basura': 'true'}, {'Tipo de calentador caldera': 'true'}, {'Tipo de Cocina paralela': 'true'}, {'Tipo comedor comedor independiente': 'true'}, {'Depósito 1': 'true'}, {'Tipo de estufa gas': 'true'}, {'Tipo de acabado piso madera': 'true'}, {'Tipo de piso en alcobas madera': 'true'}, {'Tipo de piso en comedor madera': 'true'}, {'Tipo de piso en estudio madera': 'true'}, {'Tipo de piso en sala madera': 'true'}, {'Walking closet': 'true'}, {'Cerca a Jardines y Colegios': 'true'}, {'Cerca a parque industrial': 'true'}, {'Cerca a restaurantes': 'true'}, {'Gimnasio': 'true'}, {'Salón comunal': 'true'}, {'Sauna y/o turco': 'true'}, {'Zona de BBQ': 'true'}, {'Zona para niños': 'true'}, {'Zonas verdes': 'true'}, {'Área Terraza/Balcón 10': 'true'}, {'Ascensor': 'true'}, {'Acceso para discapacitados': 'true'}, {'Circuito cerrado de TV': 'true'}, {'Parqueadero cubierto': 'true'}, {'Conjunto cerrado': 'true'}, {'Número de Ascensores 2': 'true'}, {'Recepción Lobby': 'true'}, {'Terraza/Balcón balcón': 'true'}, {'Tipo de parqueadero propio': 'true'}, {'Vigilancia 24hrs': 'true'}, {'Cerca Centros Comerciales': 'true'}, {'Cerca Colegios / Universidades': 'true'}, {'Cerca Parques': 'true'}, {'Cerca Supermercados': 'true'}, {'Cerca Transporte Público': 'true'}, {'Sobre vía secundaria': 'true'}, {'Cerca Centros Comerciales': 'true'}, {'Cerca Colegios / Universidades': 'true'}, {'Cerca Parques': 'true'}, {'Cerca Supermercados': 'true'}, {'Cerca Transporte Público': 'true'}, {'Sobre vía secundaria': 'true'}]}",2026-07-25 00:52:19.787701+00:00
https://www.metrocuadrado.com/inmueble/arriendo-apartamento-bogota-chico-norte-3-habitaciones-3-banos-2-garajes/800-M6133851?src_url=%2Finmuebles%2Farriendo%2Fbogota%2F%3Fsearch%3Dform,"{'title': 'Apartamento En Arriendo, CHICO NORTE', 'location': 'CHICO NORTE, Bogotá D.C.', 'price': '$ 11.500.000', 'area': None, 'estrato': None, 'main_specs': '3 hab. | 3 bañ. | 2 par.', 'characteristics': [{'Apto para niños': 'true'}, {'Citófonos': 'true'}, {'Jacuzzi': 'true'}, {'Equipado / Amoblado': 'true'}, {'Puertas de seguridad': 'true'}, {'Zona de lavanderia': 'true'}, {'Control de ruido': 'true'}, {'Control térmico': 'true'}, {'Despensa': 'true'}, {'Extractor': 'true'}, {'Horno': 'true'}, {'Tipo instalación de gas natural': 'true'}, {'Lavaplatos': 'true'}, {'Luz en la mañana': 'true'}, {'Número de piso 5': 'true'}, {'Se Permite Fumar': 'true'}, {'Se Permiten Mascotas': 'true'}, {'Tipo de calentador caldera': 'true'}, {'Tipo de Cocina abierta': 'true'}, {'Tipo comedor sala comedor': 'true'}, {'Depósito 0': 'true'}, {'Tipo de estufa gas': 'true'}, {'Tipo de acabado piso laminado': 'true'}, {'Tipo de piso en alcobas laminado': 'true'}, {'Vista exterior': 'true'}, {'Walking closet': 'true'}, {'Cerca a gimnasio': 'true'}, {'Cerca a Jardines y Colegios': 'true'}, {'Cerca a restaurantes': 'true'}, {'Gimnasio': 'true'}, {'Salón comunal': 'true'}, {'Sauna y/o turco': 'true'}, {'Zona de BBQ': 'true'}, {'Zona para niños': 'true'}, {'Zonas verdes': 'true'}, {'Acceso con tarjetas o dispositivos': 'true'}, {'Área Terraza/Balcón 3': 'true'}, {'Acceso para discapacitados': 'true'}, {'Circuito cerrado de TV': 'true'}, {'Parqueadero cubierto': 'true'}, {'Piscina': 'true'}, {'Conjunto cerrado': 'true'}, {'Recepción Lobby': 'true'}, {'Terraza/Balcón balcón': 'true'}, {'Terraza Rooftop': 'true'}, {'Tipo de parqueadero propio': 'true'}, {'Vigilancia 24hrs': 'true'}, {'Cerca Centros Comerciales': 'true'}, {'Cerca Colegios / Universidades': 'true'}, {'Cerca Parques': 'true'}, {'Cerca Supermercados': 'true'}, {'Cerca Transporte Público': 'true'}, {'Sobre vía secundaria': 'true'}, {'Cerca Centros Comerciales': 'true'}, {'Cerca Colegios / Universidades': 'true'}, {'Cerca Parques': 'true'}, {'Cerca Supermercados': 'true'}, {'Cerca Transporte Público': 'true'}, {'Sobre vía secundaria': 'true'}]}",2026-07-25 00:52:25.171789+00:00
https://www.metrocuadrado.com/inmueble/arriendo-apartamento-bogota-san-patricio-2-habitaciones-3-banos-2-garajes/726-M3989844?src_url=%2Finmuebles%2Farriendo%2Fbogota%2F%3Fsearch%3Dform,"{'title': 'Apartamento En Arriendo, SAN PATRICIO USAQUEN', 'location': 'SAN PATRICIO USAQUEN, Bogotá D.C.', 'price': '$ 5.000.000', 'area': None, 'estrato': None, 'main_specs': '2 hab. | 3 bañ. | 2 par.', 'characteristics': [{'Apto para niños': 'true'}, {'Con chimenea': 'true'}, {'Citófonos': 'true'}, {'Tipo de Cortinas persianas': 'true'}, {'Estudio o biblioteca': 'true'}, {'Hall de Alcobas': 'true'}, {'Puertas de seguridad': 'true'}, {'Zona de lavanderia': 'true'}, {'Tipo instalación de gas natural': 'true'}, {'Número de Closets 2': 'true'}, {'Número de piso 3': 'true'}, {'Tipo de calentador gas': 'true'}, {'Tipo de Cocina lineal': 'true'}, {'Tipo comedor comedor independiente': 'true'}, {'Depósito 1': 'true'}, {'Tipo de estufa gas': 'true'}, {'Tipo de acabado piso madera': 'true'}, {'Tipo de piso en alcobas madera': 'true'}, {'Tipo de piso en comedor madera': 'true'}, {'Tipo de piso en estudio madera': 'true'}, {'Tipo de piso en sala madera': 'true'}, {'Vista interior': 'true'}, {'Gimnasio': 'true'}, {'Salón comunal': 'true'}, {'Área Terraza/Balcón 2': 'true'}, {'Ascensor': 'true'}, {'Acceso para discapacitados': 'true'}, {'Circuito cerrado de TV': 'true'}, {'Parqueadero cubierto': 'true'}, {'Vista panorámica': 'true'}, {'Número de Ascensores 1': 'true'}, {'Terraza/Balcón balcón': 'true'}, {'Tipo de parqueadero independiente': 'true'}, {'Vigilancia 24hrs': 'true'}, {'Cerca Colegios / Universidades': 'true'}, {'Cerca Parques': 'true'}, {'Cerca Transporte Público': 'true'}, {'Sobre vía secundaria': 'true'}, {'Cerca Colegios / Universidades': 'true'}, {'Cerca Parques': 'true'}, {'Cerca Transporte Público': 'true'}, {'Sobre vía secundaria': 'true'}]}",2026-07-25 00:52:30.472581+00:00
https://www.metrocuadrado.com/inmueble/arriendo-apartamento-bogota-chico-norte-et.-iii-1-habitaciones-1-banos-1-garajes/533-M4741649?src_url=%2Finmuebles%2Farriendo%2Fbogota%2F%3Fsearch%3Dform,"{'title': 'Apartamento En Arriendo, CHICO NORTE III', 'location': 'CHICO NORTE III, Bogotá D.C.', 'price': '$ 5.500.000', 'area': None, 'estrato': None, 'main_specs': '1 hab. | 1 bañ. | 1 par.', 'characteristics': [{'Apto para niños': 'true'}, {'Con chimenea': 'true'}, {'Citófonos': 'true'}, {'Tipo de Cortinas persianas': 'true'}, {'Estudio o biblioteca': 'true'}, {'Equipado / Amoblado': 'true'}, {'Puertas de seguridad': 'true'}, {'Zona de lavanderia': 'true'}, {'Tipo instalación de gas natural': 'true'}, {'Número de Closets 1': 'true'}, {'Número de piso 4': 'true'}, {'Tipo de calentador caldera': 'true'}, {'Tipo de Cocina abierta': 'true'}, {'Tipo comedor sala comedor': 'true'}, {'Depósito 1': 'true'}, {'Tipo de estufa gas': 'true'}, {'Tipo de acabado piso laminado': 'true'}, {'Tipo de piso en alcobas laminado': 'true'}, {'Tipo de piso en comedor laminado': 'true'}, {'Tipo de piso en estudio laminado': 'true'}, {'Tipo de piso en sala laminado': 'true'}, {'Vista exterior': 'true'}, {'Gimnasio': 'true'}, {'Ascensor': 'true'}, {'Acceso para discapacitados': 'true'}, {'Circuito cerrado de TV': 'true'}, {'Parqueadero cubierto': 'true'}, {'Vista panorámica': 'true'}, {'Número de Ascensores 2': 'true'}, {'Terraza/Balcón ninguno': 'true'}, {'Tipo de parqueadero propio': 'true'}, {'Vigilancia 24hrs': 'true'}, {'Cerca Centros Comerciales': 'true'}, {'Cerca Colegios / Universidades': 'true'}, {'Cerca Parques': 'true'}, {'Cerca Supermercados': 'true'}, {'Cerca Transporte Público': 'true'}, {'Sobre vía secundaria': 'true'}, {'Cerca Centros Comerciales': 'true'}, {'Cerca Colegios / Universidades': 'true'}, {'Cerca Parques': 'true'}, {'Cerca Supermercados': 'true'}, {'Cerca Transporte Público': 'true'}, {'Sobre vía secundaria': 'true'}]}",2026-07-25 00:52:35.733663+00:00
https://www.metrocuadrado.com/inmueble/arriendo-apartamento-bogota-chico-norte-2-habitaciones-2-banos-2-garajes/19118-M6303727?src_url=%2Finmuebles%2Farriendo%2Fbogota%2F%3Fsearch%3Dform,"{'title': 'Apartamento En Arriendo, CHICO VIRREY', 'location': 'CHICO VIRREY, Bogotá D.C.', 'price': '$ 5.950.000', 'area': None, 'estrato': None, 'main_specs': '2 hab. | 2 bañ. | 2 par.', 'characteristics': [{'Hall de Alcobas': 'true'}, {'Zona de lavanderia': 'true'}, {'Control de ruido': 'true'}, {'Detección de humo': 'true'}, {'En interior y/o bloque': 'true'}, {'Horno': 'true'}, {'Tipo instalación de gas natural': 'true'}, {'Luz en la mañana': 'true'}, {'Luz en la tarde': 'true'}, {'Número de Closets 2': 'true'}, {'Número de piso 9': 'true'}, {'Se Permiten Mascotas': 'true'}, {'Shut de basura': 'true'}, {'Tipo de calentador caldera': 'true'}, {'Tipo de Cocina abierta': 'true'}, {'Depósito 1': 'true'}, {'Tipo de estufa gas': 'true'}, {'Walking closet': 'true'}, {'Cerca a gimnasio': 'true'}, {'Cerca a hospitales': 'true'}, {'Cerca a restaurantes': 'true'}, {'Cerca a tiendas de barrio': 'true'}, {'Salón comunal': 'true'}, {'Zona de BBQ': 'true'}, {'Acceso con tarjetas o dispositivos': 'true'}, {'Área Terraza/Balcón 3': 'true'}, {'Ascensor': 'true'}, {'Bahias de parqueo': 'true'}, {'Circuito cerrado de TV': 'true'}, {'Parqueadero cubierto': 'true'}, {'Conjunto cerrado': 'true'}, {'Número de Ascensores 2': 'true'}, {'Terraza/Balcón balcón': 'true'}, {'Tipo de parqueadero propio': 'true'}, {'Vigilancia 24hrs': 'true'}, {'Cerca Centros Comerciales': 'true'}, {'Cerca Colegios / Universidades': 'true'}, {'Cerca Parques': 'true'}, {'Cerca Supermercados': 'true'}, {'Cerca Transporte Público': 'true'}, {'Sobre vía secundaria': 'true'}, {'Cerca Centros Comerciales': 'true'}, {'Cerca Colegios / Universidades': 'true'}, {'Cerca Parques': 'true'}, {'Cerca Supermercados': 'true'}, {'Cerca Transporte Público': 'true'}, {'Sobre vía secundaria': 'true'}]}",2026-07-25 00:52:41.039663+00:00
https://www.metrocuadrado.com/inmueble/arriendo-apartamento-bogota-chico-norte-et-iii-3-habitaciones-3-banos-2-garajes/16764-M6418760?src_url=%2Finmuebles%2Farriendo%2Fbogota%2F%3Fsearch%3Dform,"{'title': 'Apartamento En Arriendo', 'location': 'Bogotá D.C.', 'price': '$ 7.000.000', 'area': None, 'estrato': None, 'main_specs': '3 hab. | 3 bañ. | 2 par.', 'characteristics': [{'Tipo de Cortinas con velos': 'true'}, {'Cuarto de servicio': 'true'}, {'Estudio o biblioteca': 'true'}, {'Zona de lavanderia': 'true'}, {'Despensa': 'true'}, {'Extractor': 'true'}, {'Horno': 'true'}, {'Tipo instalación de gas natural': 'true'}, {'Luz en la tarde': 'true'}, {'Número de Closets 3': 'true'}, {'Número de piso 4': 'true'}, {'Shut de basura': 'true'}, {'Tipo de calentador gas': 'true'}, {'Tipo de Cocina en u': 'true'}, {'Tipo comedor sala comedor': 'true'}, {'Depósito 1': 'true'}, {'Tipo de estufa gas': 'true'}, {'Tipo de acabado piso alfombra': 'true'}, {'Tipo de piso en alcobas alfombra': 'true'}, {'Tipo de piso en comedor alfombra': 'true'}, {'Tipo de piso en estudio alfombra': 'true'}, {'Tipo de piso en sala alfombra': 'true'}, {'Vista exterior': 'true'}, {'Ascensor': 'true'}, {'Bahias de parqueo': 'true'}, {'Parqueadero cubierto': 'true'}, {'Número de Ascensores 1': 'true'}, {'Recepción Lobby': 'true'}, {'Terraza/Balcón ninguno': 'true'}, {'Tipo de parqueadero propio': 'true'}, {'Vigilancia 24hrs': 'true'}, {'Cerca Centros Comerciales': 'true'}, {'Cerca Supermercados': 'true'}, {'Cerca Transporte Público': 'true'}, {'Sobre vía secundaria': 'true'}, {'Cerca Centros Comerciales': 'true'}, {'Cerca Supermercados': 'true'}, {'Cerca Transporte Público': 'true'}, {'Sobre vía secundaria': 'true'}]}",2026-07-25 00:52:45.928433+00:00
https://www.metrocuadrado.com/inmueble/arriendo-apartamento-bogota-chico-norte-et-iii-3-habitaciones-4-banos-3-garajes/19118-M6878802?src_url=%2Finmuebles%2Farriendo%2Fbogota%2F%3Fsearch%3Dform,"{'title': 'Apartamento En Arriendo, CHICO NORTE III SECTOR CHICO', 'location': 'CHICO NORTE III SECTOR CHICO, Bogotá D.C.', 'price': '$ 8.800.000', 'area': None, 'estrato': None, 'main_specs': '3 hab. | 4 bañ. | 3 par.', 'characteristics': [{'Con chimenea': 'true'}, {'Comedor auxiliar': 'true'}, {'Estudio o biblioteca': 'true'}, {'Hall de Alcobas': 'true'}, {'Puertas de seguridad': 'true'}, {'Zona de lavanderia': 'true'}, {'Extractor': 'true'}, {'Horno': 'true'}, {'Tipo instalación de gas natural': 'true'}, {'Lavaplatos': 'true'}, {'Luz en la mañana': 'true'}, {'Luz en la tarde': 'true'}, {'Número de Closets 3': 'true'}, {'Número de piso 605': 'true'}, {'Se Permiten Mascotas': 'true'}, {'Tipo de Cocina abierta': 'true'}, {'Tipo comedor comedor independiente': 'true'}, {'Depósito 1': 'true'}, {'Tipo de estufa gas': 'true'}, {'Vista exterior': 'true'}, {'Cerca a gimnasio': 'true'}, {'Cerca a hospitales': 'true'}, {'Cerca a Jardines y Colegios': 'true'}, {'Cerca a restaurantes': 'true'}, {'Gimnasio': 'true'}, {'Área Terraza/Balcón 3': 'true'}, {'Ascensor': 'true'}, {'Parqueadero cubierto': 'true'}, {'Vista panorámica': 'true'}, {'Número de Ascensores 2': 'true'}, {'Recepción Lobby': 'true'}, {'Terraza/Balcón balcón': 'true'}, {'Tipo de parqueadero independiente': 'true'}, {'Cerca Colegios / Universidades': 'true'}, {'Cerca Parques': 'true'}, {'Cerca Supermercados': 'true'}, {'Cerca Transporte Público': 'true'}, {'Sobre vía secundaria': 'true'}, {'Cerca Colegios / Universidades': 'true'}, {'Cerca Parques': 'true'}, {'Cerca Supermercados': 'true'}, {'Cerca Transporte Público': 'true'}, {'Sobre vía secundaria': 'true'}]}",2026-07-25 00:52:51.459971+00:00
https://www.metrocuadrado.com/inmueble/arriendo-apartamento-bogota-niza-suba-4-habitaciones-5-banos-2-garajes/16406-M5967477?src_url=%2Finmuebles%2Farriendo%2Fbogota%2F%3Fsearch%3Dform,"{'title': 'Apartamento En Arriendo, NIZA SUBA', 'location': 'NIZA SUBA, Bogotá D.C.', 'price': '$ 7.000.000', 'area': None, 'estrato': None, 'main_specs': '4 hab. | 5 bañ. | 2 par.', 'characteristics': [{'Con chimenea': 'true'}, {'Citófonos': 'true'}, {'Tipo de Cortinas persianas': 'true'}, {'Cuarto de servicio': 'true'}, {'Estudio o biblioteca': 'true'}, {'Hall de Alcobas': 'true'}, {'Zona de lavanderia': 'true'}, {'Extractor': 'true'}, {'Horno': 'true'}, {'Tipo instalación de gas natural': 'true'}, {'Número de Closets 4': 'true'}, {'Número de piso 5': 'true'}, {'Shut de basura': 'true'}, {'Tipo de calentador gas': 'true'}, {'Tipo de Cocina isla': 'true'}, {'Tipo comedor sala comedor': 'true'}, {'Depósito 1': 'true'}, {'Tipo de estufa gas': 'true'}, {'Tipo de acabado piso madera': 'true'}, {'Tipo de piso en alcobas madera': 'true'}, {'Tipo de piso en comedor madera': 'true'}, {'Tipo de piso en estudio madera': 'true'}, {'Tipo de piso en sala madera': 'true'}, {'Vista exterior': 'true'}, {'Walking closet': 'true'}, {'Cerca a Jardines y Colegios': 'true'}, {'Gimnasio': 'true'}, {'Zona para niños': 'true'}, {'Zonas verdes': 'true'}, {'Ascensor': 'true'}, {'Circuito cerrado de TV': 'true'}, {'Parqueadero cubierto': 'true'}, {'Vista panorámica': 'true'}, {'Conjunto cerrado': 'true'}, {'Número de Ascensores 1': 'true'}, {'Recepción Lobby': 'true'}, {'Terraza/Balcón ninguno': 'true'}, {'Tipo de parqueadero propio': 'true'}, {'Vigilancia 24hrs': 'true'}, {'Cerca Transporte Público': 'true'}, {'Sobre vía secundaria': 'true'}, {'Cerca Transporte Público': 'true'}, {'Sobre vía secundaria': 'true'}]}",2026-07-25 00:52:56.840513+00:00
https://www.metrocuadrado.com/inmueble/arriendo-apartamento-bogota-polo-club-1-habitaciones-1-banos-1-garajes/MC6866731?src_url=%2Finmuebles%2Farriendo%2Fbogota%2F%3Fsearch%3Dform,"{'title': 'Apartamento En Arriendo, POLO CLUB Country', 'location': 'POLO CLUB Country, Bogotá D.C.', 'price': '$ 4.000.000', 'area': None, 'estrato': None, 'main_specs': '1 hab. | 1 bañ. | 1 par.', 'characteristics': [{'Citófonos': 'true'}, {'Cocina Tipo Americano': 'true'}, {'Cocina integral': 'true'}, {'Piso en madera': 'true'}, {'Dúplex': 'true'}, {'Extractor': 'true'}, {'Lavaplatos': 'true'}, {'Luz en la mañana': 'true'}, {'Luz en la tarde': 'true'}, {'Número de piso 8': 'true'}, {'Puerta eléctrica': 'true'}, {'Shut de basura': 'true'}, {'Cerca a gimnasio': 'true'}, {'Cerca a hospitales': 'true'}, {'Cerca a Jardines y Colegios': 'true'}, {'Cerca a restaurantes': 'true'}, {'Cerca a tiendas de barrio': 'true'}, {'Cancha(s) de Fútbol': 'true'}, {'Salón comunal': 'true'}, {'Zona para niños': 'true'}, {'Zonas verdes': 'true'}, {'Ubicado en edificio': 'true'}, {'Acceso con tarjetas o dispositivos': 'true'}, {'Ascensor': 'true'}, {'Características del Parqueadero cubierto': 'true'}, {'Parqueadero visitantes': 'true'}, {'Piscina': 'true'}, {'Con Terraza': 'true'}, {'Vigilancia': 'true'}, {'Conjunto cerrado': 'true'}, {'Parqueadero inteligente': 'true'}, {'Recepción Lobby': 'true'}, {'Terraza Rooftop': 'true'}, {'Tipo de parqueadero propio': 'true'}, {'Cerca Centros Comerciales': 'true'}, {'Cerca Colegios / Universidades': 'true'}, {'Cerca Parques': 'true'}, {'Cerca Supermercados': 'true'}, {'Cerca Transporte Público': 'true'}, {'Ubicación zona centros negocios': 'true'}, {'Área Urbana': 'true'}]}",2026-07-25 00:53:01.591507+00:00
https://www.metrocuadrado.com/inmueble/arriendo-apartamento-bogota-la-cabrera-3-habitaciones-4-banos-3-garajes/MC6736749?src_url=%2Finmuebles%2Farriendo%2Fbogota%2F%3Fsearch%3Dform,"{'title': 'Apartamento En Arriendo, LA CABRERA RESERVADO Zona Urbana', 'location': 'LA CABRERA RESERVADO Zona Urbana, Bogotá D.C.', 'price': '$ 16.000.000', 'area': None, 'estrato': None, 'main_specs': '3 hab. | 4 bañ. | 3 par.', 'characteristics': [{'Baño de Servicio': 'true'}, {'Con chimenea': 'true'}, {'Cocina Tipo Americano': 'true'}, {'Cocina integral': 'true'}, {'Cuarto de servicio': 'true'}, {'Depósito o cuarto útil': 'true'}, {'Piso en madera': 'true'}, {'Despensa': 'true'}, {'Extractor': 'true'}, {'Horno': 'true'}, {'Lavaplatos': 'true'}, {'Luz en la tarde': 'true'}, {'Número de piso 4': 'true'}, {'Shut de basura': 'true'}, {'Walking closet': 'true'}, {'Cerca a gimnasio': 'true'}, {'Cerca a hospitales': 'true'}, {'Cerca a Jardines y Colegios': 'true'}, {'Cerca a restaurantes': 'true'}, {'Cerca a tiendas de barrio': 'true'}, {'Salón comunal': 'true'}, {'Sauna y/o turco': 'true'}, {'Zona para niños': 'true'}, {'Zonas verdes': 'true'}, {'Ubicado en edificio': 'true'}, {'Ascensor': 'true'}, {'Bahias de parqueo': 'true'}, {'Características del Parqueadero cubierto': 'true'}, {'Cuarto de escoltas': 'true'}, {'Parqueadero visitantes': 'true'}, {'Piscina': 'true'}, {'Con Terraza': 'true'}, {'Vigilancia': 'true'}, {'Conjunto cerrado': 'true'}, {'Recepción Lobby': 'true'}, {'Tipo de parqueadero propio': 'true'}, {'Cerca Centros Comerciales': 'true'}, {'Cerca Colegios / Universidades': 'true'}, {'Cerca Parques': 'true'}, {'Cerca Supermercados': 'true'}, {'Cerca Transporte Público': 'true'}, {'Ubicación zona centros negocios': 'true'}, {'Área Urbana': 'true'}, {'Cerca Centros Comerciales': 'true'}, {'Cerca Colegios / Universidades': 'true'}, {'Cerca Parques': 'true'}, {'Cerca Supermercados': 'true'}, {'Cerca Transporte Público': 'true'}, {'Ubicación zona centros negocios': 'true'}, {'Área Urbana': 'true'}]}",2026-07-25 00:53:07.316409+00:00
https://www.metrocuadrado.com/inmueble/arriendo-oficina-bogota-san-diego-3-banos/MC5620352?src_url=%2Finmuebles%2Farriendo%2Fbogota%2F%3Fsearch%3Dform,"{'title': 'Oficina En Arriendo, SAN DIEGO', 'location': 'SAN DIEGO, Bogotá D.C.', 'price': '$ 4.700.000', 'area': None, 'estrato': None, 'main_specs': '3 bañ.', 'characteristics': [{'Baño Auxiliar': 'true'}, {'Cocineta': 'true'}, {'Equipado / Amoblado': 'true'}, {'Piso en madera': 'true'}, {'Número de piso 4': 'true'}, {'Cerca a hospitales': 'true'}, {'Ubicado en edificio': 'true'}, {'Ascensor': 'true'}, {'Vigilancia': 'true'}, {'Recepción Lobby': 'true'}, {'Cerca Centros Comerciales': 'true'}, {'Cerca Parques': 'true'}, {'Cerca Supermercados': 'true'}, {'Cerca Transporte Público': 'true'}, {'Ubicación zona centros negocios': 'true'}, {'Cerca Centros Comerciales': 'true'}, {'Cerca Parques': 'true'}, {'Cerca Supermercados': 'true'}, {'Cerca Transporte Público': 'true'}, {'Ubicación zona centros negocios': 'true'}]}",2026-07-25 00:53:12.571255+00:00
https://www.metrocuadrado.com/inmueble/arriendo-apartaestudio-bogota-ub.-santa-cecilia-1-habitaciones-1-banos/MC6777777?src_url=%2Finmuebles%2Farriendo%2Fbogota%2F%3Fsearch%3Dform,"{'title': 'Apartaestudio En Arriendo, NORMANDIA OCCIDENTAL Engativá', 'location': 'NORMANDIA OCCIDENTAL Engativá, Bogotá D.C.', 'price': '$ 1.380.000', 'area': None, 'estrato': None, 'main_specs': '1 hab. | 1 bañ.', 'characteristics': [{'Cocina Tipo Americano': 'true'}, {'Cocina integral': 'true'}, {'Piso en baldosa': 'true'}, {'Despensa': 'true'}, {'Extractor': 'true'}, {'Luz en la mañana': 'true'}, {'Luz en la tarde': 'true'}, {'Número de piso 1': 'true'}, {'Cerca a gimnasio': 'true'}, {'Cerca a hospitales': 'true'}, {'Cerca a Jardines y Colegios': 'true'}, {'Cerca a restaurantes': 'true'}, {'Cerca a tiendas de barrio': 'true'}, {'Zonas verdes': 'true'}, {'Ubicado en edificio': 'true'}, {'Con Terraza': 'true'}, {'Cerca Centros Comerciales': 'true'}, {'Cerca Colegios / Universidades': 'true'}, {'Cerca Parques': 'true'}, {'Cerca Supermercados': 'true'}, {'Cerca Transporte Público': 'true'}, {'Área Urbana': 'true'}, {'Cerca Centros Comerciales': 'true'}, {'Cerca Colegios / Universidades': 'true'}, {'Cerca Parques': 'true'}, {'Cerca Supermercados': 'true'}, {'Cerca Transporte Público': 'true'}, {'Área Urbana': 'true'}]}",2026-07-25 00:53:17.944874+00:00
