url,information,date_time
https://www.metrocuadrado.com/inmueble/arriendo-casa-bogota-la-castellana-4-habitaciones-3-banos-1-garajes/12375-M5767296?src_url=%2Finmuebles%2Farriendo%2Fbogota,"{'title': 'Casa En Arriendo, La Castellana', 'location': 'La Castellana, Bogotá D.C.', 'price': '$ 6.500.000', 'area': None, 'estrato': None, 'main_specs': '4 hab. | 3 bañ. | 1 par.', 'characteristics': [{'Tipo de Cocina lineal': 'true'}, {'Tipo de parqueadero independiente': 'true'}, {'Cerca Colegios / Universidades': 'true'}, {'Sobre vía secundaria': 'true'}, {'Ubicación zona centros negocios': 'true'}, {'Área Urbana': 'true'}, {'Cerca Colegios / Universidades': 'true'}, {'Sobre vía secundaria': 'true'}, {'Ubicación zona centros negocios': 'true'}, {'Área Urbana': 'true'}]}",2026-09-11 19:00:42.947957+00:00
https://www.metrocuadrado.com/inmueble/arriendo-apartaestudio-bogota-candelaria-1-habitaciones-1-banos/646-M6749575?src_url=%2Finmuebles%2Farriendo%2Fbogota,"{'title': 'Apartaestudio En Arriendo, Candelaria', 'location': 'Candelaria, Bogotá D.C.', 'price': '$ 1.600.000', 'area': None, 'estrato': None, 'main_specs': '1 hab. | 1 bañ.', 'characteristics': [{'Citófonos': 'true'}, {'Tipo de calentador gas': 'true'}, {'Tipo de Cocina lineal': 'true'}, {'Cerca Centros Comerciales': 'true'}, {'Cerca Colegios / Universidades': 'true'}, {'Cerca Supermercados': 'true'}, {'Cerca Transporte Público': 'true'}, {'Área Urbana': 'true'}, {'Cerca Centros Comerciales': 'true'}, {'Cerca Colegios / Universidades': 'true'}, {'Cerca Supermercados': 'true'}, {'Cerca Transporte Público': 'true'}, {'Área Urbana': 'true'}]}",2026-09-11 19:00:47.741881+00:00
https://www.metrocuadrado.com/inmueble/arriendo-apartamento-bogota-chico-norte-et-iii-1-habitaciones-1-banos/21282-M6856637?src_url=%2Finmuebles%2Farriendo%2Fbogota,"{'title': 'Apartamento En Arriendo, CHICO', 'location': 'CHICO, Bogotá D.C.', 'price': '$ 5.166.957', 'area': None, 'estrato': None, 'main_specs': '1 hab. | 1 bañ.', 'characteristics': [{'Tipo de Cortinas con velos': 'true'}, {'Zona de lavanderia': 'true'}, {'Despensa': 'true'}, {'Detección de humo': 'true'}, {'Extractor': 'true'}, {'Horno': 'true'}, {'Tipo instalación de gas ninguno': 'true'}, {'Lavaplatos': 'true'}, {'Número de Closets 1': 'true'}, {'Número de piso 2': 'true'}, {'Se Permiten Mascotas': 'true'}, {'Shut de basura': 'true'}, {'Tipo de calentador caldera': 'true'}, {'Tipo de Cocina en l': 'true'}, {'Tipo comedor sala comedor': 'true'}, {'Depósito 0': 'true'}, {'Tipo de estufa electrica': 'true'}, {'Vista exterior': 'true'}, {'Cerca a hospitales': 'true'}, {'Cerca a restaurantes': 'true'}, {'Cancha(s) de Tennis': 'true'}, {'Gimnasio': 'true'}, {'Salón comunal': 'true'}, {'Zona de BBQ': 'true'}, {'Zonas verdes': 'true'}, {'Acceso con tarjetas o dispositivos': 'true'}, {'Área Terraza/Balcón 3': 'true'}, {'Bahias de parqueo': 'true'}, {'Acceso para discapacitados': 'true'}, {'Circuito cerrado de TV': 'true'}, {'Vista panorámica': 'true'}, {'Conjunto cerrado': 'true'}, {'Recepción Lobby': 'true'}, {'Terraza/Balcón balcón': 'true'}, {'Terraza Rooftop': 'true'}, {'Vigilancia 24hrs': 'true'}, {'Cerca Centros Comerciales': 'true'}, {'Cerca Colegios / Universidades': 'true'}, {'Cerca Parques': 'true'}, {'Cerca Supermercados': 'true'}, {'Cerca Transporte Público': 'true'}, {'Sobre vía principal': 'true'}, {'Cerca Centros Comerciales': 'true'}, {'Cerca Colegios / Universidades': 'true'}, {'Cerca Parques': 'true'}, {'Cerca Supermercados': 'true'}, {'Cerca Transporte Público': 'true'}, {'Sobre vía principal': 'true'}]}",2026-09-11 19:00:53.310915+00:00
https://www.metrocuadrado.com/inmueble/arriendo-apartaestudio-bogota-julio-florez-1-habitaciones-1-banos/MC5953023?src_url=%2Finmuebles%2Farriendo%2Fbogota,"{'title': 'Apartaestudio En Arriendo, LA FLORESTA', 'location': 'LA FLORESTA , Bogotá D.C.', 'price': '$ 1.800.000', 'area': None, 'estrato': None, 'main_specs': '1 hab. | 1 bañ.', 'characteristics': [{'Cocina Tipo Americano': 'true'}, {'Cocina integral': 'true'}, {'Piso en porcelanato': 'true'}, {'Zona de lavanderia': 'true'}, {'Luz en la mañana': 'true'}, {'Número de piso 1': 'true'}, {'Cerca a gimnasio': 'true'}, {'Cerca a hospitales': 'true'}, {'Cerca a Jardines y Colegios': 'true'}, {'Cerca a restaurantes': 'true'}, {'Cerca a tiendas de barrio': 'true'}, {'Cancha(s) de Fútbol': 'true'}, {'Zona para niños': 'true'}, {'Zonas verdes': 'true'}, {'Con Terraza': 'true'}, {'Vigilancia': 'true'}, {'Conjunto cerrado': 'true'}, {'Cerca Centros Comerciales': 'true'}, {'Cerca Colegios / Universidades': 'true'}, {'Cerca Parques': 'true'}, {'Cerca Supermercados': 'true'}, {'Cerca Transporte Público': 'true'}, {'Área Urbana': 'true'}, {'Cerca Centros Comerciales': 'true'}, {'Cerca Colegios / Universidades': 'true'}, {'Cerca Parques': 'true'}, {'Cerca Supermercados': 'true'}, {'Cerca Transporte Público': 'true'}, {'Área Urbana': 'true'}]}",2026-09-11 19:00:58.671264+00:00
https://www.metrocuadrado.com/inmueble/arriendo-casa-bogota-santa-ana-5-habitaciones-4-banos-4-garajes/23203-M6984408?src_url=%2Finmuebles%2Farriendo%2Fbogota,"{'title': 'Casa En Arriendo, Santa Ana', 'location': 'Santa Ana, Bogotá D.C.', 'price': '$ 10.000.000', 'area': None, 'estrato': None, 'main_specs': '5 hab. | 4 bañ. | 4 par.', 'characteristics': [{'Altillo': 'true'}, {'Baño Auxiliar': 'true'}, {'Baño de Servicio': 'true'}, {'Con calefacción': 'true'}, {'Cocina integral': 'true'}, {'Estudio o biblioteca': 'true'}, {'Zona de lavanderia': 'true'}, {'Número de piso 7': 'true'}, {'Depósito 1': 'true'}, {'Walking-closet': 'true'}, {'&Aacute;rea del lote 110': 'true'}, {'Parqueadero visitantes': 'true'}, {'Cerca Parques': 'true'}, {'Área Urbana': 'true'}, {'Cerca Parques': 'true'}, {'Área Urbana': 'true'}]}",2026-09-11 19:01:03.515666+00:00
https://www.metrocuadrado.com/inmueble/arriendo-apartaestudio-bogota-chico-1-habitaciones-2-banos-1-garajes/23203-M6903295?src_url=%2Finmuebles%2Farriendo%2Fbogota,"{'title': 'Apartaestudio En Arriendo, Chico', 'location': 'Chico, Bogotá D.C.', 'price': '$ 4.400.000', 'area': None, 'estrato': None, 'main_specs': '1 hab. | 2 bañ. | 1 par.', 'characteristics': [{'Baño Auxiliar': 'true'}, {'Baño de Servicio': 'true'}, {'Con calefacción': 'true'}, {'Citófonos': 'true'}, {'Cocina integral': 'true'}, {'Monoambiente': 'true'}, {'Número de piso 6': 'true'}, {'Gimnasio': 'true'}, {'Ascensor': 'true'}, {'Parqueadero visitantes': 'true'}, {'Piscina': 'true'}, {'Recepción Lobby': 'true'}, {'Terraza/Balcón balcón': 'true'}, {'Cerca Parques': 'true'}, {'Cerca Parques': 'true'}]}",2026-09-11 19:01:08.230086+00:00
https://www.metrocuadrado.com/inmueble/arriendo-apartaestudio-bogota-la-asuncion-1-habitaciones-1-banos/MC6808199?src_url=%2Finmuebles%2Farriendo%2Fbogota,"{'title': 'Apartaestudio En Arriendo, LA ASUNCION Puente Aranda', 'location': 'LA ASUNCION Puente Aranda, Bogotá D.C.', 'price': '$ 1.200.000', 'area': None, 'estrato': None, 'main_specs': '1 hab. | 1 bañ.', 'characteristics': [{'Cocina Tipo Americano': 'true'}, {'Cocina integral': 'true'}, {'Piso en baldosa': 'true'}, {'Zona de lavanderia': 'true'}, {'Extractor': 'true'}, {'Lavaplatos': 'true'}, {'Luz en la mañana': 'true'}, {'Número de piso 2': 'true'}, {'Cerca a hospitales': 'true'}, {'Cerca a Jardines y Colegios': 'true'}, {'Cerca a restaurantes': 'true'}, {'Cerca a tiendas de barrio': 'true'}, {'Ubicado en edificio': 'true'}, {'Acceso con tarjetas o dispositivos': 'true'}, {'Cerca Centros Comerciales': 'true'}, {'Cerca Colegios / Universidades': 'true'}, {'Cerca Parques': 'true'}, {'Cerca Supermercados': 'true'}, {'Cerca Transporte Público': 'true'}, {'Área Urbana': 'true'}, {'Cerca Centros Comerciales': 'true'}, {'Cerca Colegios / Universidades': 'true'}, {'Cerca Parques': 'true'}, {'Cerca Supermercados': 'true'}, {'Cerca Transporte Público': 'true'}, {'Área Urbana': 'true'}]}",2026-09-11 19:01:13.579939+00:00
https://www.metrocuadrado.com/inmueble/arriendo-apartamento-bogota-el-contador-2-habitaciones-2-banos-2-garajes/MC6896144?src_url=%2Finmuebles%2Farriendo%2Fbogota,"{'title': 'Apartamento En Arriendo, CEDRITOS CONTADOR Zona Urbana', 'location': 'CEDRITOS CONTADOR Zona Urbana, Bogotá D.C.', 'price': '$ 3.200.000', 'area': None, 'estrato': None, 'main_specs': '2 hab. | 2 bañ. | 2 par.', 'characteristics': [{'Citófonos': 'true'}, {'Cocina integral': 'true'}, {'Depósito o cuarto útil': 'true'}, {'Piso en madera': 'true'}, {'Zona de lavanderia': 'true'}, {'Luz en la mañana': 'true'}, {'Luz en la tarde': 'true'}, {'Número de piso 3': 'true'}, {'Shut de basura': 'true'}, {'Cerca a gimnasio': 'true'}, {'Cerca a Jardines y Colegios': 'true'}, {'Cerca a restaurantes': 'true'}, {'Cerca a tiendas de barrio': 'true'}, {'Salón comunal': 'true'}, {'Zonas verdes': 'true'}, {'Ascensor': 'true'}, {'Características del Parqueadero cubierto': 'true'}, {'Parqueadero visitantes': 'true'}, {'Con Terraza': 'true'}, {'Vigilancia': 'true'}, {'Conjunto cerrado': 'true'}, {'Tipo de parqueadero servidumbre': 'true'}, {'Cerca Centros Comerciales': 'true'}, {'Cerca Colegios / Universidades': 'true'}, {'Cerca Parques': 'true'}, {'Cerca Supermercados': 'true'}, {'Cerca Transporte Público': 'true'}, {'Área Urbana': 'true'}, {'Cerca Centros Comerciales': 'true'}, {'Cerca Colegios / Universidades': 'true'}, {'Cerca Parques': 'true'}, {'Cerca Supermercados': 'true'}, {'Cerca Transporte Público': 'true'}, {'Área Urbana': 'true'}]}",2026-09-11 19:01:18.840548+00:00
https://www.metrocuadrado.com/inmueble/arriendo-consultorio-bogota-chico-norte-et.-iii-1-banos-1-garajes/MC6317840?src_url=%2Finmuebles%2Farriendo%2Fbogota,"{'title': 'Consultorio En Arriendo, CHICO NORTE III Zona Urbana', 'location': 'CHICO NORTE III Zona Urbana, Bogotá D.C.', 'price': '$ 2.000.000', 'area': None, 'estrato': None, 'main_specs': '1 bañ. | 1 par.', 'characteristics': [{'Alarma Contra Incendio': 'true'}, {'Baño Auxiliar': 'true'}, {'Citófonos': 'true'}, {'Cocineta': 'true'}, {'Piso en porcelanato': 'true'}, {'Detección de humo': 'true'}, {'Escalera de Emergencia': 'true'}, {'Número de piso 3': 'true'}, {'Cerca a gimnasio': 'true'}, {'Cerca a hospitales': 'true'}, {'Ubicado en edificio': 'true'}, {'Acceso con tarjetas o dispositivos': 'true'}, {'Ascensor': 'true'}, {'Bahias de parqueo': 'true'}, {'Baños Públicos': 'true'}, {'Parqueadero visitantes': 'true'}, {'Planta eléctrica': 'true'}, {'Vigilancia': 'true'}, {'Generador eléctrico': 'true'}, {'Recepción Lobby': 'true'}, {'Sistema contra incendio': 'true'}, {'Tipo de parqueadero propio': 'true'}, {'Cerca Centros Comerciales': 'true'}, {'Cerca Colegios / Universidades': 'true'}, {'Cerca Parques': 'true'}, {'Cerca Supermercados': 'true'}, {'Cerca Transporte Público': 'true'}, {'Ubicación zona centros negocios': 'true'}, {'Cerca Centros Comerciales': 'true'}, {'Cerca Colegios / Universidades': 'true'}, {'Cerca Parques': 'true'}, {'Cerca Supermercados': 'true'}, {'Cerca Transporte Público': 'true'}, {'Ubicación zona centros negocios': 'true'}]}",2026-09-11 19:01:24.270752+00:00
https://www.metrocuadrado.com/inmueble/arriendo-casa-bogota-prados-del-salitre-4-habitaciones-3-banos-1-garajes/MC7005384?src_url=%2Finmuebles%2Farriendo%2Fbogota,"{'title': 'Casa En Arriendo, QUINTA PAREDES Zona Urbana', 'location': 'QUINTA PAREDES Zona Urbana, Bogotá D.C.', 'price': '$ 4.000.000', 'area': None, 'estrato': None, 'main_specs': '4 hab. | 3 bañ. | 1 par.', 'characteristics': [{'Baño Auxiliar': 'true'}, {'Con chimenea': 'true'}, {'Cocina integral': 'true'}, {'Piso en baldosa': 'true'}, {'Zona de lavanderia': 'true'}, {'Luz en la mañana': 'true'}, {'Luz en la tarde': 'true'}, {'Número de piso 2': 'true'}, {'Patio': 'true'}, {'Salón comunal': 'true'}, {'Zonas verdes': 'true'}, {'Características del Parqueadero descubierto': 'true'}, {'Jardín': 'true'}, {'Parqueadero visitantes': 'true'}, {'Vigilancia': 'true'}, {'Conjunto cerrado': 'true'}, {'Tipo de parqueadero propio': 'true'}, {'Cerca Centros Comerciales': 'true'}, {'Cerca Colegios / Universidades': 'true'}, {'Cerca Parques': 'true'}, {'Cerca Supermercados': 'true'}, {'Cerca Transporte Público': 'true'}, {'Ubicación zona centros negocios': 'true'}, {'Área Urbana': 'true'}, {'Cerca Centros Comerciales': 'true'}, {'Cerca Colegios / Universidades': 'true'}, {'Cerca Parques': 'true'}, {'Cerca Supermercados': 'true'}, {'Cerca Transporte Público': 'true'}, {'Ubicación zona centros negocios': 'true'}, {'Área Urbana': 'true'}]}",2026-09-11 19:01:29.659370+00:00
https://www.metrocuadrado.com/sistema-alarma-seguridad?cd_origin=result_result-grid_detail-card,"{'title': None, 'location': None, 'price': None, 'area': None, 'estrato': None, 'main_specs': None, 'characteristics': [{'key_0': 'true'}]}",2026-09-11 19:02:34.407579+00:00
https://www.metrocuadrado.com/inmueble/arriendo-apartamento-bogota-ub-bosques-de-medina-4-habitaciones-5-banos-4-garajes/19657-M6754149?src_url=%2Finmuebles%2Farriendo%2Fbogota,"{'title': 'Apartamento En Arriendo, BOSQUE MEDINA', 'location': 'BOSQUE MEDINA, Bogotá D.C.', 'price': '$ 30.000.000', 'area': None, 'estrato': None, 'main_specs': '4 hab. | 5 bañ. | 4 par.', 'characteristics': [{'Apto para niños': 'true'}, {'Alarma': 'true'}, {'Con chimenea': 'true'}, {'Citófonos': 'true'}, {'Comedor auxiliar': 'true'}, {'Cuarto de servicio': 'true'}, {'Estudio o biblioteca': 'true'}, {'Hall de Alcobas': 'true'}, {'Jacuzzi': 'true'}, {'Puertas de seguridad': 'true'}, {'Zona de lavanderia': 'true'}, {'Control térmico': 'true'}, {'Despensa': 'true'}, {'Detección de humo': 'true'}, {'Dúplex': 'true'}, {'En interior y/o bloque': 'true'}, {'Extractor': 'true'}, {'Horno': 'true'}, {'Tipo instalación de gas natural': 'true'}, {'Lavaplatos': 'true'}, {'Luz en la mañana': 'true'}, {'Luz en la tarde': 'true'}, {'Número de Closets 4': 'true'}, {'Número de piso 16': 'true'}, {'Se Permite Fumar': 'true'}, {'Shut de basura': 'true'}, {'Tipo de calentador gas': 'true'}, {'Tipo de Cocina lineal': 'true'}, {'Tipo comedor comedor independiente': 'true'}, {'Depósito 1': 'true'}, {'Tipo de estufa gas': 'true'}, {'Tipo de acabado piso madera': 'true'}, {'Vista exterior': 'true'}, {'Walking closet': 'true'}, {'Cerca a gimnasio': 'true'}, {'Cerca a hospitales': 'true'}, {'Cerca a Jardines y Colegios': 'true'}, {'Cerca a restaurantes': 'true'}, {'Cerca a tiendas de barrio': 'true'}, {'Cancha(s) de Basket': 'true'}, {'Cancha(s) de Fútbol': 'true'}, {'Gimnasio': 'true'}, {'Salón comunal': 'true'}, {'Sauna y/o turco': 'true'}, {'Zona de BBQ': 'true'}, {'Zona para niños': 'true'}, {'Zonas verdes': 'true'}, {'Área Terraza/Balcón 65': 'true'}, {'Ascensor': 'true'}, {'Bahias de parqueo': 'true'}, {'Acceso para discapacitados': 'true'}, {'Circuito cerrado de TV': 'true'}, {'Cuarto de escoltas': 'true'}, {'Parqueadero cubierto': 'true'}, {'Piscina': 'true'}, {'Vista panorámica': 'true'}, {'Conjunto cerrado': 'true'}, {'Número de Ascensores 2': 'true'}, {'Recepción Lobby': 'true'}, {'Terraza/Balcón terraza': 'true'}, {'Terraza Rooftop': 'true'}, {'Tipo de parqueadero servidumbre': 'true'}, {'Vigilancia 24hrs': 'true'}, {'Cerca Centros Comerciales': 'true'}, {'Cerca Colegios / Universidades': 'true'}, {'Cerca Parques': 'true'}, {'Cerca Supermercados': 'true'}, {'Cerca Transporte Público': 'true'}, {'Sobre vía secundaria': 'true'}, {'Cerca Centros Comerciales': 'true'}, {'Cerca Colegios / Universidades': 'true'}, {'Cerca Parques': 'true'}, {'Cerca Supermercados': 'true'}, {'Cerca Transporte Público': 'true'}, {'Sobre vía secundaria': 'true'}]}",2026-09-11 19:02:40.243516+00:00
https://www.metrocuadrado.com/inmueble/arriendo-apartamento-bogota-chico-norte-3-habitaciones-4-banos-2-garajes/19657-M6944265?src_url=%2Finmuebles%2Farriendo%2Fbogota,"{'title': 'Apartamento En Arriendo, CHICO RESERVADO', 'location': 'CHICO RESERVADO, Bogotá D.C.', 'price': '$ 13.200.000', 'area': None, 'estrato': None, 'main_specs': '3 hab. | 4 bañ. | 2 par.', 'characteristics': [{'Apto para niños': 'true'}, {'Con chimenea': 'true'}, {'Citófonos': 'true'}, {'Comedor auxiliar': 'true'}, {'Tipo de Cortinas con velos': 'true'}, {'Estudio o biblioteca': 'true'}, {'Hall de Alcobas': 'true'}, {'Puertas de seguridad': 'true'}, {'Zona de lavanderia': 'true'}, {'Despensa': 'true'}, {'Detección de humo': 'true'}, {'En interior y/o bloque': 'true'}, {'Extractor': 'true'}, {'Horno': 'true'}, {'Tipo instalación de gas natural': 'true'}, {'Lavaplatos': 'true'}, {'Luz en la mañana': 'true'}, {'Luz en la tarde': 'true'}, {'Número de piso 7': 'true'}, {'Se Permiten Mascotas': 'true'}, {'Shut de basura': 'true'}, {'Tipo de calentador gas': 'true'}, {'Tipo de Cocina abierta': 'true'}, {'Tipo comedor sala comedor': 'true'}, {'Depósito 1': 'true'}, {'Tipo de estufa gas': 'true'}, {'Tipo de acabado piso madera': 'true'}, {'Vista exterior': 'true'}, {'Walking closet': 'true'}, {'Cerca a gimnasio': 'true'}, {'Cerca a hospitales': 'true'}, {'Cerca a Jardines y Colegios': 'true'}, {'Cerca a restaurantes': 'true'}, {'Cerca a tiendas de barrio': 'true'}, {'Cancha(s) de squash': 'true'}, {'Gimnasio': 'true'}, {'Salón comunal': 'true'}, {'Sauna y/o turco': 'true'}, {'Zona de BBQ': 'true'}, {'Zona para niños': 'true'}, {'Zonas verdes': 'true'}, {'Área Terraza/Balcón 10': 'true'}, {'Ascensor': 'true'}, {'Bahias de parqueo': 'true'}, {'Acceso para discapacitados': 'true'}, {'Circuito cerrado de TV': 'true'}, {'Cuarto de escoltas': 'true'}, {'Parqueadero cubierto': 'true'}, {'Conjunto cerrado': 'true'}, {'Número de Ascensores 2': 'true'}, {'Recepción Lobby': 'true'}, {'Roof garden': 'true'}, {'Terraza/Balcón balcón': 'true'}, {'Terraza Rooftop': 'true'}, {'Tipo de parqueadero independiente': 'true'}, {'Vigilancia 24hrs': 'true'}, {'Cerca Centros Comerciales': 'true'}, {'Cerca Colegios / Universidades': 'true'}, {'Cerca Parques': 'true'}, {'Cerca Supermercados': 'true'}, {'Cerca Transporte Público': 'true'}, {'Sobre vía secundaria': 'true'}, {'Cerca Centros Comerciales': 'true'}, {'Cerca Colegios / Universidades': 'true'}, {'Cerca Parques': 'true'}, {'Cerca Supermercados': 'true'}, {'Cerca Transporte Público': 'true'}, {'Sobre vía secundaria': 'true'}]}",2026-09-11 19:02:45.608826+00:00
https://www.metrocuadrado.com/inmueble/arriendo-apartamento-bogota-pardo-rubio-1-habitaciones-1-banos/MC6982478?src_url=%2Finmuebles%2Farriendo%2Fbogota,"{'title': 'Apartamento En Arriendo, BOSQUE CALDERON Chapinero Alto', 'location': 'BOSQUE CALDERON Chapinero Alto, Bogotá D.C.', 'price': '$ 2.700.000', 'area': None, 'estrato': None, 'main_specs': '1 hab. | 1 bañ.', 'characteristics': [{'Cocina Tipo Americano': 'true'}, {'Equipado / Amoblado': 'true'}, {'Piso en madera': 'true'}, {'Control de ruido': 'true'}, {'Número de piso 4': 'true'}, {'Ascensor': 'true'}, {'Conjunto cerrado': 'true'}, {'Cerca Colegios / Universidades': 'true'}, {'Cerca Parques': 'true'}, {'Cerca Transporte Público': 'true'}, {'Área Urbana': 'true'}, {'Cerca Colegios / Universidades': 'true'}, {'Cerca Parques': 'true'}, {'Cerca Transporte Público': 'true'}, {'Área Urbana': 'true'}]}",2026-09-11 19:02:50.903075+00:00
https://www.metrocuadrado.com/inmueble/arriendo-apartamento-bogota-campo-alegre-2-habitaciones-3-banos-2-garajes/217-M6453830?src_url=%2Finmuebles%2Farriendo%2Fbogota,"{'title': 'Apartamento En Arriendo, SANTAN BARBARA ORIENTAL', 'location': 'SANTAN BARBARA ORIENTAL, Bogotá D.C.', 'price': '$ 7.500.000', 'area': None, 'estrato': None, 'main_specs': '2 hab. | 3 bañ. | 2 par.', 'characteristics': [{'Apto para niños': 'true'}, {'Con chimenea': 'true'}, {'Citófonos': 'true'}, {'Comedor auxiliar': 'true'}, {'Tipo de Cortinas ninguna': 'true'}, {'Estudio o biblioteca': 'true'}, {'Hall de Alcobas': 'true'}, {'Zona de lavanderia': 'true'}, {'Despensa': 'true'}, {'Extractor': 'true'}, {'Horno': 'true'}, {'Tipo instalación de gas natural': 'true'}, {'Luz en la mañana': 'true'}, {'Luz en la tarde': 'true'}, {'Número de Closets 4': 'true'}, {'Número de piso 1': 'true'}, {'Se Permite Fumar': 'true'}, {'Se Permiten Mascotas': 'true'}, {'Tipo de calentador gas': 'true'}, {'Tipo de Cocina abierta': 'true'}, {'Tipo comedor sala comedor': 'true'}, {'Depósito 1': 'true'}, {'Tipo de estufa gas': 'true'}, {'Tipo de acabado piso madera': 'true'}, {'Tipo de piso en alcobas madera': 'true'}, {'Tipo de piso en comedor cerámica': 'true'}, {'Tipo de piso en estudio madera': 'true'}, {'Tipo de piso en sala madera': 'true'}, {'Vista exterior': 'true'}, {'Walking closet': 'true'}, {'Cerca a gimnasio': 'true'}, {'Cerca a hospitales': 'true'}, {'Cerca a Jardines y Colegios': 'true'}, {'Cerca a restaurantes': 'true'}, {'Cerca a tiendas de barrio': 'true'}, {'Zona de BBQ': 'true'}, {'Área Terraza/Balcón 100': 'true'}, {'Ascensor': 'true'}, {'Acceso para discapacitados': 'true'}, {'Circuito cerrado de TV': 'true'}, {'Parqueadero cubierto': 'true'}, {'Número de Ascensores 1': 'true'}, {'Recepción Lobby': 'true'}, {'Terraza/Balcón terraza': 'true'}, {'Tipo de parqueadero propio': 'true'}, {'Vigilancia 24hrs': 'true'}, {'Cerca Centros Comerciales': 'true'}, {'Cerca Colegios / Universidades': 'true'}, {'Cerca Parques': 'true'}, {'Cerca Supermercados': 'true'}, {'Cerca Transporte Público': 'true'}, {'Sobre vía secundaria': 'true'}, {'Cerca Centros Comerciales': 'true'}, {'Cerca Colegios / Universidades': 'true'}, {'Cerca Parques': 'true'}, {'Cerca Supermercados': 'true'}, {'Cerca Transporte Público': 'true'}, {'Sobre vía secundaria': 'true'}]}",2026-09-11 19:02:56.234497+00:00
https://www.metrocuadrado.com/inmueble/arriendo-apartamento-bogota-santa-bibiana-1-habitaciones-2-banos-1-garajes/MC6875856?src_url=%2Finmuebles%2Farriendo%2Fbogota,"{'title': 'Apartamento En Arriendo, USAQUEN Zona Urbana', 'location': 'USAQUEN Zona Urbana, Bogotá D.C.', 'price': '$ 4.000.000', 'area': None, 'estrato': None, 'main_specs': '1 hab. | 2 bañ. | 1 par.', 'characteristics': [{'Baño Auxiliar': 'true'}, {'Baño de Servicio': 'true'}, {'Con chimenea': 'true'}, {'Citófonos': 'true'}, {'Cocina Tipo Americano': 'true'}, {'Cocina integral': 'true'}, {'Piso en madera': 'true'}, {'Zona de lavanderia': 'true'}, {'Dúplex': 'true'}, {'Extractor': 'true'}, {'Horno': 'true'}, {'Luz en la mañana': 'true'}, {'Luz en la tarde': 'true'}, {'Número de piso 6': 'true'}, {'Walking closet': 'true'}, {'Cerca a gimnasio': 'true'}, {'Cerca a hospitales': 'true'}, {'Cerca a Jardines y Colegios': 'true'}, {'Cerca a restaurantes': 'true'}, {'Cerca a tiendas de barrio': 'true'}, {'Salón comunal': 'true'}, {'Zonas verdes': 'true'}, {'Ascensor': 'true'}, {'Características del Parqueadero cubierto': 'true'}, {'Parqueadero visitantes': 'true'}, {'Con Terraza': 'true'}, {'Vigilancia': 'true'}, {'Recepción Lobby': 'true'}, {'Tipo de parqueadero propio': 'true'}, {'Cerca Colegios / Universidades': 'true'}, {'Cerca Parques': 'true'}, {'Cerca Supermercados': 'true'}, {'Cerca Transporte Público': 'true'}, {'Área Urbana': 'true'}, {'Cerca Colegios / Universidades': 'true'}, {'Cerca Parques': 'true'}, {'Cerca Supermercados': 'true'}, {'Cerca Transporte Público': 'true'}, {'Área Urbana': 'true'}]}",2026-09-11 19:03:02.126612+00:00
https://www.metrocuadrado.com/inmueble/arriendo-apartamento-bogota-quesada-1-habitaciones-1-banos/MC4377560?src_url=%2Finmuebles%2Farriendo%2Fbogota,"{'title': 'Apartamento En Arriendo, Chapinero', 'location': 'Chapinero, Bogotá D.C.', 'price': '$ 1.700.000', 'area': None, 'estrato': None, 'main_specs': '1 hab. | 1 bañ.', 'characteristics': [{'Citófonos': 'true'}, {'Cocina Tipo Americano': 'true'}, {'Cocina integral': 'true'}, {'Piso en baldosa': 'true'}, {'Piso en madera': 'true'}, {'Zona de lavanderia': 'true'}, {'Extractor': 'true'}, {'Luz en la mañana': 'true'}, {'Luz en la tarde': 'true'}, {'Número de piso 17': 'true'}, {'Cerca a gimnasio': 'true'}, {'Cerca a hospitales': 'true'}, {'Cerca a tiendas de barrio': 'true'}, {'Salón comunal': 'true'}, {'Ubicado en edificio': 'true'}, {'Ascensor': 'true'}, {'Bahias de parqueo': 'true'}, {'Parqueadero visitantes': 'true'}, {'Con Terraza': 'true'}, {'Vigilancia': 'true'}, {'Conjunto cerrado': 'true'}, {'Recepción Lobby': 'true'}, {'Terraza Rooftop': 'true'}, {'Cerca Centros Comerciales': 'true'}, {'Cerca Colegios / Universidades': 'true'}, {'Cerca Supermercados': 'true'}, {'Cerca Transporte Público': 'true'}, {'Ubicación zona centros negocios': 'true'}, {'Área Urbana': 'true'}, {'Cerca Centros Comerciales': 'true'}, {'Cerca Colegios / Universidades': 'true'}, {'Cerca Supermercados': 'true'}, {'Cerca Transporte Público': 'true'}, {'Ubicación zona centros negocios': 'true'}, {'Área Urbana': 'true'}]}",2026-09-11 19:03:07.502753+00:00
https://www.metrocuadrado.com/inmueble/arriendo-apartamento-bogota-el-espartillal-2-habitaciones-2-banos/MC6634781?src_url=%2Finmuebles%2Farriendo%2Fbogota,"{'title': 'Apartamento En Arriendo, CHAPINERO ATLANTIS Zona Urbana', 'location': 'CHAPINERO ATLANTIS Zona Urbana, Bogotá D.C.', 'price': '$ 4.469.000', 'area': None, 'estrato': None, 'main_specs': '2 hab. | 2 bañ.', 'characteristics': [{'Baño de Servicio': 'true'}, {'Citófonos': 'true'}, {'Cocina Tipo Americano': 'true'}, {'Cocina integral': 'true'}, {'Depósito o cuarto útil': 'true'}, {'Zona de lavanderia': 'true'}, {'Horno': 'true'}, {'Luz en la mañana': 'true'}, {'Luz en la tarde': 'true'}, {'Número de piso 8': 'true'}, {'Puerta eléctrica': 'true'}, {'Shut de basura': 'true'}, {'Walking closet': 'true'}, {'Cerca a gimnasio': 'true'}, {'Cerca a hospitales': 'true'}, {'Cerca a restaurantes': 'true'}, {'Cerca a tiendas de barrio': 'true'}, {'Zonas verdes': 'true'}, {'Ubicado en edificio': 'true'}, {'Acceso con tarjetas o dispositivos': 'true'}, {'Ascensor': 'true'}, {'Parqueadero visitantes': 'true'}, {'Con Terraza': 'true'}, {'Vigilancia': 'true'}, {'Recepción Lobby': 'true'}, {'Roof garden': 'true'}, {'Terraza Rooftop': 'true'}, {'Cerca Centros Comerciales': 'true'}, {'Cerca Colegios / Universidades': 'true'}, {'Cerca Parques': 'true'}, {'Cerca Supermercados': 'true'}, {'Cerca Transporte Público': 'true'}, {'Área Urbana': 'true'}, {'Cerca Centros Comerciales': 'true'}, {'Cerca Colegios / Universidades': 'true'}, {'Cerca Parques': 'true'}, {'Cerca Supermercados': 'true'}, {'Cerca Transporte Público': 'true'}, {'Área Urbana': 'true'}]}",2026-09-11 19:03:13.398688+00:00
https://www.metrocuadrado.com/inmueble/arriendo-apartamento-bogota-ciudad-salitre-sur-oriental-2-habitaciones-2-banos-1-garajes/MC6386847?src_url=%2Finmuebles%2Farriendo%2Fbogota,"{'title': 'Apartamento En Arriendo, CIUDAD SALITRE Zona Urbana', 'location': 'CIUDAD SALITRE Zona Urbana, Bogotá D.C.', 'price': '$ 4.400.000', 'area': None, 'estrato': None, 'main_specs': '2 hab. | 2 bañ. | 1 par.', 'characteristics': [{'Baño Auxiliar': 'true'}, {'Citófonos': 'true'}, {'Cocina Tipo Americano': 'true'}, {'Cocina integral': 'true'}, {'Depósito o cuarto útil': 'true'}, {'Equipado / Amoblado': 'true'}, {'Zona de lavanderia': 'true'}, {'Extractor': 'true'}, {'Horno': 'true'}, {'Luz en la mañana': 'true'}, {'Luz en la tarde': 'true'}, {'Número de piso 4': 'true'}, {'Puerta eléctrica': 'true'}, {'Shut de basura': 'true'}, {'Walking closet': 'true'}, {'Cerca a gimnasio': 'true'}, {'Cerca a hospitales': 'true'}, {'Cerca a restaurantes': 'true'}, {'Cerca a tiendas de barrio': 'true'}, {'Salón comunal': 'true'}, {'Zonas verdes': 'true'}, {'Ubicado en edificio': 'true'}, {'Acceso con tarjetas o dispositivos': 'true'}, {'Ascensor': 'true'}, {'Características del Parqueadero cubierto': 'true'}, {'Parqueadero visitantes': 'true'}, {'Piscina': 'true'}, {'Con Terraza': 'true'}, {'Vigilancia': 'true'}, {'Recepción Lobby': 'true'}, {'Roof garden': 'true'}, {'Terraza Rooftop': 'true'}, {'Tipo de parqueadero independiente': 'true'}, {'Cerca Centros Comerciales': 'true'}, {'Cerca Colegios / Universidades': 'true'}, {'Cerca Parques': 'true'}, {'Cerca Supermercados': 'true'}, {'Cerca Transporte Público': 'true'}, {'Área Urbana': 'true'}, {'Cerca Centros Comerciales': 'true'}, {'Cerca Colegios / Universidades': 'true'}, {'Cerca Parques': 'true'}, {'Cerca Supermercados': 'true'}, {'Cerca Transporte Público': 'true'}, {'Área Urbana': 'true'}]}",2026-09-11 19:03:19.274874+00:00
https://www.metrocuadrado.com/inmueble/arriendo-apartamento-bogota-el-refugio-3-habitaciones-5-banos-4-garajes/2501-M6315679?src_url=%2Finmuebles%2Farriendo%2Fbogota,"{'title': 'Apartamento En Arriendo, EL REFUGIO CHICO', 'location': 'EL REFUGIO CHICO, Bogotá D.C.', 'price': '$ 22.000.000', 'area': None, 'estrato': None, 'main_specs': '3 hab. | 5 bañ. | 4 par.', 'characteristics': [{'Apto para niños': 'true'}, {'Con calefacción': 'true'}, {'Con chimenea': 'true'}, {'Citófonos': 'true'}, {'Comedor auxiliar': 'true'}, {'Tipo de Cortinas pesadas': 'true'}, {'Cuarto de servicio': 'true'}, {'Estudio o biblioteca': 'true'}, {'Hall de Alcobas': 'true'}, {'Jacuzzi': 'true'}, {'Puertas de seguridad': 'true'}, {'Zona de lavanderia': 'true'}, {'Control de ruido': 'true'}, {'En interior y/o bloque': 'true'}, {'Extractor': 'true'}, {'Horno': 'true'}, {'Tipo instalación de gas natural': 'true'}, {'Lavaplatos': 'true'}, {'Luz en la mañana': 'true'}, {'Luz en la tarde': 'true'}, {'Número de Closets 4': 'true'}, {'Número de piso 7': 'true'}, {'Se Permiten Mascotas': 'true'}, {'Tipo de calentador caldera': 'true'}, {'Tipo de Cocina abierta': 'true'}, {'Tipo comedor sala comedor': 'true'}, {'Depósito 1': 'true'}, {'Tipo de estufa mixta': 'true'}, {'Tipo de acabado piso madera': 'true'}, {'Tipo de piso en alcobas madera': 'true'}, {'Tipo de piso en comedor madera': 'true'}, {'Tipo de piso en estudio madera': 'true'}, {'Tipo de piso en sala madera': 'true'}, {'Vista exterior': 'true'}, {'Walking closet': 'true'}, {'Cerca a Jardines y Colegios': 'true'}, {'Cerca a restaurantes': 'true'}, {'Gimnasio': 'true'}, {'Salón comunal': 'true'}, {'Sauna y/o turco': 'true'}, {'Zona de BBQ': 'true'}, {'Zona para niños': 'true'}, {'Zonas verdes': 'true'}, {'Área Terraza/Balcón 2': 'true'}, {'Ascensor': 'true'}, {'Bahias de parqueo': 'true'}, {'Acceso para discapacitados': 'true'}, {'Circuito cerrado de TV': 'true'}, {'Cuarto de escoltas': 'true'}, {'Parqueadero cubierto': 'true'}, {'Piscina': 'true'}, {'Vista panorámica': 'true'}, {'Conjunto cerrado': 'true'}, {'Número de Ascensores 2': 'true'}, {'Recepción Lobby': 'true'}, {'Terraza/Balcón balcón': 'true'}, {'Terraza Rooftop': 'true'}, {'Tipo de parqueadero propio': 'true'}, {'Vigilancia 24hrs': 'true'}, {'Cerca Centros Comerciales': 'true'}, {'Cerca Colegios / Universidades': 'true'}, {'Cerca Supermercados': 'true'}, {'Cerca Transporte Público': 'true'}, {'Sobre vía secundaria': 'true'}, {'Cerca Centros Comerciales': 'true'}, {'Cerca Colegios / Universidades': 'true'}, {'Cerca Supermercados': 'true'}, {'Cerca Transporte Público': 'true'}, {'Sobre vía secundaria': 'true'}]}",2026-09-11 19:03:24.682908+00:00
https://www.metrocuadrado.com/inmueble/arriendo-casa-bogota-bosque-de-pinos-5-habitaciones-5-banos-4-garajes/13674-M3328059?src_url=%2Finmuebles%2Farriendo%2Fbogota,"{'title': 'Casa En Arriendo, MONTEARROYO', 'location': 'MONTEARROYO, Bogotá D.C.', 'price': '$ 20.000.000', 'area': None, 'estrato': None, 'main_specs': '5 hab. | 5 bañ. | 4 par.', 'characteristics': [{'Apto para niños': 'true'}, {'Alarma': 'true'}, {'Con chimenea': 'true'}, {'Citófonos': 'true'}, {'Comedor auxiliar': 'true'}, {'Cuarto de servicio': 'true'}, {'Estudio o biblioteca': 'true'}, {'Hall de Alcobas': 'true'}, {'Jacuzzi': 'true'}, {'Equipado / Amoblado': 'true'}, {'Puertas de seguridad': 'true'}, {'Zona de lavanderia': 'true'}, {'Tipo instalación de gas natural': 'true'}, {'Número de Closets 4': 'true'}, {'Tipo de calentador gas': 'true'}, {'Tipo de Casa condominio': 'true'}, {'Tipo de Cocina paralela': 'true'}, {'Tipo comedor comedor independiente': 'true'}, {'Depósito 3': 'true'}, {'Tipo de estufa mixta': 'true'}, {'Tipo de acabado piso madera': 'true'}, {'Tipo de piso en alcobas madera': 'true'}, {'Tipo de piso en comedor madera': 'true'}, {'Tipo de piso en estudio madera': 'true'}, {'Tipo de piso en sala madera': 'true'}, {'Vista exterior': 'true'}, {'Jardín interior': 'true'}, {'Sauna y/o turco': 'true'}, {'Sendero peatonal': 'true'}, {'Zona de BBQ': 'true'}, {'Zona para niños': 'true'}, {'Zonas verdes': 'true'}, {'Acceso para discapacitados': 'true'}, {'Parqueadero cubierto': 'true'}, {'Jardín': 'true'}, {'Vista panorámica': 'true'}, {'Conjunto cerrado': 'true'}, {'Número de Ascensores 0': 'true'}, {'Número de niveles 4': 'true'}, {'Tipo de parqueadero propio': 'true'}, {'Cerca Centros Comerciales': 'true'}, {'Cerca Colegios / Universidades': 'true'}, {'Cerca Parques': 'true'}, {'Cerca Supermercados': 'true'}, {'Cerca Transporte Público': 'true'}, {'Cerca Centros Comerciales': 'true'}, {'Cerca Colegios / Universidades': 'true'}, {'Cerca Parques': 'true'}, {'Cerca Supermercados': 'true'}, {'Cerca Transporte Público': 'true'}]}",2026-09-11 19:03:30.063945+00:00
https://www.metrocuadrado.com/inmueble/arriendo-apartamento-bogota-chico-norte-3-habitaciones-4-banos-3-garajes/23622-M6940040?src_url=%2Finmuebles%2Farriendo%2Fbogota,"{'title': 'Apartamento En Arriendo, CHICO NORTE', 'location': 'CHICO NORTE, Bogotá D.C.', 'price': '$ 11.500.000', 'area': None, 'estrato': None, 'main_specs': '3 hab. | 4 bañ. | 3 par.', 'characteristics': [{'Apto para niños': 'true'}, {'Con chimenea': 'true'}, {'Citófonos': 'true'}, {'Comedor auxiliar': 'true'}, {'Tipo de Cortinas persianas': 'true'}, {'Cuarto de servicio': 'true'}, {'Estudio o biblioteca': 'true'}, {'Hall de Alcobas': 'true'}, {'Equipado / Amoblado': 'true'}, {'Puertas de seguridad': 'true'}, {'Zona de lavanderia': 'true'}, {'Despensa': 'true'}, {'En interior y/o bloque': 'true'}, {'Extractor': 'true'}, {'Horno': 'true'}, {'Tipo instalación de gas natural': 'true'}, {'Lavaplatos': 'true'}, {'Luz en la mañana': 'true'}, {'Luz en la tarde': 'true'}, {'Monoambiente': 'true'}, {'Número de Closets 3': 'true'}, {'Número de piso 4': 'true'}, {'Se Permite Fumar': 'true'}, {'Se Permiten Mascotas': 'true'}, {'Shut de basura': 'true'}, {'Tipo de calentador gas': 'true'}, {'Tipo de Cocina abierta': 'true'}, {'Tipo comedor comedor independiente': 'true'}, {'Depósito 1': 'true'}, {'Tipo de estufa gas': 'true'}, {'Tipo de acabado piso laminado': 'true'}, {'Tipo de piso en alcobas laminado': 'true'}, {'Tipo de piso en comedor laminado': 'true'}, {'Tipo de piso en estudio laminado': 'true'}, {'Tipo de piso en sala laminado': 'true'}, {'Vista exterior': 'true'}, {'Walking closet': 'true'}, {'Cerca a gimnasio': 'true'}, {'Cerca a hospitales': 'true'}, {'Cerca a Jardines y Colegios': 'true'}, {'Cerca a restaurantes': 'true'}, {'Cerca a tiendas de barrio': 'true'}, {'Gimnasio': 'true'}, {'Salón comunal': 'true'}, {'Zona de BBQ': 'true'}, {'Zona para niños': 'true'}, {'Zonas verdes': 'true'}, {'Área Terraza/Balcón 5': 'true'}, {'Ascensor': 'true'}, {'Bahias de parqueo': 'true'}, {'Acceso para discapacitados': 'true'}, {'Circuito cerrado de TV': 'true'}, {'Parqueadero cubierto': 'true'}, {'Vista panorámica': 'true'}, {'Conjunto cerrado': 'true'}, {'Número de Ascensores 4': 'true'}, {'Parqueadero inteligente': 'true'}, {'Recepción Lobby': 'true'}, {'Terraza/Balcón balcón': 'true'}, {'Tipo de parqueadero propio': 'true'}, {'Vigilancia 24hrs': 'true'}, {'Cerca Centros Comerciales': 'true'}, {'Cerca Colegios / Universidades': 'true'}, {'Cerca Parques': 'true'}, {'Cerca Supermercados': 'true'}, {'Cerca Transporte Público': 'true'}, {'Sobre vía principal': 'true'}, {'Sobre vía secundaria': 'true'}, {'Cerca Centros Comerciales': 'true'}, {'Cerca Colegios / Universidades': 'true'}, {'Cerca Parques': 'true'}, {'Cerca Supermercados': 'true'}, {'Cerca Transporte Público': 'true'}, {'Sobre vía principal': 'true'}, {'Sobre vía secundaria': 'true'}]}",2026-09-11 19:03:35.520916+00:00
https://www.metrocuadrado.com/inmueble/arriendo-apartamento-bogota-samper-2-habitaciones-2-banos-1-garajes/21662-M6784122?src_url=%2Finmuebles%2Farriendo%2Fbogota,"{'title': 'Apartamento En Arriendo, Centro Internacional Bogota', 'location': 'Centro Internacional Bogota, Bogotá D.C.', 'price': '$ 4.900.000', 'area': None, 'estrato': None, 'main_specs': '2 hab. | 2 bañ. | 1 par.', 'characteristics': [{'Apto para niños': 'true'}, {'Citófonos': 'true'}, {'Tipo de Cortinas persianas': 'true'}, {'Estudio o biblioteca': 'true'}, {'Hall de Alcobas': 'true'}, {'Equipado / Amoblado': 'true'}, {'Zona de lavanderia': 'true'}, {'Despensa': 'true'}, {'Detección de humo': 'true'}, {'En interior y/o bloque': 'true'}, {'Extractor': 'true'}, {'Horno': 'true'}, {'Tipo instalación de gas natural': 'true'}, {'Luz en la mañana': 'true'}, {'Luz en la tarde': 'true'}, {'Número de Closets 3': 'true'}, {'Número de piso 23': 'true'}, {'Se Permite Fumar': 'true'}, {'Se Permiten Mascotas': 'true'}, {'Shut de basura': 'true'}, {'Tipo de calentador gas': 'true'}, {'Tipo de Cocina abierta': 'true'}, {'Tipo comedor sala comedor': 'true'}, {'Depósito 0': 'true'}, {'Tipo de estufa gas': 'true'}, {'Tipo de acabado piso baldosa': 'true'}, {'Tipo de piso en alcobas laminado': 'true'}, {'Tipo de piso en comedor laminado': 'true'}, {'Tipo de piso en estudio laminado': 'true'}, {'Tipo de piso en sala laminado': 'true'}, {'Vista exterior': 'true'}, {'Cerca a gimnasio': 'true'}, {'Cerca a parque industrial': 'true'}, {'Cerca a restaurantes': 'true'}, {'Cerca a tiendas de barrio': 'true'}, {'Gimnasio': 'true'}, {'Salón comunal': 'true'}, {'Sauna y/o turco': 'true'}, {'Zona de BBQ': 'true'}, {'Zona para niños': 'true'}, {'Zonas verdes': 'true'}, {'Acceso con tarjetas o dispositivos': 'true'}, {'Área Terraza/Balcón 8': 'true'}, {'Ascensor': 'true'}, {'Bahias de parqueo': 'true'}, {'Acceso para discapacitados': 'true'}, {'Circuito cerrado de TV': 'true'}, {'Parqueadero cubierto': 'true'}, {'Vista panorámica': 'true'}, {'Número de Ascensores 2': 'true'}, {'Parqueadero inteligente': 'true'}, {'Recepción Lobby': 'true'}, {'Terraza/Balcón balcón': 'true'}, {'Terraza Rooftop': 'true'}, {'Tipo de parqueadero propio': 'true'}, {'Vigilancia 24hrs': 'true'}, {'Cerca Centros Comerciales': 'true'}, {'Cerca Colegios / Universidades': 'true'}, {'Cerca Parques': 'true'}, {'Cerca Supermercados': 'true'}, {'Cerca Transporte Público': 'true'}, {'Sobre vía principal': 'true'}, {'Cerca Centros Comerciales': 'true'}, {'Cerca Colegios / Universidades': 'true'}, {'Cerca Parques': 'true'}, {'Cerca Supermercados': 'true'}, {'Cerca Transporte Público': 'true'}, {'Sobre vía principal': 'true'}]}",2026-09-11 19:03:40.953947+00:00
https://www.metrocuadrado.com/inmueble/arriendo-apartamento-bogota-molinos-norte-3-habitaciones-3-banos-2-garajes/20564-M6883345?src_url=%2Finmuebles%2Farriendo%2Fbogota,"{'title': 'Apartamento En Arriendo, SANTA PAULA', 'location': 'SANTA PAULA, Bogotá D.C.', 'price': '$ 6.880.000', 'area': None, 'estrato': None, 'main_specs': '3 hab. | 3 bañ. | 2 par.', 'characteristics': [{'Apto para niños': 'true'}, {'Con chimenea': 'true'}, {'Citófonos': 'true'}, {'Tipo de Cortinas pesadas': 'true'}, {'Estudio o biblioteca': 'true'}, {'Hall de Alcobas': 'true'}, {'Equipado / Amoblado': 'true'}, {'Puertas de seguridad': 'true'}, {'Zona de lavanderia': 'true'}, {'Extractor': 'true'}, {'Horno': 'true'}, {'Tipo instalación de gas natural': 'true'}, {'Lavaplatos': 'true'}, {'Luz en la mañana': 'true'}, {'Luz en la tarde': 'true'}, {'Número de Closets 3': 'true'}, {'Número de piso 2': 'true'}, {'Tipo de calentador gas': 'true'}, {'Tipo de Cocina abierta': 'true'}, {'Tipo comedor sala comedor': 'true'}, {'Depósito 1': 'true'}, {'Tipo de estufa gas': 'true'}, {'Tipo de acabado piso laminado': 'true'}, {'Tipo de piso en alcobas laminado': 'true'}, {'Tipo de piso en comedor laminado': 'true'}, {'Tipo de piso en estudio laminado': 'true'}, {'Tipo de piso en sala laminado': 'true'}, {'Vista exterior': 'true'}, {'Cerca a gimnasio': 'true'}, {'Cerca a hospitales': 'true'}, {'Cerca a Jardines y Colegios': 'true'}, {'Cerca a restaurantes': 'true'}, {'Cerca a tiendas de barrio': 'true'}, {'Zona de BBQ': 'true'}, {'Área Terraza/Balcón 8': 'true'}, {'Ascensor': 'true'}, {'Acceso para discapacitados': 'true'}, {'Parqueadero cubierto': 'true'}, {'Número de Ascensores 1': 'true'}, {'Terraza/Balcón balcón': 'true'}, {'Terraza Rooftop': 'true'}, {'Tipo de parqueadero propio': 'true'}, {'Vigilancia 24hrs': 'true'}, {'Cerca Centros Comerciales': 'true'}, {'Cerca Colegios / Universidades': 'true'}, {'Cerca Parques': 'true'}, {'Cerca Supermercados': 'true'}, {'Cerca Transporte Público': 'true'}, {'Sobre vía secundaria': 'true'}, {'Cerca Centros Comerciales': 'true'}, {'Cerca Colegios / Universidades': 'true'}, {'Cerca Parques': 'true'}, {'Cerca Supermercados': 'true'}, {'Cerca Transporte Público': 'true'}, {'Sobre vía secundaria': 'true'}]}",2026-09-11 19:03:46.684451+00:00
https://www.metrocuadrado.com/inmueble/arriendo-apartaestudio-bogota-chico-norte-et-ii-1-habitaciones-1-banos/22377-M6556614?src_url=%2Finmuebles%2Farriendo%2Fbogota,"{'title': 'Apartaestudio En Arriendo, CHICO NORTE', 'location': 'CHICO NORTE, Bogotá D.C.', 'price': '$ 2.950.000', 'area': None, 'estrato': None, 'main_specs': '1 hab. | 1 bañ.', 'characteristics': [{'Alarma': 'true'}, {'Tipo de Cortinas pesadas': 'true'}, {'Jacuzzi': 'true'}, {'Equipado / Amoblado': 'true'}, {'Puertas de seguridad': 'true'}, {'Zona de lavanderia': 'true'}, {'Control de ruido': 'true'}, {'Detección de humo': 'true'}, {'Extractor': 'true'}, {'Horno': 'true'}, {'Tipo instalación de gas ninguno': 'true'}, {'Luz en la mañana': 'true'}, {'Luz en la tarde': 'true'}, {'Monoambiente': 'true'}, {'Número de Closets 3': 'true'}, {'Número de piso 4': 'true'}, {'Puerta eléctrica': 'true'}, {'Shut de basura': 'true'}, {'Tipo de calentador caldera': 'true'}, {'Tipo de Cocina lineal': 'true'}, {'Tipo comedor sala comedor': 'true'}, {'Depósito 1': 'true'}, {'Tipo de estufa electrica': 'true'}, {'Tipo de acabado piso madera': 'true'}, {'Tipo de piso en alcobas madera': 'true'}, {'Tipo de piso en comedor madera': 'true'}, {'Tipo de piso en estudio madera': 'true'}, {'Tipo de piso en sala madera': 'true'}, {'Vista interior': 'true'}, {'Cerca a gimnasio': 'true'}, {'Cerca a hospitales': 'true'}, {'Cerca a restaurantes': 'true'}, {'Cerca a tiendas de barrio': 'true'}, {'Gimnasio': 'true'}, {'Salón comunal': 'true'}, {'Sauna y/o turco': 'true'}, {'Zona de BBQ': 'true'}, {'Acceso con tarjetas o dispositivos': 'true'}, {'Área Terraza/Balcón 2': 'true'}, {'Ascensor': 'true'}, {'Conjunto cerrado': 'true'}, {'Número de Ascensores 3': 'true'}, {'Recepción Lobby': 'true'}, {'Roof garden': 'true'}, {'Terraza/Balcón balcón': 'true'}, {'Terraza Rooftop': 'true'}, {'Vigilancia 24hrs': 'true'}, {'Cerca Centros Comerciales': 'true'}, {'Cerca Parques': 'true'}, {'Cerca Supermercados': 'true'}, {'Cerca Transporte Público': 'true'}, {'Sobre vía secundaria': 'true'}, {'Cerca Centros Comerciales': 'true'}, {'Cerca Parques': 'true'}, {'Cerca Supermercados': 'true'}, {'Cerca Transporte Público': 'true'}, {'Sobre vía secundaria': 'true'}]}",2026-09-11 19:03:51.960663+00:00
https://www.metrocuadrado.com/inmueble/arriendo-apartamento-bogota-ub-cordoba-niza-4-habitaciones-3-banos-2-garajes/21165-M6938815?src_url=%2Finmuebles%2Farriendo%2Fbogota,"{'title': 'Apartamento En Arriendo, PROVENZA CAMPESTRE', 'location': 'PROVENZA CAMPESTRE, Bogotá D.C.', 'price': '$ 4.900.000', 'area': None, 'estrato': None, 'main_specs': '4 hab. | 3 bañ. | 2 par.', 'characteristics': [{'Apto para niños': 'true'}, {'Con chimenea': 'true'}, {'Citófonos': 'true'}, {'Tipo de Cortinas persianas': 'true'}, {'Estudio o biblioteca': 'true'}, {'Zona de lavanderia': 'true'}, {'Extractor': 'true'}, {'Horno': 'true'}, {'Tipo instalación de gas natural': 'true'}, {'Luz en la mañana': 'true'}, {'Número de Closets 3': 'true'}, {'Número de piso 12': 'true'}, {'Shut de basura': 'true'}, {'Tipo de calentador electrico': 'true'}, {'Tipo de Cocina en u': 'true'}, {'Tipo comedor comedor independiente': 'true'}, {'Depósito 1': 'true'}, {'Tipo de estufa gas': 'true'}, {'Tipo de acabado piso laminado': 'true'}, {'Tipo de piso en alcobas laminado': 'true'}, {'Tipo de piso en comedor laminado': 'true'}, {'Tipo de piso en estudio laminado': 'true'}, {'Tipo de piso en sala laminado': 'true'}, {'Vista exterior': 'true'}, {'Walking closet': 'true'}, {'Cerca a gimnasio': 'true'}, {'Cerca a hospitales': 'true'}, {'Cerca a Jardines y Colegios': 'true'}, {'Cerca a restaurantes': 'true'}, {'Cerca a tiendas de barrio': 'true'}, {'Cancha(s) de Basket': 'true'}, {'Gimnasio': 'true'}, {'Salón comunal': 'true'}, {'Zona de BBQ': 'true'}, {'Zona para niños': 'true'}, {'Área Terraza/Balcón 4': 'true'}, {'Ascensor': 'true'}, {'Acceso para discapacitados': 'true'}, {'Circuito cerrado de TV': 'true'}, {'Parqueadero cubierto': 'true'}, {'Vista panorámica': 'true'}, {'Conjunto cerrado': 'true'}, {'Número de Ascensores 1': 'true'}, {'Recepción Lobby': 'true'}, {'Terraza/Balcón balcón': 'true'}, {'Tipo de parqueadero propio': 'true'}, {'Vigilancia 24hrs': 'true'}, {'Cerca Centros Comerciales': 'true'}, {'Cerca Colegios / Universidades': 'true'}, {'Cerca Parques': 'true'}, {'Cerca Supermercados': 'true'}, {'Cerca Transporte Público': 'true'}, {'Sobre vía secundaria': 'true'}, {'Cerca Centros Comerciales': 'true'}, {'Cerca Colegios / Universidades': 'true'}, {'Cerca Parques': 'true'}, {'Cerca Supermercados': 'true'}, {'Cerca Transporte Público': 'true'}, {'Sobre vía secundaria': 'true'}]}",2026-09-11 19:03:57.519267+00:00
https://www.metrocuadrado.com/inmueble/arriendo-casa-bogota-conejera-4-habitaciones-4-banos-2-garajes/10307-M6149608?src_url=%2Finmuebles%2Farriendo%2Fbogota,"{'title': 'Casa En Arriendo, CAMINO DE ARRAYANES', 'location': 'CAMINO DE ARRAYANES, Bogotá D.C.', 'price': '$ 6.315.000', 'area': None, 'estrato': None, 'main_specs': '4 hab. | 4 bañ. | 2 par.', 'characteristics': [{'Apto para niños': 'true'}, {'Casa campestre': 'true'}, {'Con chimenea': 'true'}, {'Citófonos': 'true'}, {'Comedor auxiliar': 'true'}, {'Estudio o biblioteca': 'true'}, {'Hall de Alcobas': 'true'}, {'Zona de lavanderia': 'true'}, {'Tipo instalación de gas natural': 'true'}, {'Luz en la mañana': 'true'}, {'Luz en la tarde': 'true'}, {'Tipo de calentador gas': 'true'}, {'Tipo de Casa condominio': 'true'}, {'Tipo de Cocina en u': 'true'}, {'Tipo comedor comedor independiente': 'true'}, {'Depósito 1': 'true'}, {'Tipo de estufa gas': 'true'}, {'Vista interior': 'true'}, {'Walking-closet': 'true'}, {'Cerca a gimnasio': 'true'}, {'Cerca a hospitales': 'true'}, {'Cerca a Jardines y Colegios': 'true'}, {'Cancha(s) de Basket': 'true'}, {'Cancha(s) de Fútbol': 'true'}, {'Cancha(s) de squash': 'true'}, {'Cancha(s) de Tennis': 'true'}, {'Gimnasio': 'true'}, {'Jardín interior': 'true'}, {'Salón comunal': 'true'}, {'Sauna y/o turco': 'true'}, {'Sendero peatonal': 'true'}, {'Zona de BBQ': 'true'}, {'Zona para niños': 'true'}, {'Zonas verdes': 'true'}, {'&Aacute;rea del lote 300': 'true'}, {'Bahias de parqueo': 'true'}, {'Circuito cerrado de TV': 'true'}, {'Parqueadero cubierto': 'true'}, {'Jardín': 'true'}, {'Piscina': 'true'}, {'Vista panorámica': 'true'}, {'Conjunto cerrado': 'true'}, {'Esquinero': 'true'}, {'Número de niveles 3': 'true'}, {'Tipo de parqueadero propio': 'true'}, {'Vigilancia 24hrs': 'true'}, {'Cerca Centros Comerciales': 'true'}, {'Cerca Colegios / Universidades': 'true'}, {'Cerca Parques': 'true'}, {'Cerca Supermercados': 'true'}, {'Cerca Transporte Público': 'true'}, {'Sobre vía secundaria': 'true'}, {'Área Rural': 'true'}, {'Cerca Centros Comerciales': 'true'}, {'Cerca Colegios / Universidades': 'true'}, {'Cerca Parques': 'true'}, {'Cerca Supermercados': 'true'}, {'Cerca Transporte Público': 'true'}, {'Sobre vía secundaria': 'true'}, {'Área Rural': 'true'}]}",2026-09-11 19:04:02.941928+00:00
https://www.metrocuadrado.com/inmueble/arriendo-apartamento-bogota-santa-barbara-oriental-3-habitaciones-5-banos-2-garajes/20343-M7039097?src_url=%2Finmuebles%2Farriendo%2Fbogota,"{'title': 'Apartamento En Arriendo, USAQUEN RESERVA DE LA SIERRA', 'location': 'USAQUEN RESERVA DE LA SIERRA, Bogotá D.C.', 'price': '$ 16.000.000', 'area': None, 'estrato': None, 'main_specs': '3 hab. | 5 bañ. | 2 par.', 'characteristics': [{'Apto para niños': 'true'}, {'Con chimenea': 'true'}, {'Citófonos': 'true'}, {'Comedor auxiliar': 'true'}, {'Tipo de Cortinas persianas': 'true'}, {'Estudio o biblioteca': 'true'}, {'Hall de Alcobas': 'true'}, {'Jacuzzi': 'true'}, {'Puertas de seguridad': 'true'}, {'Zona de lavanderia': 'true'}, {'Despensa': 'true'}, {'En interior y/o bloque': 'true'}, {'Extractor': 'true'}, {'Tipo instalación de gas natural': 'true'}, {'Lavaplatos': 'true'}, {'Luz en la tarde': 'true'}, {'Número de Closets 3': 'true'}, {'Número de piso 6': 'true'}, {'Se Permiten Mascotas': 'true'}, {'Shut de basura': 'true'}, {'Tipo de calentador gas': 'true'}, {'Tipo de Cocina en u': 'true'}, {'Tipo comedor sala comedor': 'true'}, {'Depósito 1': 'true'}, {'Tipo de estufa gas': 'true'}, {'Tipo de acabado piso laminado': 'true'}, {'Tipo de piso en alcobas alfombra': 'true'}, {'Tipo de piso en comedor laminado': 'true'}, {'Tipo de piso en estudio laminado': 'true'}, {'Tipo de piso en sala laminado': 'true'}, {'Vista exterior': 'true'}, {'Walking closet': 'true'}, {'Cerca a gimnasio': 'true'}, {'Cerca a hospitales': 'true'}, {'Cerca a Jardines y Colegios': 'true'}, {'Cerca a restaurantes': 'true'}, {'Cerca a tiendas de barrio': 'true'}, {'Cancha(s) de Fútbol': 'true'}, {'Cancha(s) de squash': 'true'}, {'Cancha(s) de Tennis': 'true'}, {'Gimnasio': 'true'}, {'Salón comunal': 'true'}, {'Sauna y/o turco': 'true'}, {'Zona para niños': 'true'}, {'Zonas verdes': 'true'}, {'Área Terraza/Balcón 10': 'true'}, {'Ascensor': 'true'}, {'Bahias de parqueo': 'true'}, {'Acceso para discapacitados': 'true'}, {'Circuito cerrado de TV': 'true'}, {'Parqueadero cubierto': 'true'}, {'Piscina': 'true'}, {'Vista panorámica': 'true'}, {'Conjunto cerrado': 'true'}, {'Número de Ascensores 2': 'true'}, {'Recepción Lobby': 'true'}, {'Terraza/Balcón balcón': 'true'}, {'Tipo de parqueadero independiente': 'true'}, {'Vigilancia 24hrs': 'true'}, {'Cerca Centros Comerciales': 'true'}, {'Cerca Colegios / Universidades': 'true'}, {'Cerca Parques': 'true'}, {'Cerca Supermercados': 'true'}, {'Cerca Transporte Público': 'true'}, {'Sobre vía secundaria': 'true'}, {'Cerca Centros Comerciales': 'true'}, {'Cerca Colegios / Universidades': 'true'}, {'Cerca Parques': 'true'}, {'Cerca Supermercados': 'true'}, {'Cerca Transporte Público': 'true'}, {'Sobre vía secundaria': 'true'}]}",2026-09-11 19:04:08.290226+00:00
https://www.metrocuadrado.com/inmueble/arriendo-apartamento-bogota-santa-barbara-central-1-habitaciones-1-banos-1-garajes/689-M6915989?src_url=%2Finmuebles%2Farriendo%2Fbogota,"{'title': 'Apartamento En Arriendo, BUGANVILLA MULTICENTRO', 'location': 'BUGANVILLA MULTICENTRO, Bogotá D.C.', 'price': '$ 2.745.000', 'area': None, 'estrato': None, 'main_specs': '1 hab. | 1 bañ. | 1 par.', 'characteristics': [{'Apto para niños': 'true'}, {'Citófonos': 'true'}, {'Tipo de Cortinas persianas': 'true'}, {'Estudio o biblioteca': 'true'}, {'Zona de lavanderia': 'true'}, {'Extractor': 'true'}, {'Tipo instalación de gas natural': 'true'}, {'Luz en la mañana': 'true'}, {'Número de Closets 2': 'true'}, {'Número de piso 1': 'true'}, {'Se Permite Fumar': 'true'}, {'Tipo de calentador gas': 'true'}, {'Tipo de Cocina lineal': 'true'}, {'Tipo comedor sala comedor': 'true'}, {'Depósito 1': 'true'}, {'Tipo de estufa gas': 'true'}, {'Tipo de acabado piso laminado': 'true'}, {'Tipo de piso en alcobas laminado': 'true'}, {'Tipo de piso en comedor laminado': 'true'}, {'Tipo de piso en estudio laminado': 'true'}, {'Tipo de piso en sala laminado': 'true'}, {'Vista exterior': 'true'}, {'Cerca a gimnasio': 'true'}, {'Cerca a hospitales': 'true'}, {'Cerca a Jardines y Colegios': 'true'}, {'Cerca a restaurantes': 'true'}, {'Cerca a tiendas de barrio': 'true'}, {'Zona para niños': 'true'}, {'Zonas verdes': 'true'}, {'Circuito cerrado de TV': 'true'}, {'Parqueadero cubierto': 'true'}, {'Vista panorámica': 'true'}, {'Conjunto cerrado': 'true'}, {'Recepción Lobby': 'true'}, {'Terraza/Balcón ninguno': 'true'}, {'Tipo de parqueadero independiente': 'true'}, {'Vigilancia 24hrs': 'true'}, {'Cerca Centros Comerciales': 'true'}, {'Cerca Colegios / Universidades': 'true'}, {'Cerca Parques': 'true'}, {'Cerca Supermercados': 'true'}, {'Cerca Transporte Público': 'true'}, {'Sobre vía secundaria': 'true'}, {'Cerca Centros Comerciales': 'true'}, {'Cerca Colegios / Universidades': 'true'}, {'Cerca Parques': 'true'}, {'Cerca Supermercados': 'true'}, {'Cerca Transporte Público': 'true'}, {'Sobre vía secundaria': 'true'}]}",2026-09-11 19:04:13.698169+00:00
https://www.metrocuadrado.com/inmueble/arriendo-oficina-bogota-santa-ana-occidental-5-banos-3-garajes/5161-M6919765?src_url=%2Finmuebles%2Farriendo%2Fbogota,"{'title': 'Oficina En Arriendo, SANTA BARBARA', 'location': 'SANTA BARBARA, Bogotá D.C.', 'price': '$ 26.000.000', 'area': None, 'estrato': None, 'main_specs': '5 bañ. | 3 par.', 'characteristics': [{'Aire acondicionado': 'true'}, {'Con calefacción': 'true'}, {'Citófonos': 'true'}, {'Equipado / Amoblado': 'true'}, {'Puertas de seguridad': 'true'}, {'Control de ruido': 'true'}, {'Control térmico': 'true'}, {'Depósito Bodega': 'true'}, {'Detección de humo': 'true'}, {'Equipado': 'true'}, {'Escalera de Emergencia': 'true'}, {'Número de piso 28': 'true'}, {'Salón de conferencias': 'true'}, {'Se Permite Fumar': 'true'}, {'Tipo de oficina edificio': 'true'}, {'Vista exterior': 'true'}, {'Cerca a gimnasio': 'true'}, {'Cerca a hospitales': 'true'}, {'Acceso con tarjetas o dispositivos': 'true'}, {'Ascensor': 'true'}, {'Acceso para discapacitados': 'true'}, {'Circuito cerrado de TV': 'true'}, {'Parqueadero cubierto': 'true'}, {'Vista panorámica': 'true'}, {'Generador eléctrico': 'true'}, {'Jardines': 'true'}, {'Número de Ascensores 4': 'true'}, {'Recepción Lobby': 'true'}, {'Salón de juegos': 'true'}, {'Sistema contra incendio': 'true'}, {'Vigilancia 24hrs': 'true'}, {'Cerca Centros Comerciales': 'true'}, {'Cerca Colegios / Universidades': 'true'}, {'Cerca Parques': 'true'}, {'Cerca Supermercados': 'true'}, {'Cerca Transporte Público': 'true'}, {'Sobre vía principal': 'true'}, {'Sobre vía secundaria': 'true'}, {'Ubicación zona centros negocios': 'true'}, {'Cerca Centros Comerciales': 'true'}, {'Cerca Colegios / Universidades': 'true'}, {'Cerca Parques': 'true'}, {'Cerca Supermercados': 'true'}, {'Cerca Transporte Público': 'true'}, {'Sobre vía principal': 'true'}, {'Sobre vía secundaria': 'true'}, {'Ubicación zona centros negocios': 'true'}]}",2026-09-11 19:04:19.114872+00:00
https://www.metrocuadrado.com/inmueble/arriendo-apartamento-bogota-la-cabrera-2-habitaciones-3-banos-1-garajes/5545-M6579129?src_url=%2Finmuebles%2Farriendo%2Fbogota,"{'title': 'Apartamento En Arriendo, LA CABRERA', 'location': 'LA CABRERA, Bogotá D.C.', 'price': '$ 7.300.000', 'area': None, 'estrato': None, 'main_specs': '2 hab. | 3 bañ. | 1 par.', 'characteristics': [{'Apto para niños': 'true'}, {'Con chimenea': 'true'}, {'Citófonos': 'true'}, {'Comedor auxiliar': 'true'}, {'Tipo de Cortinas persianas': 'true'}, {'Equipado / Amoblado': 'true'}, {'Puertas de seguridad': 'true'}, {'Zona de lavanderia': 'true'}, {'Despensa': 'true'}, {'Horno': 'true'}, {'Tipo instalación de gas natural': 'true'}, {'Lavaplatos': 'true'}, {'Luz en la mañana': 'true'}, {'Luz en la tarde': 'true'}, {'Número de Closets 3': 'true'}, {'Número de piso 7': 'true'}, {'Se Permiten Mascotas': 'true'}, {'Shut de basura': 'true'}, {'Tipo de calentador gas': 'true'}, {'Tipo de Cocina en l': 'true'}, {'Tipo comedor sala comedor': 'true'}, {'Depósito 0': 'true'}, {'Tipo de estufa gas': 'true'}, {'Tipo de acabado piso madera': 'true'}, {'Tipo de piso en alcobas laminado': 'true'}, {'Tipo de piso en comedor madera': 'true'}, {'Tipo de piso en estudio laminado': 'true'}, {'Tipo de piso en sala madera': 'true'}, {'Vista exterior': 'true'}, {'Walking closet': 'true'}, {'Cerca a gimnasio': 'true'}, {'Cerca a restaurantes': 'true'}, {'Cerca a tiendas de barrio': 'true'}, {'Zona para niños': 'true'}, {'Zonas verdes': 'true'}, {'Ascensor': 'true'}, {'Bahias de parqueo': 'true'}, {'Circuito cerrado de TV': 'true'}, {'Parqueadero cubierto': 'true'}, {'Vista panorámica': 'true'}, {'Número de Ascensores 2': 'true'}, {'Terraza/Balcón ninguno': 'true'}, {'Tipo de parqueadero propio': 'true'}, {'Vigilancia 24hrs': 'true'}, {'Cerca Centros Comerciales': 'true'}, {'Cerca Parques': 'true'}, {'Cerca Supermercados': 'true'}, {'Cerca Transporte Público': 'true'}, {'Sobre vía secundaria': 'true'}, {'Cerca Centros Comerciales': 'true'}, {'Cerca Parques': 'true'}, {'Cerca Supermercados': 'true'}, {'Cerca Transporte Público': 'true'}, {'Sobre vía secundaria': 'true'}]}",2026-09-11 19:04:24.626335+00:00
https://www.metrocuadrado.com/inmueble/arriendo-casa-bogota-ub-bosques-5-habitaciones-5-banos-4-garajes/20885-M6577151?src_url=%2Finmuebles%2Farriendo%2Fbogota,"{'title': 'Casa En Arriendo, ALTOS DE BELLA SUIZA', 'location': 'ALTOS DE BELLA SUIZA, Bogotá D.C.', 'price': '$ 15.000.000', 'area': None, 'estrato': None, 'main_specs': '5 hab. | 5 bañ. | 4 par.', 'characteristics': [{'Con chimenea': 'true'}, {'Comedor auxiliar': 'true'}, {'Cuarto de servicio': 'true'}, {'Estudio o biblioteca': 'true'}, {'Hall de Alcobas': 'true'}, {'Zona de lavanderia': 'true'}, {'Despensa': 'true'}, {'Tipo instalación de gas natural': 'true'}, {'Lavaplatos': 'true'}, {'Luz en la mañana': 'true'}, {'Luz en la tarde': 'true'}, {'Número de Closets 4': 'true'}, {'Se Permiten Mascotas': 'true'}, {'Tipo de calentador gas': 'true'}, {'Tipo de Casa tradicional': 'true'}, {'Tipo de Cocina paralela': 'true'}, {'Tipo comedor sala comedor': 'true'}, {'Tipo de estufa gas': 'true'}, {'Tipo de acabado piso baldosa': 'true'}, {'Tipo de piso en alcobas laminado': 'true'}, {'Tipo de piso en comedor laminado': 'true'}, {'Tipo de piso en estudio laminado': 'true'}, {'Tipo de piso en sala laminado': 'true'}, {'Vista exterior': 'true'}, {'Jardín interior': 'true'}, {'Sendero peatonal': 'true'}, {'Zona de BBQ': 'true'}, {'Zonas verdes': 'true'}, {'&Aacute;rea del lote 859': 'true'}, {'Circuito cerrado de TV': 'true'}, {'Parqueadero cubierto': 'true'}, {'Jardín': 'true'}, {'Vista panorámica': 'true'}, {'Conjunto cerrado': 'true'}, {'Esquinero': 'true'}, {'Número de niveles 2': 'true'}, {'Tipo de parqueadero propio': 'true'}, {'Cerca Colegios / Universidades': 'true'}, {'Cerca Transporte Público': 'true'}, {'Sobre vía secundaria': 'true'}, {'Cerca Colegios / Universidades': 'true'}, {'Cerca Transporte Público': 'true'}, {'Sobre vía secundaria': 'true'}]}",2026-09-11 19:04:30.074357+00:00
https://www.metrocuadrado.com/inmueble/arriendo-oficina-bogota-cerro-san-cristobal-alto-4-banos-4-garajes/412-M6019949?src_url=%2Finmuebles%2Farriendo%2Fbogota,"{'title': 'Oficina En Arriendo, Milan (Barrancas)', 'location': 'Milan (Barrancas), Bogotá D.C.', 'price': '$ 13.132.000', 'area': None, 'estrato': None, 'main_specs': '4 bañ. | 4 par.', 'characteristics': [{'Aire acondicionado': 'true'}, {'Citófonos': 'true'}, {'Puertas de seguridad': 'true'}, {'Control de ruido': 'true'}, {'Control térmico': 'true'}, {'Depósito Bodega': 'true'}, {'Detección de humo': 'true'}, {'Equipado': 'true'}, {'Escalera de Emergencia': 'true'}, {'Número de piso 23': 'true'}, {'Salón de conferencias': 'true'}, {'Tipo de oficina edificio': 'true'}, {'Tipo de acabado piso laminado': 'true'}, {'Vista exterior': 'true'}, {'Cerca a gimnasio': 'true'}, {'Cerca a hospitales': 'true'}, {'Cerca a parque industrial': 'true'}, {'Acceso con tarjetas o dispositivos': 'true'}, {'Ascensor': 'true'}, {'Acceso para discapacitados': 'true'}, {'Circuito cerrado de TV': 'true'}, {'Parqueadero cubierto': 'true'}, {'Vista panorámica': 'true'}, {'Generador eléctrico': 'true'}, {'Jardines': 'true'}, {'Número de Ascensores 4': 'true'}, {'Recepción Lobby': 'true'}, {'Salón de juegos': 'true'}, {'Sistema contra incendio': 'true'}, {'Vigilancia 24hrs': 'true'}, {'Cerca Centros Comerciales': 'true'}, {'Cerca Colegios / Universidades': 'true'}, {'Cerca Parques': 'true'}, {'Cerca Supermercados': 'true'}, {'Cerca Transporte Público': 'true'}, {'Sobre vía principal': 'true'}, {'Sobre vía secundaria': 'true'}, {'Ubicación zona centros negocios': 'true'}, {'Cerca Centros Comerciales': 'true'}, {'Cerca Colegios / Universidades': 'true'}, {'Cerca Parques': 'true'}, {'Cerca Supermercados': 'true'}, {'Cerca Transporte Público': 'true'}, {'Sobre vía principal': 'true'}, {'Sobre vía secundaria': 'true'}, {'Ubicación zona centros negocios': 'true'}]}",2026-09-11 19:04:34.894477+00:00
https://www.metrocuadrado.com/inmueble/arriendo-apartaestudio-bogota-chico-norte-et-ii-1-habitaciones-1-banos/22377-M6628937?src_url=%2Finmuebles%2Farriendo%2Fbogota,"{'title': 'Apartaestudio En Arriendo, CHICO NORTE', 'location': 'CHICO NORTE, Bogotá D.C.', 'price': '$ 3.000.000', 'area': None, 'estrato': None, 'main_specs': '1 hab. | 1 bañ.', 'characteristics': [{'Alarma': 'true'}, {'Tipo de Cortinas pesadas': 'true'}, {'Jacuzzi': 'true'}, {'Equipado / Amoblado': 'true'}, {'Puertas de seguridad': 'true'}, {'Zona de lavanderia': 'true'}, {'Control de ruido': 'true'}, {'Despensa': 'true'}, {'Detección de humo': 'true'}, {'Extractor': 'true'}, {'Horno': 'true'}, {'Tipo instalación de gas ninguno': 'true'}, {'Lavaplatos': 'true'}, {'Luz en la mañana': 'true'}, {'Luz en la tarde': 'true'}, {'Monoambiente': 'true'}, {'Número de Closets 3': 'true'}, {'Número de piso 4': 'true'}, {'Puerta eléctrica': 'true'}, {'Shut de basura': 'true'}, {'Tipo de calentador caldera': 'true'}, {'Tipo de Cocina lineal': 'true'}, {'Tipo comedor sala comedor': 'true'}, {'Depósito 0': 'true'}, {'Tipo de estufa electrica': 'true'}, {'Tipo de acabado piso madera': 'true'}, {'Tipo de piso en alcobas madera': 'true'}, {'Tipo de piso en comedor madera': 'true'}, {'Tipo de piso en estudio madera': 'true'}, {'Tipo de piso en sala madera': 'true'}, {'Vista interior': 'true'}, {'Cerca a gimnasio': 'true'}, {'Cerca a hospitales': 'true'}, {'Cerca a restaurantes': 'true'}, {'Cerca a tiendas de barrio': 'true'}, {'Gimnasio': 'true'}, {'Salón comunal': 'true'}, {'Sauna y/o turco': 'true'}, {'Zona de BBQ': 'true'}, {'Zonas verdes': 'true'}, {'Acceso con tarjetas o dispositivos': 'true'}, {'Área Terraza/Balcón 2': 'true'}, {'Ascensor': 'true'}, {'Número de Ascensores 3': 'true'}, {'Recepción Lobby': 'true'}, {'Roof garden': 'true'}, {'Senderos ecológicos': 'true'}, {'Terraza/Balcón balcón': 'true'}, {'Terraza Rooftop': 'true'}, {'Vigilancia 24hrs': 'true'}, {'Cerca Centros Comerciales': 'true'}, {'Cerca Parques': 'true'}, {'Cerca Supermercados': 'true'}, {'Cerca Transporte Público': 'true'}, {'Sobre vía secundaria': 'true'}, {'Cerca Centros Comerciales': 'true'}, {'Cerca Parques': 'true'}, {'Cerca Supermercados': 'true'}, {'Cerca Transporte Público': 'true'}, {'Sobre vía secundaria': 'true'}]}",2026-09-11 19:04:40.389651+00:00
https://www.metrocuadrado.com/inmueble/arriendo-apartamento-bogota-los-rosales-3-habitaciones-4-banos-4-garajes/5586-M4651870?src_url=%2Finmuebles%2Farriendo%2Fbogota,"{'title': 'Apartamento En Arriendo, ROSALES', 'location': 'ROSALES, Bogotá D.C.', 'price': '$ 14.500.000', 'area': None, 'estrato': None, 'main_specs': '3 hab. | 4 bañ. | 4 par.', 'characteristics': [{'Apto para niños': 'true'}, {'Alarma': 'true'}, {'Con calefacción': 'true'}, {'Con chimenea': 'true'}, {'Citófonos': 'true'}, {'Comedor auxiliar': 'true'}, {'Tipo de Cortinas persianas': 'true'}, {'Cuarto de servicio': 'true'}, {'Estudio o biblioteca': 'true'}, {'Hall de Alcobas': 'true'}, {'Jacuzzi': 'true'}, {'Puertas de seguridad': 'true'}, {'Zona de lavanderia': 'true'}, {'Control de ruido': 'true'}, {'Despensa': 'true'}, {'Tipo instalación de gas natural': 'true'}, {'Luz en la mañana': 'true'}, {'Luz en la tarde': 'true'}, {'Número de Closets 4': 'true'}, {'Número de piso 5': 'true'}, {'Tipo de calentador caldera': 'true'}, {'Tipo de Cocina isla': 'true'}, {'Tipo comedor comedor independiente': 'true'}, {'Depósito 1': 'true'}, {'Tipo de estufa gas': 'true'}, {'Tipo de acabado piso madera': 'true'}, {'Tipo de piso en alcobas madera': 'true'}, {'Tipo de piso en comedor madera': 'true'}, {'Tipo de piso en estudio madera': 'true'}, {'Tipo de piso en sala madera': 'true'}, {'Vista exterior': 'true'}, {'Walking closet': 'true'}, {'Cerca a gimnasio': 'true'}, {'Cerca a restaurantes': 'true'}, {'Cancha(s) de squash': 'true'}, {'Gimnasio': 'true'}, {'Salón comunal': 'true'}, {'Sauna y/o turco': 'true'}, {'Zona de BBQ': 'true'}, {'Zona para niños': 'true'}, {'Zonas verdes': 'true'}, {'Área Terraza/Balcón 10': 'true'}, {'Ascensor': 'true'}, {'Bahias de parqueo': 'true'}, {'Acceso para discapacitados': 'true'}, {'Circuito cerrado de TV': 'true'}, {'Cuarto de escoltas': 'true'}, {'Parqueadero cubierto': 'true'}, {'Vista panorámica': 'true'}, {'Conjunto cerrado': 'true'}, {'Número de Ascensores 2': 'true'}, {'Terraza/Balcón terraza': 'true'}, {'Tipo de parqueadero propio': 'true'}, {'Vigilancia 24hrs': 'true'}, {'Cerca Centros Comerciales': 'true'}, {'Cerca Parques': 'true'}, {'Cerca Supermercados': 'true'}, {'Cerca Transporte Público': 'true'}, {'Cerca Centros Comerciales': 'true'}, {'Cerca Parques': 'true'}, {'Cerca Supermercados': 'true'}, {'Cerca Transporte Público': 'true'}]}",2026-09-11 19:04:45.781121+00:00
https://www.metrocuadrado.com/inmueble/arriendo-apartamento-bogota-el-retiro-3-habitaciones-4-banos-3-garajes/20074-M6928099?src_url=%2Finmuebles%2Farriendo%2Fbogota,"{'title': 'Apartamento En Arriendo, CABRERA', 'location': 'CABRERA, Bogotá D.C.', 'price': '$ 20.000.000', 'area': None, 'estrato': None, 'main_specs': '3 hab. | 4 bañ. | 3 par.', 'characteristics': [{'Citófonos': 'true'}, {'Estudio o biblioteca': 'true'}, {'Hall de Alcobas': 'true'}, {'Jacuzzi': 'true'}, {'Equipado / Amoblado': 'true'}, {'Puertas de seguridad': 'true'}, {'Zona de lavanderia': 'true'}, {'Lavaplatos': 'true'}, {'Número de piso 7': 'true'}, {'Shut de basura': 'true'}, {'Tipo de Cocina paralela': 'true'}, {'Tipo comedor sala comedor': 'true'}, {'Depósito 1': 'true'}, {'Tipo de acabado piso madera': 'true'}, {'Tipo de piso en alcobas madera': 'true'}, {'Tipo de piso en comedor madera': 'true'}, {'Tipo de piso en estudio madera': 'true'}, {'Tipo de piso en sala madera': 'true'}, {'Vista exterior': 'true'}, {'Walking closet': 'true'}, {'Cerca a gimnasio': 'true'}, {'Cerca a restaurantes': 'true'}, {'Cancha(s) de Tennis': 'true'}, {'Gimnasio': 'true'}, {'Salón comunal': 'true'}, {'Zonas verdes': 'true'}, {'Área Terraza/Balcón 320': 'true'}, {'Ascensor': 'true'}, {'Parqueadero cubierto': 'true'}, {'Vista panorámica': 'true'}, {'Conjunto cerrado': 'true'}, {'Número de Ascensores 1': 'true'}, {'Recepción Lobby': 'true'}, {'Terraza/Balcón balcón': 'true'}, {'Tipo de parqueadero independiente': 'true'}, {'Vigilancia 24hrs': 'true'}, {'Sobre vía principal': 'true'}, {'Sobre vía principal': 'true'}]}",2026-09-11 19:04:50.671706+00:00
https://www.metrocuadrado.com/inmueble/arriendo-apartamento-bogota-lago-gaitan-2-habitaciones-2-banos-1-garajes/23602-M6922438?src_url=%2Finmuebles%2Farriendo%2Fbogota,"{'title': 'Apartamento En Arriendo, LAGO GAITAN', 'location': 'LAGO GAITAN, Bogotá D.C.', 'price': '$ 7.900.000', 'area': None, 'estrato': None, 'main_specs': '2 hab. | 2 bañ. | 1 par.', 'characteristics': [{'Apto para niños': 'true'}, {'Con chimenea': 'true'}, {'Citófonos': 'true'}, {'Tipo de Cortinas persianas': 'true'}, {'Hall de Alcobas': 'true'}, {'Equipado / Amoblado': 'true'}, {'Zona de lavanderia': 'true'}, {'Control de ruido': 'true'}, {'Detección de humo': 'true'}, {'Dúplex': 'true'}, {'Extractor': 'true'}, {'Horno': 'true'}, {'Tipo instalación de gas natural': 'true'}, {'Luz en la mañana': 'true'}, {'Luz en la tarde': 'true'}, {'Número de Closets 2': 'true'}, {'Número de piso 2': 'true'}, {'Tipo de calentador gas': 'true'}, {'Tipo de Cocina isla': 'true'}, {'Tipo comedor comedor independiente': 'true'}, {'Depósito 1': 'true'}, {'Tipo de estufa gas': 'true'}, {'Tipo de acabado piso otro': 'true'}, {'Tipo de piso en alcobas laminado': 'true'}, {'Tipo de piso en comedor otro': 'true'}, {'Tipo de piso en sala otro': 'true'}, {'Vista interior': 'true'}, {'Walking closet': 'true'}, {'Cerca a gimnasio': 'true'}, {'Cerca a hospitales': 'true'}, {'Cerca a Jardines y Colegios': 'true'}, {'Cerca a restaurantes': 'true'}, {'Cerca a tiendas de barrio': 'true'}, {'Área Terraza/Balcón 10': 'true'}, {'Ascensor': 'true'}, {'Parqueadero cubierto': 'true'}, {'Número de Ascensores 1': 'true'}, {'Terraza/Balcón terraza': 'true'}, {'Tipo de parqueadero servidumbre': 'true'}, {'Vigilancia 0': 'true'}, {'Cerca Centros Comerciales': 'true'}, {'Cerca Colegios / Universidades': 'true'}, {'Cerca Supermercados': 'true'}, {'Cerca Transporte Público': 'true'}, {'Sobre vía secundaria': 'true'}, {'Cerca Centros Comerciales': 'true'}, {'Cerca Colegios / Universidades': 'true'}, {'Cerca Supermercados': 'true'}, {'Cerca Transporte Público': 'true'}, {'Sobre vía secundaria': 'true'}]}",2026-09-11 19:04:56.093868+00:00
https://www.metrocuadrado.com/inmueble/arriendo-apartamento-bogota-la-soledad-3-habitaciones-4-banos-2-garajes/23049-M6939114?src_url=%2Finmuebles%2Farriendo%2Fbogota,"{'title': 'Apartamento En Arriendo, LA SOLEDAD', 'location': 'LA SOLEDAD, Bogotá D.C.', 'price': '$ 11.500.000', 'area': None, 'estrato': None, 'main_specs': '3 hab. | 4 bañ. | 2 par.', 'characteristics': [{'Apto para niños': 'true'}, {'Citófonos': 'true'}, {'Comedor auxiliar': 'true'}, {'Cuarto de servicio': 'true'}, {'Estudio o biblioteca': 'true'}, {'Hall de Alcobas': 'true'}, {'Puertas de seguridad': 'true'}, {'Zona de lavanderia': 'true'}, {'Dúplex': 'true'}, {'Extractor': 'true'}, {'Horno': 'true'}, {'Tipo instalación de gas natural': 'true'}, {'Lavaplatos': 'true'}, {'Luz en la mañana': 'true'}, {'Luz en la tarde': 'true'}, {'Número de piso 7': 'true'}, {'PentHouse': 'true'}, {'Shut de basura': 'true'}, {'Tipo de calentador gas': 'true'}, {'Tipo de Cocina en u': 'true'}, {'Tipo comedor comedor independiente': 'true'}, {'Depósito 1': 'true'}, {'Tipo de estufa gas': 'true'}, {'Vista exterior': 'true'}, {'Cerca a gimnasio': 'true'}, {'Cerca a Jardines y Colegios': 'true'}, {'Cerca a restaurantes': 'true'}, {'Cerca a tiendas de barrio': 'true'}, {'Área Terraza/Balcón 20': 'true'}, {'Ascensor': 'true'}, {'Circuito cerrado de TV': 'true'}, {'Parqueadero cubierto': 'true'}, {'Vista panorámica': 'true'}, {'Número de Ascensores 1': 'true'}, {'Terraza/Balcón terraza': 'true'}, {'Tipo de parqueadero propio': 'true'}, {'Vigilancia 24hrs': 'true'}, {'Cerca Colegios / Universidades': 'true'}, {'Cerca Parques': 'true'}, {'Cerca Supermercados': 'true'}, {'Cerca Transporte Público': 'true'}, {'Sobre vía principal': 'true'}, {'Cerca Colegios / Universidades': 'true'}, {'Cerca Parques': 'true'}, {'Cerca Supermercados': 'true'}, {'Cerca Transporte Público': 'true'}, {'Sobre vía principal': 'true'}]}",2026-09-11 19:05:01.477025+00:00
https://www.metrocuadrado.com/inmueble/arriendo-apartaestudio-bogota-santa-cecilia-1-habitaciones-1-banos/3437-M6949349?src_url=%2Finmuebles%2Farriendo%2Fbogota,"{'title': 'Apartaestudio En Arriendo, MODELIA', 'location': 'MODELIA, Bogotá D.C.', 'price': '$ 1.575.000', 'area': None, 'estrato': None, 'main_specs': '1 hab. | 1 bañ.', 'characteristics': [{'Puertas de seguridad': 'true'}, {'Zona de lavanderia': 'true'}, {'Despensa': 'true'}, {'Detección de humo': 'true'}, {'En interior y/o bloque': 'true'}, {'Extractor': 'true'}, {'Horno': 'true'}, {'Luz en la mañana': 'true'}, {'Luz en la tarde': 'true'}, {'Número de Closets 2': 'true'}, {'Número de piso 10': 'true'}, {'Shut de basura': 'true'}, {'Tipo de calentador electrico': 'true'}, {'Tipo de Cocina abierta': 'true'}, {'Tipo comedor sala comedor': 'true'}, {'Depósito 0': 'true'}, {'Tipo de estufa electrica': 'true'}, {'Tipo de acabado piso madera': 'true'}, {'Vista exterior': 'true'}, {'Cerca a hospitales': 'true'}, {'Cerca a restaurantes': 'true'}, {'Cancha(s) de squash': 'true'}, {'Gimnasio': 'true'}, {'Salón comunal': 'true'}, {'Zona de BBQ': 'true'}, {'Zonas verdes': 'true'}, {'Ascensor': 'true'}, {'Acceso para discapacitados': 'true'}, {'Circuito cerrado de TV': 'true'}, {'Vista panorámica': 'true'}, {'Conjunto cerrado': 'true'}, {'Número de Ascensores 3': 'true'}, {'Recepción Lobby': 'true'}, {'Vigilancia 24hrs': 'true'}, {'Cerca Centros Comerciales': 'true'}, {'Cerca Parques': 'true'}, {'Cerca Supermercados': 'true'}, {'Cerca Transporte Público': 'true'}, {'Sobre vía principal': 'true'}, {'Cerca Centros Comerciales': 'true'}, {'Cerca Parques': 'true'}, {'Cerca Supermercados': 'true'}, {'Cerca Transporte Público': 'true'}, {'Sobre vía principal': 'true'}]}",2026-09-11 19:05:06.459093+00:00
https://www.metrocuadrado.com/inmueble/arriendo-apartaestudio-bogota-el-espartillal-1-habitaciones-1-banos/23225-M6859720?src_url=%2Finmuebles%2Farriendo%2Fbogota,"{'title': 'Apartaestudio En Arriendo, NOGAL', 'location': 'NOGAL, Bogotá D.C.', 'price': '$ 2.597.000', 'area': None, 'estrato': None, 'main_specs': '1 hab. | 1 bañ.', 'characteristics': [{'Tipo de Cortinas persianas': 'true'}, {'Puertas de seguridad': 'true'}, {'Zona de lavanderia': 'true'}, {'Despensa': 'true'}, {'Detección de humo': 'true'}, {'Extractor': 'true'}, {'Horno': 'true'}, {'Tipo instalación de gas natural': 'true'}, {'Lavaplatos': 'true'}, {'Luz en la mañana': 'true'}, {'Monoambiente': 'true'}, {'Número de Closets 1': 'true'}, {'Número de piso 3': 'true'}, {'Puerta eléctrica': 'true'}, {'Se Permiten Mascotas': 'true'}, {'Tipo de calentador caldera': 'true'}, {'Tipo de Cocina abierta': 'true'}, {'Tipo comedor sala comedor': 'true'}, {'Depósito 0': 'true'}, {'Tipo de estufa gas': 'true'}, {'Tipo de acabado piso laminado': 'true'}, {'Tipo de piso en alcobas laminado': 'true'}, {'Tipo de piso en comedor laminado': 'true'}, {'Tipo de piso en estudio laminado': 'true'}, {'Tipo de piso en sala laminado': 'true'}, {'Vista exterior': 'true'}, {'Cerca a gimnasio': 'true'}, {'Cerca a hospitales': 'true'}, {'Cerca a Jardines y Colegios': 'true'}, {'Cerca a restaurantes': 'true'}, {'Cerca a tiendas de barrio': 'true'}, {'Gimnasio': 'true'}, {'Zona de BBQ': 'true'}, {'Acceso con tarjetas o dispositivos': 'true'}, {'Ascensor': 'true'}, {'Acceso para discapacitados': 'true'}, {'Vista panorámica': 'true'}, {'Conjunto cerrado': 'true'}, {'Número de Ascensores 3': 'true'}, {'Recepción Lobby': 'true'}, {'Terraza/Balcón ninguno': 'true'}, {'Terraza Rooftop': 'true'}, {'Vigilancia 24hrs': 'true'}, {'Cerca Centros Comerciales': 'true'}, {'Cerca Colegios / Universidades': 'true'}, {'Cerca Supermercados': 'true'}, {'Cerca Transporte Público': 'true'}, {'Sobre vía principal': 'true'}, {'Sobre vía secundaria': 'true'}, {'Cerca Centros Comerciales': 'true'}, {'Cerca Colegios / Universidades': 'true'}, {'Cerca Supermercados': 'true'}, {'Cerca Transporte Público': 'true'}, {'Sobre vía principal': 'true'}, {'Sobre vía secundaria': 'true'}]}",2026-09-11 19:05:11.946901+00:00
https://www.metrocuadrado.com/inmueble/arriendo-apartamento-bogota-centro-internacional-de-bogota-1-habitaciones-1-banos/22208-M6857431?src_url=%2Finmuebles%2Farriendo%2Fbogota,"{'title': 'Apartamento En Arriendo, Centro Internacional De Bogota', 'location': 'Centro Internacional De Bogota, Bogotá D.C.', 'price': '$ 2.100.000', 'area': None, 'estrato': None, 'main_specs': '1 hab. | 1 bañ.', 'characteristics': [{'Con calefacción': 'true'}, {'Citófonos': 'true'}, {'Cocina integral': 'true'}, {'Depósito o cuarto útil': 'true'}, {'Estudio o biblioteca': 'true'}, {'Zona de lavanderia': 'true'}, {'Control de ruido': 'true'}, {'Control térmico': 'true'}, {'Despensa': 'true'}, {'Detección de humo': 'true'}, {'Extractor': 'true'}, {'Lavaplatos': 'true'}, {'Luz en la mañana': 'true'}, {'Luz en la tarde': 'true'}, {'Monoambiente': 'true'}, {'Número de piso 19': 'true'}, {'Puerta eléctrica': 'true'}, {'Shut de basura': 'true'}, {'Depósito 1': 'true'}, {'Walking closet': 'true'}, {'Cerca a hospitales': 'true'}, {'Cerca a Jardines y Colegios': 'true'}, {'Cerca a restaurantes': 'true'}, {'Cerca a tiendas de barrio': 'true'}, {'Gimnasio': 'true'}, {'Salón comunal': 'true'}, {'Sauna y/o turco': 'true'}, {'Zona de BBQ': 'true'}, {'Zona para niños': 'true'}, {'Zonas verdes': 'true'}, {'Acceso con tarjetas o dispositivos': 'true'}, {'Ascensor': 'true'}, {'Bahias de parqueo': 'true'}, {'Circuito cerrado de TV': 'true'}, {'Parqueadero visitantes': 'true'}, {'Piscina': 'true'}, {'Con Terraza': 'true'}, {'Vigilancia': 'true'}, {'Vista panorámica': 'true'}, {'Conjunto cerrado': 'true'}, {'Parqueadero inteligente': 'true'}, {'Recepción Lobby': 'true'}, {'Terraza Rooftop': 'true'}, {'Vivienda Bifamiliar': 'true'}, {'Cerca Colegios / Universidades': 'true'}, {'Cerca Parques': 'true'}, {'Cerca Transporte Público': 'true'}, {'Sobre vía principal': 'true'}, {'Ubicación zona centros negocios': 'true'}, {'Área Urbana': 'true'}, {'Cerca Colegios / Universidades': 'true'}, {'Cerca Parques': 'true'}, {'Cerca Transporte Público': 'true'}, {'Sobre vía principal': 'true'}, {'Ubicación zona centros negocios': 'true'}, {'Área Urbana': 'true'}]}",2026-09-11 19:05:17.254624+00:00
https://www.metrocuadrado.com/inmueble/arriendo-apartamento-bogota-el-seminario-3-habitaciones-4-banos-4-garajes/5545-M2903557?src_url=%2Finmuebles%2Farriendo%2Fbogota,"{'title': 'Apartamento En Arriendo, CHICO MUSEO', 'location': 'CHICO MUSEO, Bogotá D.C.', 'price': '$ 19.500.000', 'area': None, 'estrato': None, 'main_specs': '3 hab. | 4 bañ. | 4 par.', 'characteristics': [{'Apto para niños': 'true'}, {'Con calefacción': 'true'}, {'Con chimenea': 'true'}, {'Citófonos': 'true'}, {'Comedor auxiliar': 'true'}, {'Tipo de Cortinas persianas': 'true'}, {'Cuarto de servicio': 'true'}, {'Estudio o biblioteca': 'true'}, {'Puertas de seguridad': 'true'}, {'Zona de lavanderia': 'true'}, {'Tipo instalación de gas natural': 'true'}, {'Número de Closets 4': 'true'}, {'Número de piso 9': 'true'}, {'Se Permiten Mascotas': 'true'}, {'Tipo de calentador caldera': 'true'}, {'Tipo de Cocina en l': 'true'}, {'Tipo comedor sala comedor': 'true'}, {'Depósito 1': 'true'}, {'Tipo de estufa gas': 'true'}, {'Tipo de acabado piso madera': 'true'}, {'Tipo de piso en alcobas madera': 'true'}, {'Tipo de piso en comedor madera': 'true'}, {'Tipo de piso en estudio madera': 'true'}, {'Tipo de piso en sala madera': 'true'}, {'Vista exterior': 'true'}, {'Cancha(s) de squash': 'true'}, {'Gimnasio': 'true'}, {'Salón comunal': 'true'}, {'Sauna y/o turco': 'true'}, {'Zona de BBQ': 'true'}, {'Zona para niños': 'true'}, {'Zonas verdes': 'true'}, {'Área Terraza/Balcón 8': 'true'}, {'Ascensor': 'true'}, {'Acceso para discapacitados': 'true'}, {'Circuito cerrado de TV': 'true'}, {'Cuarto de escoltas': 'true'}, {'Parqueadero cubierto': 'true'}, {'Piscina': 'true'}, {'Vista panorámica': 'true'}, {'Conjunto cerrado': 'true'}, {'Número de Ascensores 2': 'true'}, {'Terraza/Balcón balcón': 'true'}, {'Tipo de parqueadero independiente': 'true'}, {'Vigilancia 24hrs': 'true'}, {'Cerca Centros Comerciales': 'true'}, {'Cerca Parques': 'true'}, {'Cerca Supermercados': 'true'}, {'Cerca Transporte Público': 'true'}, {'Sobre vía secundaria': 'true'}, {'Cerca Centros Comerciales': 'true'}, {'Cerca Parques': 'true'}, {'Cerca Supermercados': 'true'}, {'Cerca Transporte Público': 'true'}, {'Sobre vía secundaria': 'true'}]}",2026-09-11 19:05:22.698575+00:00
https://www.metrocuadrado.com/inmueble/arriendo-apartamento-bogota-bosque-medina-3-habitaciones-3-banos-2-garajes/16577-M6942489?src_url=%2Finmuebles%2Farriendo%2Fbogota,"{'title': 'Apartamento En Arriendo, Bosque Medina', 'location': 'Bosque Medina, Bogotá D.C.', 'price': '$ 10.611.000', 'area': None, 'estrato': None, 'main_specs': '3 hab. | 3 bañ. | 2 par.', 'characteristics': [{'Baño Auxiliar': 'true'}, {'Baño de Servicio': 'true'}, {'Con calefacción': 'true'}, {'Con chimenea': 'true'}, {'Citófonos': 'true'}, {'Cocina integral': 'true'}, {'Comedor auxiliar': 'true'}, {'Cuarto de servicio': 'true'}, {'Estudio o biblioteca': 'true'}, {'Hall de Alcobas': 'true'}, {'Zona de lavanderia': 'true'}, {'Despensa': 'true'}, {'Extractor': 'true'}, {'Horno': 'true'}, {'Lavaplatos': 'true'}, {'Luz en la mañana': 'true'}, {'Monoambiente': 'true'}, {'Número de piso 5': 'true'}, {'Shut de basura': 'true'}, {'Depósito 1': 'true'}, {'Walking closet': 'true'}, {'Cerca a Jardines y Colegios': 'true'}, {'Salón comunal': 'true'}, {'Zona para niños': 'true'}, {'Zonas verdes': 'true'}, {'Ascensor': 'true'}, {'Bahias de parqueo': 'true'}, {'Circuito cerrado de TV': 'true'}, {'Parqueadero visitantes': 'true'}, {'Vigilancia': 'true'}, {'Conjunto cerrado': 'true'}, {'Recepción Lobby': 'true'}, {'Cerca Colegios / Universidades': 'true'}, {'Cerca Parques': 'true'}, {'Cerca Transporte Público': 'true'}, {'Área Urbana': 'true'}, {'Cerca Colegios / Universidades': 'true'}, {'Cerca Parques': 'true'}, {'Cerca Transporte Público': 'true'}, {'Área Urbana': 'true'}]}",2026-09-11 19:05:27.612432+00:00
https://www.metrocuadrado.com/inmueble/arriendo-oficina-bogota-samper-mendoza-5-banos-4-garajes/848-M4896577?src_url=%2Finmuebles%2Farriendo%2Fbogota,"{'title': 'Oficina En Arriendo, COLSEGUROS', 'location': 'COLSEGUROS, Bogotá D.C.', 'price': '$ 279.210.294', 'area': None, 'estrato': None, 'main_specs': '5 bañ. | 4 par.', 'characteristics': [{'Citófonos': 'true'}, {'Puertas de seguridad': 'true'}, {'Control de ruido': 'true'}, {'Control térmico': 'true'}, {'Detección de humo': 'true'}, {'Escalera de Emergencia': 'true'}, {'Número de piso 7': 'true'}, {'Salón de conferencias': 'true'}, {'Se Permite Fumar': 'true'}, {'Tipo de oficina edificio': 'true'}, {'Tipo de acabado piso alfombra': 'true'}, {'Vista exterior': 'true'}, {'Cerca a gimnasio': 'true'}, {'Cerca a hospitales': 'true'}, {'Cerca a parque industrial': 'true'}, {'Acceso con tarjetas o dispositivos': 'true'}, {'Ascensor': 'true'}, {'Acceso para discapacitados': 'true'}, {'Circuito cerrado de TV': 'true'}, {'Parqueadero cubierto': 'true'}, {'Vista panorámica': 'true'}, {'Número de Ascensores 3': 'true'}, {'Recepción Lobby': 'true'}, {'Salón de juegos': 'true'}, {'Sistema contra incendio': 'true'}, {'Vigilancia 24hrs': 'true'}, {'Cerca Centros Comerciales': 'true'}, {'Cerca Parques': 'true'}, {'Cerca Supermercados': 'true'}, {'Cerca Transporte Público': 'true'}, {'Sobre vía principal': 'true'}, {'Sobre vía secundaria': 'true'}, {'Ubicación zona centros negocios': 'true'}, {'Cerca Centros Comerciales': 'true'}, {'Cerca Parques': 'true'}, {'Cerca Supermercados': 'true'}, {'Cerca Transporte Público': 'true'}, {'Sobre vía principal': 'true'}, {'Sobre vía secundaria': 'true'}, {'Ubicación zona centros negocios': 'true'}]}",2026-09-11 19:05:32.514197+00:00
https://www.metrocuadrado.com/inmueble/arriendo-oficina-bogota-samper-1-banos-1-garajes/848-M6859068?src_url=%2Finmuebles%2Farriendo%2Fbogota,"{'title': 'Oficina En Arriendo, CENTRO INTERNACIONAL BAVARIA', 'location': 'CENTRO INTERNACIONAL BAVARIA, Bogotá D.C.', 'price': '$ 2.800.000', 'area': None, 'estrato': None, 'main_specs': '1 bañ. | 1 par.', 'characteristics': [{'Citófonos': 'true'}, {'Puertas de seguridad': 'true'}, {'Control de ruido': 'true'}, {'Control térmico': 'true'}, {'Detección de humo': 'true'}, {'Escalera de Emergencia': 'true'}, {'Número de piso 2': 'true'}, {'Salón de conferencias': 'true'}, {'Se Permite Fumar': 'true'}, {'Tipo de oficina edificio': 'true'}, {'Tipo de acabado piso porcelanato': 'true'}, {'Vista exterior': 'true'}, {'Cerca a gimnasio': 'true'}, {'Cerca a parque industrial': 'true'}, {'Acceso con tarjetas o dispositivos': 'true'}, {'Ascensor': 'true'}, {'Acceso para discapacitados': 'true'}, {'Circuito cerrado de TV': 'true'}, {'Parqueadero cubierto': 'true'}, {'Vista panorámica': 'true'}, {'Número de Ascensores 2': 'true'}, {'Recepción Lobby': 'true'}, {'Salón de juegos': 'true'}, {'Sistema contra incendio': 'true'}, {'Vigilancia 24hrs': 'true'}, {'Cerca Centros Comerciales': 'true'}, {'Cerca Colegios / Universidades': 'true'}, {'Cerca Parques': 'true'}, {'Cerca Supermercados': 'true'}, {'Cerca Transporte Público': 'true'}, {'Sobre vía principal': 'true'}, {'Sobre vía secundaria': 'true'}, {'Cerca Centros Comerciales': 'true'}, {'Cerca Colegios / Universidades': 'true'}, {'Cerca Parques': 'true'}, {'Cerca Supermercados': 'true'}, {'Cerca Transporte Público': 'true'}, {'Sobre vía principal': 'true'}, {'Sobre vía secundaria': 'true'}]}",2026-09-11 19:05:37.930152+00:00
https://www.metrocuadrado.com/inmueble/arriendo-apartamento-bogota-refugio-3-habitaciones-4-banos-3-garajes/18942-M6652530?src_url=%2Finmuebles%2Farriendo%2Fbogota,"{'title': 'Apartamento En Arriendo, Refugio', 'location': 'Refugio, Bogotá D.C.', 'price': '$ 18.000.000', 'area': None, 'estrato': None, 'main_specs': '3 hab. | 4 bañ. | 3 par.', 'characteristics': [{'Baño Auxiliar': 'true'}, {'Baño de Servicio': 'true'}, {'Con calefacción': 'true'}, {'Con chimenea': 'true'}, {'Citófonos': 'true'}, {'Cocina Tipo Americano': 'true'}, {'Cocina integral': 'true'}, {'Comedor auxiliar': 'true'}, {'Cuarto de servicio': 'true'}, {'Estudio o biblioteca': 'true'}, {'Zona de lavanderia': 'true'}, {'Horno': 'true'}, {'Lavaplatos': 'true'}, {'Luz en la mañana': 'true'}, {'Luz en la tarde': 'true'}, {'Monoambiente': 'true'}, {'Número de piso 3': 'true'}, {'Depósito 1': 'true'}, {'Cerca a Jardines y Colegios': 'true'}, {'Cancha(s) de squash': 'true'}, {'Cancha(s) de Tennis': 'true'}, {'Gimnasio': 'true'}, {'Salón comunal': 'true'}, {'Zona de BBQ': 'true'}, {'Zona para niños': 'true'}, {'Zonas verdes': 'true'}, {'Ascensor': 'true'}, {'Parqueadero visitantes': 'true'}, {'Con Terraza': 'true'}, {'Vigilancia': 'true'}, {'Vista panorámica': 'true'}, {'Conjunto cerrado': 'true'}, {'Recepción Lobby': 'true'}, {'Terraza/Balcón balcón': 'true'}, {'Terraza Rooftop': 'true'}, {'Cerca Parques': 'true'}, {'Cerca Transporte Público': 'true'}, {'Área Urbana': 'true'}, {'Cerca Parques': 'true'}, {'Cerca Transporte Público': 'true'}, {'Área Urbana': 'true'}]}",2026-09-11 19:05:42.901641+00:00
https://www.metrocuadrado.com/inmueble/arriendo-apartamento-bogota-campo-alegre-2-habitaciones-2-banos-1-garajes/14193-M7043829?src_url=%2Finmuebles%2Farriendo%2Fbogota,"{'title': 'Apartamento En Arriendo, SANTA BARBARA', 'location': 'SANTA BARBARA, Bogotá D.C.', 'price': '$ 4.800.000', 'area': None, 'estrato': None, 'main_specs': '2 hab. | 2 bañ. | 1 par.', 'characteristics': [{'Citófonos': 'true'}, {'Tipo de Cortinas persianas': 'true'}, {'Estudio o biblioteca': 'true'}, {'Zona de lavanderia': 'true'}, {'Extractor': 'true'}, {'Horno': 'true'}, {'Tipo instalación de gas natural': 'true'}, {'Número de Closets 2': 'true'}, {'Número de piso 1': 'true'}, {'Tipo de calentador gas': 'true'}, {'Tipo de Cocina isla': 'true'}, {'Tipo comedor sala comedor': 'true'}, {'Depósito 1': 'true'}, {'Tipo de estufa gas': 'true'}, {'Tipo de acabado piso laminado': 'true'}, {'Tipo de piso en alcobas laminado': 'true'}, {'Tipo de piso en comedor laminado': 'true'}, {'Tipo de piso en estudio laminado': 'true'}, {'Tipo de piso en sala laminado': 'true'}, {'Vista interior': 'true'}, {'Cerca a gimnasio': 'true'}, {'Cerca a hospitales': 'true'}, {'Cerca a Jardines y Colegios': 'true'}, {'Cerca a restaurantes': 'true'}, {'Ascensor': 'true'}, {'Circuito cerrado de TV': 'true'}, {'Parqueadero cubierto': 'true'}, {'Número de Ascensores 1': 'true'}, {'Terraza/Balcón ninguno': 'true'}, {'Tipo de parqueadero propio': 'true'}, {'Vigilancia 24hrs': 'true'}, {'Cerca Centros Comerciales': 'true'}, {'Cerca Colegios / Universidades': 'true'}, {'Cerca Parques': 'true'}, {'Cerca Supermercados': 'true'}, {'Cerca Transporte Público': 'true'}, {'Sobre vía principal': 'true'}, {'Cerca Centros Comerciales': 'true'}, {'Cerca Colegios / Universidades': 'true'}, {'Cerca Parques': 'true'}, {'Cerca Supermercados': 'true'}, {'Cerca Transporte Público': 'true'}, {'Sobre vía principal': 'true'}]}",2026-09-11 19:05:48.402010+00:00
https://www.metrocuadrado.com/inmueble/venta-casa-bogota-los-andes-norte-5-habitaciones-5-banos-2-garajes/4830-M2711134?src_url=%2Finmuebles%2Farriendo%2Fbogota,"{'title': 'Casa En Venta Y Arriendo, LOS ANDES NORTE', 'location': 'LOS ANDES NORTE, Bogotá D.C.', 'price': '$ 2.800.000.000', 'area': None, 'estrato': None, 'main_specs': '5 hab. | 5 bañ. | 2 par.', 'characteristics': [{'Apto para niños': 'true'}, {'Comedor auxiliar': 'true'}, {'Tipo de Cortinas persianas': 'true'}, {'Estudio o biblioteca': 'true'}, {'Equipado / Amoblado': 'true'}, {'Zona de lavanderia': 'true'}, {'Tipo instalación de gas natural': 'true'}, {'Número de Closets 4': 'true'}, {'Número de líneas teléfonicas 2': 'true'}, {'Se Permiten Mascotas': 'true'}, {'Tipo de calentador gas': 'true'}, {'Tipo de Casa tradicional': 'true'}, {'Tipo de Cocina lineal': 'true'}, {'Tipo comedor comedor independiente': 'true'}, {'Depósito 2': 'true'}, {'Tipo de estufa gas': 'true'}, {'Tipo de acabado piso laminado': 'true'}, {'Tipo de piso en alcobas laminado': 'true'}, {'Tipo de piso en comedor porcelanato': 'true'}, {'Vista exterior': 'true'}, {'Jardín interior': 'true'}, {'&Aacute;rea del lote 300': 'true'}, {'Área Terraza/Balcón 50': 'true'}, {'Acceso para discapacitados': 'true'}, {'Conjunto cerrado': 'true'}, {'Número de Ascensores 0': 'true'}, {'Número de niveles 2': 'true'}, {'Terraza/Balcón terraza': 'true'}, {'Tipo de parqueadero propio': 'true'}, {'Cerca Centros Comerciales': 'true'}, {'Cerca Colegios / Universidades': 'true'}, {'Cerca Parques': 'true'}, {'Cerca Supermercados': 'true'}, {'Cerca Transporte Público': 'true'}, {'Sobre vía principal': 'true'}, {'Sobre vía secundaria': 'true'}, {'Cerca Centros Comerciales': 'true'}, {'Cerca Colegios / Universidades': 'true'}, {'Cerca Parques': 'true'}, {'Cerca Supermercados': 'true'}, {'Cerca Transporte Público': 'true'}, {'Sobre vía principal': 'true'}, {'Sobre vía secundaria': 'true'}]}",2026-09-11 19:05:54.976308+00:00
https://www.metrocuadrado.com/inmueble/arriendo-apartamento-bogota-chico-3-habitaciones-5-banos-4-garajes/374-M6115525?src_url=%2Finmuebles%2Farriendo%2Fbogota,"{'title': 'Apartamento En Arriendo, CHICO LA CABRERA', 'location': 'CHICO LA CABRERA, Bogotá D.C.', 'price': '$ 35.000.000', 'area': None, 'estrato': None, 'main_specs': '3 hab. | 5 bañ. | 4 par.', 'characteristics': [{'Apto para niños': 'true'}, {'Alarma': 'true'}, {'Con calefacción': 'true'}, {'Con chimenea': 'true'}, {'Citófonos': 'true'}, {'Comedor auxiliar': 'true'}, {'Tipo de Cortinas persianas': 'true'}, {'Cuarto de servicio': 'true'}, {'Estudio o biblioteca': 'true'}, {'Hall de Alcobas': 'true'}, {'Puertas de seguridad': 'true'}, {'Zona de lavanderia': 'true'}, {'Despensa': 'true'}, {'Detección de humo': 'true'}, {'Extractor': 'true'}, {'Horno': 'true'}, {'Tipo instalación de gas natural': 'true'}, {'Lavaplatos': 'true'}, {'Luz en la mañana': 'true'}, {'Luz en la tarde': 'true'}, {'Número de Closets 4': 'true'}, {'Número de piso 5': 'true'}, {'Se Permite Fumar': 'true'}, {'Tipo de calentador electrico': 'true'}, {'Tipo de Cocina otra': 'true'}, {'Tipo comedor comedor independiente': 'true'}, {'Depósito 1': 'true'}, {'Tipo de estufa mixta': 'true'}, {'Tipo de acabado piso madera': 'true'}, {'Tipo de piso en alcobas madera': 'true'}, {'Tipo de piso en comedor madera': 'true'}, {'Tipo de piso en estudio madera': 'true'}, {'Tipo de piso en sala madera': 'true'}, {'Vista exterior': 'true'}, {'Walking closet': 'true'}, {'Cerca a gimnasio': 'true'}, {'Cerca a Jardines y Colegios': 'true'}, {'Gimnasio': 'true'}, {'Salón comunal': 'true'}, {'Sauna y/o turco': 'true'}, {'Zona de BBQ': 'true'}, {'Zona para niños': 'true'}, {'Zonas verdes': 'true'}, {'Área Terraza/Balcón 36': 'true'}, {'Ascensor': 'true'}, {'Acceso para discapacitados': 'true'}, {'Circuito cerrado de TV': 'true'}, {'Cuarto de escoltas': 'true'}, {'Parqueadero cubierto': 'true'}, {'Vista panorámica': 'true'}, {'Conjunto cerrado': 'true'}, {'Número de Ascensores 2': 'true'}, {'Recepción Lobby': 'true'}, {'Terraza/Balcón terraza': 'true'}, {'Tipo de parqueadero propio': 'true'}, {'Vigilancia 24hrs': 'true'}, {'Cerca Centros Comerciales': 'true'}, {'Cerca Parques': 'true'}, {'Cerca Transporte Público': 'true'}, {'Sobre vía secundaria': 'true'}, {'Cerca Centros Comerciales': 'true'}, {'Cerca Parques': 'true'}, {'Cerca Transporte Público': 'true'}, {'Sobre vía secundaria': 'true'}]}",2026-09-11 19:06:00.464206+00:00
https://www.metrocuadrado.com/inmueble/arriendo-apartaestudio-bogota-chapinero-central-1-habitaciones-1-banos/11589-M6930031?src_url=%2Finmuebles%2Farriendo%2Fbogota,"{'title': 'Apartaestudio En Arriendo, CHAPINERO CENTRAL', 'location': 'CHAPINERO CENTRAL, Bogotá D.C.', 'price': '$ 1.900.000', 'area': None, 'estrato': None, 'main_specs': '1 hab. | 1 bañ.', 'characteristics': [{'Citófonos': 'true'}, {'Tipo de Cortinas persianas': 'true'}, {'Equipado / Amoblado': 'true'}, {'Puertas de seguridad': 'true'}, {'Despensa': 'true'}, {'Horno': 'true'}, {'Tipo instalación de gas ninguno': 'true'}, {'Luz en la mañana': 'true'}, {'Luz en la tarde': 'true'}, {'Monoambiente': 'true'}, {'Número de Closets 1': 'true'}, {'Número de piso 4': 'true'}, {'Puerta eléctrica': 'true'}, {'Se Permite Fumar': 'true'}, {'Shut de basura': 'true'}, {'Tipo de calentador electrico': 'true'}, {'Tipo de Cocina abierta': 'true'}, {'Tipo comedor sala comedor': 'true'}, {'Depósito 0': 'true'}, {'Tipo de estufa electrica': 'true'}, {'Tipo de acabado piso laminado': 'true'}, {'Tipo de piso en alcobas laminado': 'true'}, {'Tipo de piso en sala laminado': 'true'}, {'Vista exterior': 'true'}, {'Cerca a gimnasio': 'true'}, {'Cerca a hospitales': 'true'}, {'Cerca a restaurantes': 'true'}, {'Cerca a tiendas de barrio': 'true'}, {'Gimnasio': 'true'}, {'Salón comunal': 'true'}, {'Zona de BBQ': 'true'}, {'Área Terraza/Balcón 1': 'true'}, {'Ascensor': 'true'}, {'Acceso para discapacitados': 'true'}, {'Circuito cerrado de TV': 'true'}, {'Número de Ascensores 1': 'true'}, {'Recepción Lobby': 'true'}, {'Terraza/Balcón balcón': 'true'}, {'Vigilancia 24hrs': 'true'}, {'Cerca Centros Comerciales': 'true'}, {'Cerca Colegios / Universidades': 'true'}, {'Cerca Parques': 'true'}, {'Cerca Supermercados': 'true'}, {'Cerca Transporte Público': 'true'}, {'Sobre vía secundaria': 'true'}, {'Cerca Centros Comerciales': 'true'}, {'Cerca Colegios / Universidades': 'true'}, {'Cerca Parques': 'true'}, {'Cerca Supermercados': 'true'}, {'Cerca Transporte Público': 'true'}, {'Sobre vía secundaria': 'true'}]}",2026-09-11 19:06:05.932823+00:00
https://www.metrocuadrado.com/inmueble/arriendo-apartamento-bogota-chico-norte-et-iii-3-habitaciones-3-banos-2-garajes/2832-M6896473?src_url=%2Finmuebles%2Farriendo%2Fbogota,"{'title': 'Apartamento En Arriendo, CHICO NORTE', 'location': 'CHICO NORTE, Bogotá D.C.', 'price': '$ 11.000.000', 'area': None, 'estrato': None, 'main_specs': '3 hab. | 3 bañ. | 2 par.', 'characteristics': [{'Citófonos': 'true'}, {'Comedor auxiliar': 'true'}, {'Cuarto de servicio': 'true'}, {'Estudio o biblioteca': 'true'}, {'Equipado / Amoblado': 'true'}, {'Puertas de seguridad': 'true'}, {'Zona de lavanderia': 'true'}, {'Tipo instalación de gas natural': 'true'}, {'Número de piso 9': 'true'}, {'PentHouse': 'true'}, {'Tipo de calentador gas': 'true'}, {'Tipo de Cocina lineal': 'true'}, {'Tipo comedor sala comedor': 'true'}, {'Depósito 1': 'true'}, {'Tipo de estufa gas': 'true'}, {'Tipo de acabado piso madera': 'true'}, {'Vista exterior': 'true'}, {'Cerca a gimnasio': 'true'}, {'Cerca a Jardines y Colegios': 'true'}, {'Cerca a restaurantes': 'true'}, {'Cerca a tiendas de barrio': 'true'}, {'Gimnasio': 'true'}, {'Salón comunal': 'true'}, {'Zona para niños': 'true'}, {'Zonas verdes': 'true'}, {'Área Terraza/Balcón 4': 'true'}, {'Ascensor': 'true'}, {'Acceso para discapacitados': 'true'}, {'Circuito cerrado de TV': 'true'}, {'Parqueadero cubierto': 'true'}, {'Vista panorámica': 'true'}, {'Conjunto cerrado': 'true'}, {'Número de Ascensores 1': 'true'}, {'Terraza/Balcón balcón': 'true'}, {'Tipo de parqueadero independiente': 'true'}, {'Vigilancia 24hrs': 'true'}, {'Cerca Centros Comerciales': 'true'}, {'Cerca Colegios / Universidades': 'true'}, {'Cerca Supermercados': 'true'}, {'Cerca Centros Comerciales': 'true'}, {'Cerca Colegios / Universidades': 'true'}, {'Cerca Supermercados': 'true'}]}",2026-09-11 19:06:10.771312+00:00
https://www.metrocuadrado.com/inmueble/arriendo-apartamento-bogota-santa-ana-oriental-3-habitaciones-4-banos-3-garajes/2832-M6361850?src_url=%2Finmuebles%2Farriendo%2Fbogota,"{'title': 'Apartamento En Arriendo, SANTA ANA', 'location': 'SANTA ANA, Bogotá D.C.', 'price': '$ 15.000.000', 'area': None, 'estrato': None, 'main_specs': '3 hab. | 4 bañ. | 3 par.', 'characteristics': [{'Con chimenea': 'true'}, {'Citófonos': 'true'}, {'Comedor auxiliar': 'true'}, {'Cuarto de servicio': 'true'}, {'Estudio o biblioteca': 'true'}, {'Puertas de seguridad': 'true'}, {'Zona de lavanderia': 'true'}, {'Extractor': 'true'}, {'Horno': 'true'}, {'Tipo instalación de gas natural': 'true'}, {'Número de Closets 4': 'true'}, {'Número de piso 2': 'true'}, {'Tipo de calentador gas': 'true'}, {'Tipo de Cocina paralela': 'true'}, {'Tipo comedor comedor independiente': 'true'}, {'Depósito 1': 'true'}, {'Tipo de estufa gas': 'true'}, {'Tipo de acabado piso madera': 'true'}, {'Vista exterior': 'true'}, {'Cerca a gimnasio': 'true'}, {'Cerca a Jardines y Colegios': 'true'}, {'Cerca a restaurantes': 'true'}, {'Cerca a tiendas de barrio': 'true'}, {'Salón comunal': 'true'}, {'Zona de BBQ': 'true'}, {'Zonas verdes': 'true'}, {'Área Terraza/Balcón 6': 'true'}, {'Ascensor': 'true'}, {'Bahias de parqueo': 'true'}, {'Circuito cerrado de TV': 'true'}, {'Cuarto de escoltas': 'true'}, {'Vista panorámica': 'true'}, {'Conjunto cerrado': 'true'}, {'Número de Ascensores 1': 'true'}, {'Terraza/Balcón balcón': 'true'}, {'Tipo de parqueadero independiente': 'true'}, {'Vigilancia 24hrs': 'true'}, {'Cerca Centros Comerciales': 'true'}, {'Cerca Parques': 'true'}, {'Cerca Supermercados': 'true'}, {'Cerca Transporte Público': 'true'}, {'Sobre vía secundaria': 'true'}, {'Cerca Centros Comerciales': 'true'}, {'Cerca Parques': 'true'}, {'Cerca Supermercados': 'true'}, {'Cerca Transporte Público': 'true'}, {'Sobre vía secundaria': 'true'}]}",2026-09-11 19:06:16.200629+00:00
https://www.metrocuadrado.com/inmueble/arriendo-apartamento-bogota-cerros-de-suba-3-habitaciones-4-banos-3-garajes/16577-M6353668?src_url=%2Finmuebles%2Farriendo%2Fbogota,"{'title': 'Apartamento En Arriendo, Cerros De Suba', 'location': 'Cerros De Suba, Bogotá D.C.', 'price': '$ 10.000.000', 'area': None, 'estrato': None, 'main_specs': '3 hab. | 4 bañ. | 3 par.', 'characteristics': [{'Baño Auxiliar': 'true'}, {'Baño de Servicio': 'true'}, {'Con calefacción': 'true'}, {'Con chimenea': 'true'}, {'Citófonos': 'true'}, {'Estudio o biblioteca': 'true'}, {'Hall de Alcobas': 'true'}, {'Jacuzzi': 'true'}, {'Zona de lavanderia': 'true'}, {'Horno': 'true'}, {'Monoambiente': 'true'}, {'Número de piso 1': 'true'}, {'Shut de basura': 'true'}, {'Depósito 1': 'true'}, {'Cerca a Jardines y Colegios': 'true'}, {'Cancha(s) de Basket': 'true'}, {'Cancha(s) de squash': 'true'}, {'Gimnasio': 'true'}, {'Salón comunal': 'true'}, {'Sauna y/o turco': 'true'}, {'Zona para niños': 'true'}, {'Zonas verdes': 'true'}, {'Acceso con tarjetas o dispositivos': 'true'}, {'Ascensor': 'true'}, {'Circuito cerrado de TV': 'true'}, {'Parqueadero visitantes': 'true'}, {'Con Terraza': 'true'}, {'Vigilancia': 'true'}, {'Vista panorámica': 'true'}, {'Conjunto cerrado': 'true'}, {'Recepción Lobby': 'true'}, {'Terraza/Balcón balcón': 'true'}, {'Terraza Rooftop': 'true'}, {'Cerca Colegios / Universidades': 'true'}, {'Cerca Parques': 'true'}, {'Cerca Transporte Público': 'true'}, {'Área Urbana': 'true'}, {'Cerca Colegios / Universidades': 'true'}, {'Cerca Parques': 'true'}, {'Cerca Transporte Público': 'true'}, {'Área Urbana': 'true'}]}",2026-09-11 19:06:21.094259+00:00
https://www.metrocuadrado.com/inmueble/arriendo-apartamento-bogota-el-plan-3-habitaciones-5-banos-3-garajes/2456-M4653615?src_url=%2Finmuebles%2Farriendo%2Fbogota,"{'title': 'Apartamento En Arriendo, COLINA CAMPESTRE', 'location': 'COLINA CAMPESTRE, Bogotá D.C.', 'price': '$ 10.500.000.000', 'area': None, 'estrato': None, 'main_specs': '3 hab. | 5 bañ. | 3 par.', 'characteristics': [{'Apto para niños': 'true'}, {'Alarma': 'true'}, {'Con chimenea': 'true'}, {'Citófonos': 'true'}, {'Comedor auxiliar': 'true'}, {'Tipo de Cortinas persianas': 'true'}, {'Cuarto de servicio': 'true'}, {'Estudio o biblioteca': 'true'}, {'Hall de Alcobas': 'true'}, {'Jacuzzi': 'true'}, {'Puertas de seguridad': 'true'}, {'Zona de lavanderia': 'true'}, {'En interior y/o bloque': 'true'}, {'Tipo instalación de gas natural': 'true'}, {'Número de Closets 4': 'true'}, {'Número de piso 6': 'true'}, {'Se Permite Fumar': 'true'}, {'Tipo de calentador gas': 'true'}, {'Tipo de Cocina abierta': 'true'}, {'Tipo comedor sala comedor': 'true'}, {'Depósito 2': 'true'}, {'Tipo de estufa gas': 'true'}, {'Tipo de acabado piso madera': 'true'}, {'Tipo de piso en alcobas madera': 'true'}, {'Tipo de piso en comedor madera': 'true'}, {'Tipo de piso en estudio madera': 'true'}, {'Tipo de piso en sala madera': 'true'}, {'Vista exterior': 'true'}, {'Gimnasio': 'true'}, {'Salón comunal': 'true'}, {'Sauna y/o turco': 'true'}, {'Zona de BBQ': 'true'}, {'Zona para niños': 'true'}, {'Zonas verdes': 'true'}, {'Área Terraza/Balcón 12': 'true'}, {'Ascensor': 'true'}, {'Acceso para discapacitados': 'true'}, {'Circuito cerrado de TV': 'true'}, {'Cuarto de escoltas': 'true'}, {'Parqueadero cubierto': 'true'}, {'Vista panorámica': 'true'}, {'Conjunto cerrado': 'true'}, {'Número de Ascensores 4': 'true'}, {'Terraza/Balcón terraza': 'true'}, {'Tipo de parqueadero independiente': 'true'}, {'Vigilancia 24hrs': 'true'}, {'Cerca Centros Comerciales': 'true'}, {'Cerca Colegios / Universidades': 'true'}, {'Cerca Parques': 'true'}, {'Cerca Supermercados': 'true'}, {'Cerca Transporte Público': 'true'}, {'Sobre vía secundaria': 'true'}, {'Cerca Centros Comerciales': 'true'}, {'Cerca Colegios / Universidades': 'true'}, {'Cerca Parques': 'true'}, {'Cerca Supermercados': 'true'}, {'Cerca Transporte Público': 'true'}, {'Sobre vía secundaria': 'true'}]}",2026-09-11 19:06:26.480861+00:00
https://www.metrocuadrado.com/inmueble/arriendo-apartamento-bogota-chico-3-habitaciones-5-banos-3-garajes/217-M6119858?src_url=%2Finmuebles%2Farriendo%2Fbogota,"{'title': 'Apartamento En Arriendo, CHICO RESERVADO', 'location': 'CHICO RESERVADO, Bogotá D.C.', 'price': '$ 16.000.000', 'area': None, 'estrato': None, 'main_specs': '3 hab. | 5 bañ. | 3 par.', 'characteristics': [{'Apto para niños': 'true'}, {'Con chimenea': 'true'}, {'Citófonos': 'true'}, {'Comedor auxiliar': 'true'}, {'Tipo de Cortinas persianas': 'true'}, {'Cuarto de servicio': 'true'}, {'Estudio o biblioteca': 'true'}, {'Hall de Alcobas': 'true'}, {'Puertas de seguridad': 'true'}, {'Zona de lavanderia': 'true'}, {'Despensa': 'true'}, {'Extractor': 'true'}, {'Horno': 'true'}, {'Tipo instalación de gas natural': 'true'}, {'Lavaplatos': 'true'}, {'Luz en la mañana': 'true'}, {'Número de Closets 4': 'true'}, {'Número de piso 3': 'true'}, {'Shut de basura': 'true'}, {'Tipo de calentador caldera': 'true'}, {'Tipo de Cocina abierta': 'true'}, {'Tipo comedor sala comedor': 'true'}, {'Depósito 1': 'true'}, {'Tipo de estufa gas': 'true'}, {'Tipo de acabado piso madera': 'true'}, {'Tipo de piso en alcobas madera': 'true'}, {'Tipo de piso en comedor madera': 'true'}, {'Tipo de piso en estudio madera': 'true'}, {'Tipo de piso en sala madera': 'true'}, {'Vista exterior': 'true'}, {'Walking closet': 'true'}, {'Cerca a gimnasio': 'true'}, {'Cerca a hospitales': 'true'}, {'Cerca a Jardines y Colegios': 'true'}, {'Cerca a restaurantes': 'true'}, {'Cerca a tiendas de barrio': 'true'}, {'Gimnasio': 'true'}, {'Salón comunal': 'true'}, {'Zona de BBQ': 'true'}, {'Zona para niños': 'true'}, {'Área Terraza/Balcón 7': 'true'}, {'Ascensor': 'true'}, {'Acceso para discapacitados': 'true'}, {'Circuito cerrado de TV': 'true'}, {'Cuarto de escoltas': 'true'}, {'Parqueadero cubierto': 'true'}, {'Vista panorámica': 'true'}, {'Número de Ascensores 2': 'true'}, {'Recepción Lobby': 'true'}, {'Terraza/Balcón terraza': 'true'}, {'Terraza Rooftop': 'true'}, {'Tipo de parqueadero propio': 'true'}, {'Vigilancia 24hrs': 'true'}, {'Cerca Centros Comerciales': 'true'}, {'Cerca Colegios / Universidades': 'true'}, {'Cerca Parques': 'true'}, {'Cerca Supermercados': 'true'}, {'Cerca Transporte Público': 'true'}, {'Sobre vía secundaria': 'true'}, {'Cerca Centros Comerciales': 'true'}, {'Cerca Colegios / Universidades': 'true'}, {'Cerca Parques': 'true'}, {'Cerca Supermercados': 'true'}, {'Cerca Transporte Público': 'true'}, {'Sobre vía secundaria': 'true'}]}",2026-09-11 19:06:32.044327+00:00
https://www.metrocuadrado.com/inmueble/arriendo-apartamento-bogota-chico-norte-et-iii-2-habitaciones-2-banos-1-garajes/3312-M6771732?src_url=%2Finmuebles%2Farriendo%2Fbogota,"{'title': 'Apartamento En Arriendo, CHICO NORTE III', 'location': 'CHICO NORTE III, Bogotá D.C.', 'price': '$ 5.000.000', 'area': None, 'estrato': None, 'main_specs': '2 hab. | 2 bañ. | 1 par.', 'characteristics': [{'Apto para niños': 'true'}, {'Citófonos': 'true'}, {'Tipo de Cortinas ninguna': 'true'}, {'Despensa': 'true'}, {'Detección de humo': 'true'}, {'Extractor': 'true'}, {'Horno': 'true'}, {'Tipo instalación de gas natural': 'true'}, {'Luz en la mañana': 'true'}, {'Luz en la tarde': 'true'}, {'Número de Closets 2': 'true'}, {'Número de piso 8': 'true'}, {'Se Permiten Mascotas': 'true'}, {'Shut de basura': 'true'}, {'Tipo de calentador caldera': 'true'}, {'Tipo de Cocina abierta': 'true'}, {'Tipo comedor sala comedor': 'true'}, {'Depósito 1': 'true'}, {'Tipo de estufa electrica': 'true'}, {'Tipo de acabado piso laminado': 'true'}, {'Tipo de piso en alcobas laminado': 'true'}, {'Tipo de piso en comedor laminado': 'true'}, {'Tipo de piso en estudio laminado': 'true'}, {'Tipo de piso en sala laminado': 'true'}, {'Vista interior': 'true'}, {'Walking closet': 'true'}, {'Cerca a gimnasio': 'true'}, {'Cerca a hospitales': 'true'}, {'Cerca a Jardines y Colegios': 'true'}, {'Cerca a restaurantes': 'true'}, {'Cerca a tiendas de barrio': 'true'}, {'Gimnasio': 'true'}, {'Salón comunal': 'true'}, {'Zona de BBQ': 'true'}, {'Zona para niños': 'true'}, {'Acceso con tarjetas o dispositivos': 'true'}, {'Área Terraza/Balcón 3': 'true'}, {'Ascensor': 'true'}, {'Bahias de parqueo': 'true'}, {'Acceso para discapacitados': 'true'}, {'Circuito cerrado de TV': 'true'}, {'Parqueadero cubierto': 'true'}, {'Número de Ascensores 2': 'true'}, {'Recepción Lobby': 'true'}, {'Terraza/Balcón balcón': 'true'}, {'Terraza Rooftop': 'true'}, {'Tipo de parqueadero propio': 'true'}, {'Vigilancia 24hrs': 'true'}, {'Cerca Centros Comerciales': 'true'}, {'Cerca Colegios / Universidades': 'true'}, {'Cerca Parques': 'true'}, {'Cerca Supermercados': 'true'}, {'Cerca Transporte Público': 'true'}, {'Sobre vía secundaria': 'true'}, {'Cerca Centros Comerciales': 'true'}, {'Cerca Colegios / Universidades': 'true'}, {'Cerca Parques': 'true'}, {'Cerca Supermercados': 'true'}, {'Cerca Transporte Público': 'true'}, {'Sobre vía secundaria': 'true'}]}",2026-09-11 19:06:37.483979+00:00
https://www.metrocuadrado.com/inmueble/arriendo-apartamento-bogota-chico-norte-3-habitaciones-3-banos-2-garajes/800-M6168291?src_url=%2Finmuebles%2Farriendo%2Fbogota,"{'title': 'Apartamento En Arriendo, CHICO NORTE', 'location': 'CHICO NORTE, Bogotá D.C.', 'price': '$ 11.000.000', 'area': None, 'estrato': None, 'main_specs': '3 hab. | 3 bañ. | 2 par.', 'characteristics': [{'Apto para niños': 'true'}, {'Citófonos': 'true'}, {'Puertas de seguridad': 'true'}, {'Zona de lavanderia': 'true'}, {'Control de ruido': 'true'}, {'Control térmico': 'true'}, {'Despensa': 'true'}, {'Extractor': 'true'}, {'Horno': 'true'}, {'Tipo instalación de gas natural': 'true'}, {'Lavaplatos': 'true'}, {'Luz en la mañana': 'true'}, {'Número de piso 5': 'true'}, {'Se Permite Fumar': 'true'}, {'Se Permiten Mascotas': 'true'}, {'Tipo de calentador caldera': 'true'}, {'Tipo de Cocina abierta': 'true'}, {'Tipo comedor sala comedor': 'true'}, {'Depósito 0': 'true'}, {'Tipo de estufa gas': 'true'}, {'Tipo de acabado piso laminado': 'true'}, {'Vista exterior': 'true'}, {'Walking closet': 'true'}, {'Cerca a gimnasio': 'true'}, {'Cerca a Jardines y Colegios': 'true'}, {'Cerca a restaurantes': 'true'}, {'Gimnasio': 'true'}, {'Salón comunal': 'true'}, {'Sauna y/o turco': 'true'}, {'Zona de BBQ': 'true'}, {'Zona para niños': 'true'}, {'Acceso con tarjetas o dispositivos': 'true'}, {'Área Terraza/Balcón 4': 'true'}, {'Acceso para discapacitados': 'true'}, {'Circuito cerrado de TV': 'true'}, {'Cuarto de escoltas': 'true'}, {'Parqueadero cubierto': 'true'}, {'Piscina': 'true'}, {'Conjunto cerrado': 'true'}, {'Recepción Lobby': 'true'}, {'Terraza/Balcón balcón': 'true'}, {'Terraza Rooftop': 'true'}, {'Tipo de parqueadero propio': 'true'}, {'Vigilancia 24hrs': 'true'}, {'Cerca Colegios / Universidades': 'true'}, {'Cerca Parques': 'true'}, {'Cerca Supermercados': 'true'}, {'Sobre vía secundaria': 'true'}, {'Cerca Colegios / Universidades': 'true'}, {'Cerca Parques': 'true'}, {'Cerca Supermercados': 'true'}, {'Sobre vía secundaria': 'true'}]}",2026-09-11 19:06:42.936593+00:00
https://www.metrocuadrado.com/inmueble/arriendo-apartamento-bogota-los-rosales-5-habitaciones-4-banos-2-garajes/16305-M6948697?src_url=%2Finmuebles%2Farriendo%2Fbogota,"{'title': 'Apartamento En Arriendo, LOS ROSALES CHICO', 'location': 'LOS ROSALES CHICO, Bogotá D.C.', 'price': '$ 8.500.000', 'area': None, 'estrato': None, 'main_specs': '5 hab. | 4 bañ. | 2 par.', 'characteristics': [{'Apto para niños': 'true'}, {'Citófonos': 'true'}, {'Tipo de Cortinas persianas': 'true'}, {'Cuarto de servicio': 'true'}, {'Estudio o biblioteca': 'true'}, {'Hall de Alcobas': 'true'}, {'Jacuzzi': 'true'}, {'Equipado / Amoblado': 'true'}, {'Puertas de seguridad': 'true'}, {'Zona de lavanderia': 'true'}, {'Despensa': 'true'}, {'Dúplex': 'true'}, {'Extractor': 'true'}, {'Horno': 'true'}, {'Tipo instalación de gas natural': 'true'}, {'Lavaplatos': 'true'}, {'Luz en la mañana': 'true'}, {'Luz en la tarde': 'true'}, {'Número de Closets 4': 'true'}, {'Número de piso 6': 'true'}, {'Se Permite Fumar': 'true'}, {'Se Permiten Mascotas': 'true'}, {'Shut de basura': 'true'}, {'Tipo de calentador gas': 'true'}, {'Tipo de Cocina abierta': 'true'}, {'Tipo comedor sala comedor': 'true'}, {'Depósito 1': 'true'}, {'Tipo de estufa gas': 'true'}, {'Tipo de acabado piso laminado': 'true'}, {'Tipo de piso en alcobas laminado': 'true'}, {'Tipo de piso en comedor laminado': 'true'}, {'Tipo de piso en estudio laminado': 'true'}, {'Tipo de piso en sala laminado': 'true'}, {'Vista exterior': 'true'}, {'Walking closet': 'true'}, {'Cerca a gimnasio': 'true'}, {'Cerca a hospitales': 'true'}, {'Cerca a Jardines y Colegios': 'true'}, {'Cerca a parque industrial': 'true'}, {'Cerca a restaurantes': 'true'}, {'Cerca a tiendas de barrio': 'true'}, {'Salón comunal': 'true'}, {'Ascensor': 'true'}, {'Bahias de parqueo': 'true'}, {'Acceso para discapacitados': 'true'}, {'Parqueadero cubierto': 'true'}, {'Vista panorámica': 'true'}, {'Conjunto cerrado': 'true'}, {'Número de Ascensores 1': 'true'}, {'Recepción Lobby': 'true'}, {'Terraza/Balcón ninguno': 'true'}, {'Tipo de parqueadero propio': 'true'}, {'Vigilancia 24hrs': 'true'}, {'Cerca Centros Comerciales': 'true'}, {'Cerca Colegios / Universidades': 'true'}, {'Cerca Parques': 'true'}, {'Cerca Supermercados': 'true'}, {'Cerca Transporte Público': 'true'}, {'Sobre vía principal': 'true'}, {'Sobre vía secundaria': 'true'}, {'Cerca Centros Comerciales': 'true'}, {'Cerca Colegios / Universidades': 'true'}, {'Cerca Parques': 'true'}, {'Cerca Supermercados': 'true'}, {'Cerca Transporte Público': 'true'}, {'Sobre vía principal': 'true'}, {'Sobre vía secundaria': 'true'}]}",2026-09-11 19:06:48.411349+00:00
https://www.metrocuadrado.com/inmueble/arriendo-apartamento-bogota-los-rosales-4-habitaciones-5-banos-3-garajes/2238-M7043866?src_url=%2Finmuebles%2Farriendo%2Fbogota,"{'title': 'Apartamento En Arriendo, NOGAL ROSALES', 'location': 'NOGAL ROSALES, Bogotá D.C.', 'price': '$ 27.000.000', 'area': None, 'estrato': None, 'main_specs': '4 hab. | 5 bañ. | 3 par.', 'characteristics': [{'Apto para niños': 'true'}, {'Con chimenea': 'true'}, {'Citófonos': 'true'}, {'Comedor auxiliar': 'true'}, {'Cuarto de servicio': 'true'}, {'Estudio o biblioteca': 'true'}, {'Hall de Alcobas': 'true'}, {'Jacuzzi': 'true'}, {'Puertas de seguridad': 'true'}, {'Zona de lavanderia': 'true'}, {'En interior y/o bloque': 'true'}, {'Extractor': 'true'}, {'Horno': 'true'}, {'Tipo instalación de gas natural': 'true'}, {'Luz en la tarde': 'true'}, {'Número de piso 7': 'true'}, {'Shut de basura': 'true'}, {'Tipo de calentador caldera': 'true'}, {'Tipo de Cocina en u': 'true'}, {'Tipo comedor comedor independiente': 'true'}, {'Depósito 2': 'true'}, {'Tipo de estufa mixta': 'true'}, {'Vista interior': 'true'}, {'Cerca a gimnasio': 'true'}, {'Cerca a hospitales': 'true'}, {'Cerca a Jardines y Colegios': 'true'}, {'Cerca a restaurantes': 'true'}, {'Cerca a tiendas de barrio': 'true'}, {'Gimnasio': 'true'}, {'Salón comunal': 'true'}, {'Sauna y/o turco': 'true'}, {'Zona para niños': 'true'}, {'Zonas verdes': 'true'}, {'Área Terraza/Balcón 10': 'true'}, {'Ascensor': 'true'}, {'Bahias de parqueo': 'true'}, {'Acceso para discapacitados': 'true'}, {'Circuito cerrado de TV': 'true'}, {'Cuarto de escoltas': 'true'}, {'Parqueadero cubierto': 'true'}, {'Piscina': 'true'}, {'Vista panorámica': 'true'}, {'Conjunto cerrado': 'true'}, {'Número de Ascensores 1': 'true'}, {'Recepción Lobby': 'true'}, {'Terraza/Balcón balcón': 'true'}, {'Tipo de parqueadero propio': 'true'}, {'Vigilancia 24hrs': 'true'}, {'Cerca Centros Comerciales': 'true'}, {'Cerca Colegios / Universidades': 'true'}, {'Cerca Supermercados': 'true'}, {'Cerca Transporte Público': 'true'}, {'Sobre vía principal': 'true'}, {'Cerca Centros Comerciales': 'true'}, {'Cerca Colegios / Universidades': 'true'}, {'Cerca Supermercados': 'true'}, {'Cerca Transporte Público': 'true'}, {'Sobre vía principal': 'true'}]}",2026-09-11 19:06:53.815855+00:00
https://www.metrocuadrado.com/inmueble/arriendo-apartamento-bogota-el-porvenir-2-habitaciones-2-banos/19374-M7023211?src_url=%2Finmuebles%2Farriendo%2Fbogota,"{'title': 'Apartamento En Arriendo, EL CHANCO', 'location': 'EL CHANCO, Bogotá D.C.', 'price': '$ 1.250.000', 'area': None, 'estrato': None, 'main_specs': '2 hab. | 2 bañ.', 'characteristics': [{'Apto para niños': 'true'}, {'Tipo de Cortinas persianas': 'true'}, {'Hall de Alcobas': 'true'}, {'Zona de lavanderia': 'true'}, {'En interior y/o bloque': 'true'}, {'Horno': 'true'}, {'Tipo instalación de gas natural': 'true'}, {'Luz en la mañana': 'true'}, {'Número de Closets 2': 'true'}, {'Número de piso 1': 'true'}, {'Se Permiten Mascotas': 'true'}, {'Tipo de calentador gas': 'true'}, {'Tipo de Cocina lineal': 'true'}, {'Tipo comedor sala comedor': 'true'}, {'Depósito 0': 'true'}, {'Tipo de estufa gas': 'true'}, {'Tipo de acabado piso cerámica': 'true'}, {'Tipo de piso en alcobas laminado': 'true'}, {'Tipo de piso en comedor cerámica': 'true'}, {'Tipo de piso en sala cerámica': 'true'}, {'Vista interior': 'true'}, {'Cerca a restaurantes': 'true'}, {'Cerca a tiendas de barrio': 'true'}, {'Salón comunal': 'true'}, {'Zona de BBQ': 'true'}, {'Zona para niños': 'true'}, {'Zonas verdes': 'true'}, {'Acceso con tarjetas o dispositivos': 'true'}, {'Acceso para discapacitados': 'true'}, {'Circuito cerrado de TV': 'true'}, {'Conjunto cerrado': 'true'}, {'Número de Ascensores 0': 'true'}, {'Terraza/Balcón ninguno': 'true'}, {'Vigilancia 24hrs': 'true'}, {'Cerca Supermercados': 'true'}, {'Cerca Transporte Público': 'true'}, {'Sobre vía secundaria': 'true'}, {'Cerca Supermercados': 'true'}, {'Cerca Transporte Público': 'true'}, {'Sobre vía secundaria': 'true'}]}",2026-09-11 19:06:59.251175+00:00
https://www.metrocuadrado.com/inmueble/arriendo-apartamento-bogota-chico-norte-et-iii-1-habitaciones-2-banos-1-garajes/533-M7036013?src_url=%2Finmuebles%2Farriendo%2Fbogota,"{'title': 'Apartamento En Arriendo, CHICO NORTE III', 'location': 'CHICO NORTE III, Bogotá D.C.', 'price': '$ 4.300.000', 'area': None, 'estrato': None, 'main_specs': '1 hab. | 2 bañ. | 1 par.', 'characteristics': [{'Apto para niños': 'true'}, {'Citófonos': 'true'}, {'Comedor auxiliar': 'true'}, {'Tipo de Cortinas persianas': 'true'}, {'Estudio o biblioteca': 'true'}, {'Equipado / Amoblado': 'true'}, {'Puertas de seguridad': 'true'}, {'Zona de lavanderia': 'true'}, {'Despensa': 'true'}, {'Extractor': 'true'}, {'Horno': 'true'}, {'Tipo instalación de gas natural': 'true'}, {'Luz en la mañana': 'true'}, {'Luz en la tarde': 'true'}, {'Monoambiente': 'true'}, {'Número de Closets 1': 'true'}, {'Número de piso 4': 'true'}, {'Shut de basura': 'true'}, {'Tipo de calentador gas': 'true'}, {'Tipo de Cocina abierta': 'true'}, {'Tipo comedor comedor independiente': 'true'}, {'Depósito 1': 'true'}, {'Tipo de estufa gas': 'true'}, {'Tipo de acabado piso laminado': 'true'}, {'Tipo de piso en alcobas laminado': 'true'}, {'Tipo de piso en comedor laminado': 'true'}, {'Tipo de piso en estudio laminado': 'true'}, {'Tipo de piso en sala laminado': 'true'}, {'Vista exterior': 'true'}, {'Walking closet': 'true'}, {'Cerca a gimnasio': 'true'}, {'Cerca a hospitales': 'true'}, {'Cerca a Jardines y Colegios': 'true'}, {'Cerca a restaurantes': 'true'}, {'Cerca a tiendas de barrio': 'true'}, {'Gimnasio': 'true'}, {'Salón comunal': 'true'}, {'Zona de BBQ': 'true'}, {'Área Terraza/Balcón 2': 'true'}, {'Ascensor': 'true'}, {'Bahias de parqueo': 'true'}, {'Acceso para discapacitados': 'true'}, {'Circuito cerrado de TV': 'true'}, {'Parqueadero cubierto': 'true'}, {'Vista panorámica': 'true'}, {'Número de Ascensores 2': 'true'}, {'Recepción Lobby': 'true'}, {'Terraza/Balcón balcón': 'true'}, {'Tipo de parqueadero propio': 'true'}, {'Vigilancia 24hrs': 'true'}, {'Cerca Colegios / Universidades': 'true'}, {'Cerca Parques': 'true'}, {'Cerca Supermercados': 'true'}, {'Cerca Transporte Público': 'true'}, {'Sobre vía secundaria': 'true'}, {'Cerca Colegios / Universidades': 'true'}, {'Cerca Parques': 'true'}, {'Cerca Supermercados': 'true'}, {'Cerca Transporte Público': 'true'}, {'Sobre vía secundaria': 'true'}]}",2026-09-11 19:07:04.729266+00:00
https://www.metrocuadrado.com/inmueble/arriendo-apartamento-bogota-chico-norte-et-iii-3-habitaciones-4-banos-3-garajes/19118-M6878802?src_url=%2Finmuebles%2Farriendo%2Fbogota,"{'title': 'Apartamento En Arriendo, CHICO NORTE III SECTOR CHICO', 'location': 'CHICO NORTE III SECTOR CHICO, Bogotá D.C.', 'price': '$ 7.950.000', 'area': None, 'estrato': None, 'main_specs': '3 hab. | 4 bañ. | 3 par.', 'characteristics': [{'Con chimenea': 'true'}, {'Comedor auxiliar': 'true'}, {'Estudio o biblioteca': 'true'}, {'Hall de Alcobas': 'true'}, {'Puertas de seguridad': 'true'}, {'Zona de lavanderia': 'true'}, {'Extractor': 'true'}, {'Horno': 'true'}, {'Tipo instalación de gas natural': 'true'}, {'Lavaplatos': 'true'}, {'Luz en la mañana': 'true'}, {'Luz en la tarde': 'true'}, {'Número de Closets 3': 'true'}, {'Número de piso 605': 'true'}, {'Se Permiten Mascotas': 'true'}, {'Tipo de Cocina abierta': 'true'}, {'Tipo comedor comedor independiente': 'true'}, {'Depósito 1': 'true'}, {'Tipo de estufa gas': 'true'}, {'Vista exterior': 'true'}, {'Cerca a gimnasio': 'true'}, {'Cerca a hospitales': 'true'}, {'Cerca a Jardines y Colegios': 'true'}, {'Cerca a restaurantes': 'true'}, {'Gimnasio': 'true'}, {'Área Terraza/Balcón 3': 'true'}, {'Ascensor': 'true'}, {'Parqueadero cubierto': 'true'}, {'Vista panorámica': 'true'}, {'Número de Ascensores 2': 'true'}, {'Recepción Lobby': 'true'}, {'Terraza/Balcón balcón': 'true'}, {'Tipo de parqueadero independiente': 'true'}, {'Cerca Colegios / Universidades': 'true'}, {'Cerca Parques': 'true'}, {'Cerca Supermercados': 'true'}, {'Cerca Transporte Público': 'true'}, {'Sobre vía secundaria': 'true'}, {'Cerca Colegios / Universidades': 'true'}, {'Cerca Parques': 'true'}, {'Cerca Supermercados': 'true'}, {'Cerca Transporte Público': 'true'}, {'Sobre vía secundaria': 'true'}]}",2026-09-11 19:07:10.134431+00:00
https://www.metrocuadrado.com/inmueble/arriendo-apartamento-bogota-el-nogal-2-habitaciones-3-banos-2-garajes/16475-M4814903?src_url=%2Finmuebles%2Farriendo%2Fbogota,"{'title': 'Apartamento En Arriendo, El Nogal', 'location': 'El Nogal, Bogotá D.C.', 'price': '$ 8.600.000', 'area': None, 'estrato': None, 'main_specs': '2 hab. | 3 bañ. | 2 par.', 'characteristics': [{'Apto para niños': 'true'}, {'Baño Auxiliar': 'true'}, {'Baño de Servicio': 'true'}, {'Con chimenea': 'true'}, {'Citófonos': 'true'}, {'Cocina Tipo Americano': 'true'}, {'Cocina integral': 'true'}, {'Depósito o cuarto útil': 'true'}, {'Estudio o biblioteca': 'true'}, {'Hall de Alcobas': 'true'}, {'Puertas de seguridad': 'true'}, {'Zona de lavanderia': 'true'}, {'Despensa': 'true'}, {'Extractor': 'true'}, {'Horno': 'true'}, {'Tipo instalación de gas natural': 'true'}, {'Lavaplatos': 'true'}, {'Luz en la mañana': 'true'}, {'Luz en la tarde': 'true'}, {'Número de Closets 3': 'true'}, {'Número de piso 2': 'true'}, {'Se Permiten Mascotas': 'true'}, {'Tipo de calentador gas': 'true'}, {'Tipo de Cocina lineal': 'true'}, {'Tipo comedor comedor independiente': 'true'}, {'Depósito 1': 'true'}, {'Tipo de estufa gas': 'true'}, {'Tipo de acabado piso cerámica': 'true'}, {'Tipo de piso en alcobas madera': 'true'}, {'Tipo de piso en comedor madera': 'true'}, {'Tipo de piso en estudio madera': 'true'}, {'Tipo de piso en sala madera': 'true'}, {'Vista interior': 'true'}, {'Cerca a hospitales': 'true'}, {'Cerca a restaurantes': 'true'}, {'Acceso para discapacitados': 'true'}, {'Parqueadero cubierto': 'true'}, {'Recepción Lobby': 'true'}, {'Tipo de parqueadero servidumbre': 'true'}, {'Vigilancia 24hrs': 'true'}, {'Cerca Centros Comerciales': 'true'}, {'Cerca Colegios / Universidades': 'true'}, {'Cerca Parques': 'true'}, {'Cerca Supermercados': 'true'}, {'Cerca Transporte Público': 'true'}, {'Sobre vía secundaria': 'true'}, {'Área Urbana': 'true'}, {'Cerca Centros Comerciales': 'true'}, {'Cerca Colegios / Universidades': 'true'}, {'Cerca Parques': 'true'}, {'Cerca Supermercados': 'true'}, {'Cerca Transporte Público': 'true'}, {'Sobre vía secundaria': 'true'}, {'Área Urbana': 'true'}]}",2026-09-11 19:07:15.731283+00:00
https://www.metrocuadrado.com/inmueble/arriendo-apartamento-bogota-acacias-usaquen-2-habitaciones-3-banos-1-garajes/726-M6855392?src_url=%2Finmuebles%2Farriendo%2Fbogota,"{'title': 'Apartamento En Arriendo, CEDRITOS', 'location': 'CEDRITOS, Bogotá D.C.', 'price': '$ 4.800.000', 'area': None, 'estrato': None, 'main_specs': '2 hab. | 3 bañ. | 1 par.', 'characteristics': [{'Con chimenea': 'true'}, {'Citófonos': 'true'}, {'Comedor auxiliar': 'true'}, {'Tipo de Cortinas persianas': 'true'}, {'Cuarto de servicio': 'true'}, {'Estudio o biblioteca': 'true'}, {'Hall de Alcobas': 'true'}, {'Zona de lavanderia': 'true'}, {'Extractor': 'true'}, {'Horno': 'true'}, {'Tipo instalación de gas natural': 'true'}, {'Lavaplatos': 'true'}, {'Número de Closets 2': 'true'}, {'Número de piso 2': 'true'}, {'Se Permite Fumar': 'true'}, {'Se Permiten Mascotas': 'true'}, {'Tipo de calentador gas': 'true'}, {'Tipo de Cocina isla': 'true'}, {'Depósito 1': 'true'}, {'Tipo de estufa gas': 'true'}, {'Tipo de acabado piso madera': 'true'}, {'Tipo de piso en alcobas madera': 'true'}, {'Tipo de piso en estudio madera': 'true'}, {'Vista exterior': 'true'}, {'Cerca a gimnasio': 'true'}, {'Cerca a hospitales': 'true'}, {'Cerca a Jardines y Colegios': 'true'}, {'Cerca a parque industrial': 'true'}, {'Área Terraza/Balcón 20': 'true'}, {'Parqueadero cubierto': 'true'}, {'Vista panorámica': 'true'}, {'Número de Ascensores 0': 'true'}, {'Terraza/Balcón terraza': 'true'}, {'Tipo de parqueadero propio': 'true'}, {'Vigilancia 12hrs': 'true'}, {'Cerca Centros Comerciales': 'true'}, {'Cerca Colegios / Universidades': 'true'}, {'Cerca Parques': 'true'}, {'Cerca Supermercados': 'true'}, {'Sobre vía secundaria': 'true'}, {'Cerca Centros Comerciales': 'true'}, {'Cerca Colegios / Universidades': 'true'}, {'Cerca Parques': 'true'}, {'Cerca Supermercados': 'true'}, {'Sobre vía secundaria': 'true'}]}",2026-09-11 19:07:20.991251+00:00
https://www.metrocuadrado.com/inmueble/arriendo-casa-bogota-bellavista-3-habitaciones-5-banos/13374-M6427978?src_url=%2Finmuebles%2Farriendo%2Fbogota,"{'title': 'Casa En Arriendo, LAS ROSALES', 'location': 'LAS ROSALES, Bogotá D.C.', 'price': '$ 14.600.000', 'area': None, 'estrato': None, 'main_specs': '3 hab. | 5 bañ.', 'characteristics': [{'Apto para niños': 'true'}, {'Con chimenea': 'true'}, {'Estudio o biblioteca': 'true'}, {'Despensa': 'true'}, {'Horno': 'true'}, {'Tipo instalación de gas natural': 'true'}, {'Luz en la mañana': 'true'}, {'Luz en la tarde': 'true'}, {'Número de Closets 2': 'true'}, {'Número de líneas teléfonicas 0': 'true'}, {'Se Permite Fumar': 'true'}, {'Se Permiten Mascotas': 'true'}, {'Tipo de calentador gas': 'true'}, {'Tipo de Casa tradicional': 'true'}, {'Tipo de Cocina en l': 'true'}, {'Depósito 1': 'true'}, {'Tipo de estufa gas': 'true'}, {'Tipo de acabado piso laminado': 'true'}, {'Tipo de piso en alcobas laminado': 'true'}, {'Tipo de piso en comedor laminado': 'true'}, {'Tipo de piso en estudio laminado': 'true'}, {'Tipo de piso en sala madera': 'true'}, {'Vista exterior': 'true'}, {'Cerca a gimnasio': 'true'}, {'Cerca a Jardines y Colegios': 'true'}, {'Cerca a restaurantes': 'true'}, {'Jardín interior': 'true'}, {'&Aacute;rea del lote 300': 'true'}, {'Área Terraza/Balcón 50': 'true'}, {'Esquinero': 'true'}, {'Número de Ascensores 0': 'true'}, {'Número de niveles 2': 'true'}, {'Tanques de Agua': 'true'}, {'Terraza/Balcón terraza': 'true'}, {'Vigilancia 0': 'true'}, {'Cerca Centros Comerciales': 'true'}, {'Cerca Colegios / Universidades': 'true'}, {'Cerca Parques': 'true'}, {'Cerca Supermercados': 'true'}, {'Cerca Transporte Público': 'true'}, {'Sobre vía principal': 'true'}, {'Sobre vía secundaria': 'true'}, {'Cerca Centros Comerciales': 'true'}, {'Cerca Colegios / Universidades': 'true'}, {'Cerca Parques': 'true'}, {'Cerca Supermercados': 'true'}, {'Cerca Transporte Público': 'true'}, {'Sobre vía principal': 'true'}, {'Sobre vía secundaria': 'true'}]}",2026-09-11 19:07:26.484295+00:00
https://www.metrocuadrado.com/inmueble/arriendo-apartamento-bogota-montevideo-2-habitaciones-2-banos-1-garajes/MC7038969?src_url=%2Finmuebles%2Farriendo%2Fbogota,"{'title': 'Apartamento En Arriendo, MONTEVIDEO', 'location': 'MONTEVIDEO , Bogotá D.C.', 'price': '$ 3.800.000', 'area': None, 'estrato': None, 'main_specs': '2 hab. | 2 bañ. | 1 par.', 'characteristics': [{'Citófonos': 'true'}, {'Cocina Tipo Americano': 'true'}, {'Cocina integral': 'true'}, {'Depósito o cuarto útil': 'true'}, {'Piso en porcelanato': 'true'}, {'Control de ruido': 'true'}, {'Despensa': 'true'}, {'Detección de humo': 'true'}, {'Extractor': 'true'}, {'Horno': 'true'}, {'Lavaplatos': 'true'}, {'Luz en la mañana': 'true'}, {'Número de piso 15': 'true'}, {'Cerca a gimnasio': 'true'}, {'Cerca a hospitales': 'true'}, {'Cerca a Jardines y Colegios': 'true'}, {'Cerca a parque industrial': 'true'}, {'Cerca a restaurantes': 'true'}, {'Cerca a tiendas de barrio': 'true'}, {'Cancha(s) de Fútbol': 'true'}, {'Salón comunal': 'true'}, {'Zona para niños': 'true'}, {'Zonas verdes': 'true'}, {'Ubicado en edificio': 'true'}, {'Acceso con tarjetas o dispositivos': 'true'}, {'Ascensor': 'true'}, {'Características del Parqueadero cubierto': 'true'}, {'Parqueadero visitantes': 'true'}, {'Piscina': 'true'}, {'Con Terraza': 'true'}, {'Conjunto cerrado': 'true'}, {'Recepción Lobby': 'true'}, {'Roof garden': 'true'}, {'Terraza Rooftop': 'true'}, {'Tipo de parqueadero propio': 'true'}, {'Vivienda Bifamiliar': 'true'}, {'Cerca Centros Comerciales': 'true'}, {'Cerca Colegios / Universidades': 'true'}, {'Cerca Parques': 'true'}, {'Cerca Supermercados': 'true'}, {'Cerca Transporte Público': 'true'}, {'Ubicación zona centros negocios': 'true'}, {'Área Urbana': 'true'}]}",2026-09-11 19:07:31.339357+00:00
https://www.metrocuadrado.com/inmueble/arriendo-oficina-bogota-san-diego-3-banos/MC5620352?src_url=%2Finmuebles%2Farriendo%2Fbogota,"{'title': 'Oficina En Arriendo, SAN DIEGO', 'location': 'SAN DIEGO, Bogotá D.C.', 'price': '$ 4.500.000', 'area': None, 'estrato': None, 'main_specs': '3 bañ.', 'characteristics': [{'Baño Auxiliar': 'true'}, {'Cocineta': 'true'}, {'Equipado / Amoblado': 'true'}, {'Piso en madera': 'true'}, {'Número de piso 4': 'true'}, {'Cerca a hospitales': 'true'}, {'Ubicado en edificio': 'true'}, {'Ascensor': 'true'}, {'Vigilancia': 'true'}, {'Recepción Lobby': 'true'}, {'Cerca Centros Comerciales': 'true'}, {'Cerca Parques': 'true'}, {'Cerca Supermercados': 'true'}, {'Cerca Transporte Público': 'true'}, {'Ubicación zona centros negocios': 'true'}, {'Cerca Centros Comerciales': 'true'}, {'Cerca Parques': 'true'}, {'Cerca Supermercados': 'true'}, {'Cerca Transporte Público': 'true'}, {'Ubicación zona centros negocios': 'true'}]}",2026-09-11 19:07:36.644889+00:00
https://www.metrocuadrado.com/inmueble/arriendo-apartamento-bogota-san-antonio-nor-occidental-3-habitaciones-3-banos-1-garajes/MC7035488?src_url=%2Finmuebles%2Farriendo%2Fbogota,"{'title': 'Apartamento En Arriendo, SAN ANTONIO NORTE USAQUEN Orquídeas', 'location': 'SAN ANTONIO NORTE USAQUEN Orquídeas, Bogotá D.C.', 'price': '$ 1.700.000', 'area': None, 'estrato': None, 'main_specs': '3 hab. | 3 bañ. | 1 par.', 'characteristics': [{'Baño Auxiliar': 'true'}, {'Cocina Tipo Americano': 'true'}, {'Cocina integral': 'true'}, {'Depósito o cuarto útil': 'true'}, {'Piso en madera': 'true'}, {'Piso en porcelanato': 'true'}, {'Zona de lavanderia': 'true'}, {'Extractor': 'true'}, {'Horno': 'true'}, {'Luz en la tarde': 'true'}, {'Número de piso 2': 'true'}, {'Shut de basura': 'true'}, {'Cerca a gimnasio': 'true'}, {'Cerca a hospitales': 'true'}, {'Cerca a Jardines y Colegios': 'true'}, {'Cerca a restaurantes': 'true'}, {'Cerca a tiendas de barrio': 'true'}, {'Salón comunal': 'true'}, {'Zona para niños': 'true'}, {'Zonas verdes': 'true'}, {'Ubicado en edificio': 'true'}, {'Acceso con tarjetas o dispositivos': 'true'}, {'Bahias de parqueo': 'true'}, {'Características del Parqueadero descubierto': 'true'}, {'Parqueadero visitantes': 'true'}, {'Vigilancia': 'true'}, {'Conjunto cerrado': 'true'}, {'Tipo de parqueadero propio': 'true'}, {'Cerca Centros Comerciales': 'true'}, {'Cerca Colegios / Universidades': 'true'}, {'Cerca Parques': 'true'}, {'Cerca Supermercados': 'true'}, {'Cerca Transporte Público': 'true'}, {'Área Urbana': 'true'}, {'Cerca Centros Comerciales': 'true'}, {'Cerca Colegios / Universidades': 'true'}, {'Cerca Parques': 'true'}, {'Cerca Supermercados': 'true'}, {'Cerca Transporte Público': 'true'}, {'Área Urbana': 'true'}]}",2026-09-11 19:07:42.539610+00:00
https://www.metrocuadrado.com/inmueble/arriendo-apartamento-bogota-brasilia-3-habitaciones-2-banos/MC4481588?src_url=%2Finmuebles%2Farriendo%2Fbogota,"{'title': 'Apartamento En Arriendo, NUEVA PRIMAVERA Puente Aranda', 'location': 'NUEVA PRIMAVERA Puente Aranda, Bogotá D.C.', 'price': '$ 1.900.000', 'area': None, 'estrato': None, 'main_specs': '3 hab. | 2 bañ.', 'characteristics': [{'Citófonos': 'true'}, {'Cocina integral': 'true'}, {'Piso en madera': 'true'}, {'Zona de lavanderia': 'true'}, {'Número de piso 1': 'true'}, {'Cerca Centros Comerciales': 'true'}, {'Cerca Colegios / Universidades': 'true'}, {'Cerca Parques': 'true'}, {'Cerca Supermercados': 'true'}, {'Cerca Transporte Público': 'true'}, {'Ubicación zona centros negocios': 'true'}, {'Área Urbana': 'true'}, {'Cerca Centros Comerciales': 'true'}, {'Cerca Colegios / Universidades': 'true'}, {'Cerca Parques': 'true'}, {'Cerca Supermercados': 'true'}, {'Cerca Transporte Público': 'true'}, {'Ubicación zona centros negocios': 'true'}, {'Área Urbana': 'true'}]}",2026-09-11 19:07:47.855063+00:00
https://www.metrocuadrado.com/inmueble/arriendo-bodega-bogota-las-orquideas/4137-M6916852?src_url=%2Finmuebles%2Farriendo%2Fbogota%2F%3Fsearch%3Dform,"{'title': 'Bodega En Arriendo, EL TOBERIN', 'location': 'EL TOBERIN, Bogotá D.C.', 'price': '$ 11.400.000', 'area': None, 'estrato': None, 'main_specs': None, 'characteristics': [{'Con oficinas': 'true'}, {'Número bodega 1': 'true'}, {'Tipo bodega otro': 'true'}]}",2026-09-11 19:07:52.566406+00:00
https://www.metrocuadrado.com/inmueble/arriendo-oficina-bogota-la-porciuncula-2-banos-1-garajes/2238-M6926408?src_url=%2Finmuebles%2Farriendo%2Fbogota%2F%3Fsearch%3Dform,"{'title': 'Oficina En Arriendo, EL LAGO', 'location': 'EL LAGO, Bogotá D.C.', 'price': '$ 3.600.000', 'area': None, 'estrato': None, 'main_specs': '2 bañ. | 1 par.', 'characteristics': [{'Citófonos': 'true'}, {'Escalera de Emergencia': 'true'}, {'Número de piso 5': 'true'}, {'Tipo de oficina edificio': 'true'}, {'Tipo de acabado piso madera': 'true'}, {'Vista exterior': 'true'}, {'Ascensor': 'true'}, {'Parqueadero cubierto': 'true'}, {'Vista panorámica': 'true'}, {'Número de Ascensores 1': 'true'}, {'Vigilancia 24hrs': 'true'}, {'Cerca Centros Comerciales': 'true'}, {'Cerca Colegios / Universidades': 'true'}, {'Cerca Supermercados': 'true'}, {'Cerca Transporte Público': 'true'}, {'Sobre vía principal': 'true'}, {'Ubicación zona centros negocios': 'true'}, {'Cerca Centros Comerciales': 'true'}, {'Cerca Colegios / Universidades': 'true'}, {'Cerca Supermercados': 'true'}, {'Cerca Transporte Público': 'true'}, {'Sobre vía principal': 'true'}, {'Ubicación zona centros negocios': 'true'}]}",2026-09-11 19:07:57.425412+00:00
https://www.metrocuadrado.com/inmueble/arriendo-apartamento-bogota-el-nogal-4-habitaciones-5-banos-4-garajes/3340-M4410600?src_url=%2Finmuebles%2Farriendo%2Fbogota%2F%3Fsearch%3Dform,"{'title': 'Apartamento En Arriendo, EL NOGAL MB SAS', 'location': 'EL NOGAL MB SAS, Bogotá D.C.', 'price': '$ 22.950.000', 'area': None, 'estrato': None, 'main_specs': '4 hab. | 5 bañ. | 4 par.', 'characteristics': [{'Con chimenea': 'true'}, {'Citófonos': 'true'}, {'Tipo de Cortinas persianas': 'true'}, {'Estudio o biblioteca': 'true'}, {'Hall de Alcobas': 'true'}, {'Jacuzzi': 'true'}, {'Puertas de seguridad': 'true'}, {'Zona de lavanderia': 'true'}, {'Control de ruido': 'true'}, {'Dúplex': 'true'}, {'Extractor': 'true'}, {'Horno': 'true'}, {'Tipo instalación de gas natural': 'true'}, {'Luz en la mañana': 'true'}, {'Luz en la tarde': 'true'}, {'Número de Closets 4': 'true'}, {'Número de piso 5': 'true'}, {'PentHouse': 'true'}, {'Tipo de calentador gas': 'true'}, {'Tipo de Cocina abierta': 'true'}, {'Tipo comedor sala comedor': 'true'}, {'Depósito 1': 'true'}, {'Tipo de estufa gas': 'true'}, {'Tipo de acabado piso laminado': 'true'}, {'Tipo de piso en alcobas laminado': 'true'}, {'Tipo de piso en comedor laminado': 'true'}, {'Tipo de piso en estudio laminado': 'true'}, {'Tipo de piso en sala laminado': 'true'}, {'Vista exterior': 'true'}, {'Walking closet': 'true'}, {'Cerca a gimnasio': 'true'}, {'Cerca a hospitales': 'true'}, {'Cerca a Jardines y Colegios': 'true'}, {'Cerca a restaurantes': 'true'}, {'Cerca a tiendas de barrio': 'true'}, {'Gimnasio': 'true'}, {'Zona de BBQ': 'true'}, {'Área Terraza/Balcón 143': 'true'}, {'Ascensor': 'true'}, {'Circuito cerrado de TV': 'true'}, {'Parqueadero cubierto': 'true'}, {'Vista panorámica': 'true'}, {'Número de Ascensores 2': 'true'}, {'Terraza/Balcón terraza': 'true'}, {'Tipo de parqueadero independiente': 'true'}, {'Vigilancia 24hrs': 'true'}, {'Cerca Centros Comerciales': 'true'}, {'Cerca Colegios / Universidades': 'true'}, {'Cerca Parques': 'true'}, {'Cerca Supermercados': 'true'}, {'Cerca Transporte Público': 'true'}, {'Sobre vía secundaria': 'true'}, {'Cerca Centros Comerciales': 'true'}, {'Cerca Colegios / Universidades': 'true'}, {'Cerca Parques': 'true'}, {'Cerca Supermercados': 'true'}, {'Cerca Transporte Público': 'true'}, {'Sobre vía secundaria': 'true'}]}",2026-09-11 19:08:02.848756+00:00
https://www.metrocuadrado.com/inmueble/arriendo-apartamento-bogota-ciudad-salitre-sur-oriental-1-habitaciones-1-banos/MC6301899?src_url=%2Finmuebles%2Farriendo%2Fbogota%2F%3Fsearch%3Dform,"{'title': 'Apartamento En Arriendo, CIUDAD SALITRE Zona Urbana', 'location': 'CIUDAD SALITRE Zona Urbana, Bogotá D.C.', 'price': '$ 2.870.000', 'area': None, 'estrato': None, 'main_specs': '1 hab. | 1 bañ.', 'characteristics': [{'Citófonos': 'true'}, {'Cocina Tipo Americano': 'true'}, {'Cocina integral': 'true'}, {'Depósito o cuarto útil': 'true'}, {'Extractor': 'true'}, {'Horno': 'true'}, {'Luz en la mañana': 'true'}, {'Luz en la tarde': 'true'}, {'Número de piso 4': 'true'}, {'Puerta eléctrica': 'true'}, {'Shut de basura': 'true'}, {'Walking closet': 'true'}, {'Cerca a gimnasio': 'true'}, {'Cerca a hospitales': 'true'}, {'Cerca a Jardines y Colegios': 'true'}, {'Cerca a restaurantes': 'true'}, {'Cerca a tiendas de barrio': 'true'}, {'Salón comunal': 'true'}, {'Zona para niños': 'true'}, {'Zonas verdes': 'true'}, {'Ubicado en edificio': 'true'}, {'Acceso con tarjetas o dispositivos': 'true'}, {'Ascensor': 'true'}, {'Parqueadero visitantes': 'true'}, {'Piscina': 'true'}, {'Con Terraza': 'true'}, {'Vigilancia': 'true'}, {'Recepción Lobby': 'true'}, {'Terraza Rooftop': 'true'}, {'Cerca Centros Comerciales': 'true'}, {'Cerca Colegios / Universidades': 'true'}, {'Cerca Parques': 'true'}, {'Cerca Supermercados': 'true'}, {'Cerca Transporte Público': 'true'}, {'Cerca Centros Comerciales': 'true'}, {'Cerca Colegios / Universidades': 'true'}, {'Cerca Parques': 'true'}, {'Cerca Supermercados': 'true'}, {'Cerca Transporte Público': 'true'}]}",2026-09-11 19:08:08.867067+00:00
https://www.metrocuadrado.com/inmueble/arriendo-apartamento-bogota-ciudad-salitre-sur-oriental-2-habitaciones-2-banos/MC6301898?src_url=%2Finmuebles%2Farriendo%2Fbogota%2F%3Fsearch%3Dform,"{'title': 'Apartamento En Arriendo, CIUDAD SALITRE Zona Urbana', 'location': 'CIUDAD SALITRE Zona Urbana, Bogotá D.C.', 'price': '$ 3.736.000', 'area': None, 'estrato': None, 'main_specs': '2 hab. | 2 bañ.', 'characteristics': [{'Baño Auxiliar': 'true'}, {'Citófonos': 'true'}, {'Cocina Tipo Americano': 'true'}, {'Cocina integral': 'true'}, {'Zona de lavanderia': 'true'}, {'Extractor': 'true'}, {'Horno': 'true'}, {'Luz en la mañana': 'true'}, {'Luz en la tarde': 'true'}, {'Número de piso 7': 'true'}, {'Shut de basura': 'true'}, {'Walking closet': 'true'}, {'Cerca a gimnasio': 'true'}, {'Cerca a hospitales': 'true'}, {'Cerca a Jardines y Colegios': 'true'}, {'Cerca a restaurantes': 'true'}, {'Cerca a tiendas de barrio': 'true'}, {'Salón comunal': 'true'}, {'Zonas verdes': 'true'}, {'Ubicado en edificio': 'true'}, {'Ascensor': 'true'}, {'Parqueadero visitantes': 'true'}, {'Piscina': 'true'}, {'Con Terraza': 'true'}, {'Vigilancia': 'true'}, {'Recepción Lobby': 'true'}, {'Terraza Rooftop': 'true'}, {'Cerca Centros Comerciales': 'true'}, {'Cerca Colegios / Universidades': 'true'}, {'Cerca Parques': 'true'}, {'Cerca Supermercados': 'true'}, {'Cerca Transporte Público': 'true'}, {'Área Urbana': 'true'}, {'Cerca Centros Comerciales': 'true'}, {'Cerca Colegios / Universidades': 'true'}, {'Cerca Parques': 'true'}, {'Cerca Supermercados': 'true'}, {'Cerca Transporte Público': 'true'}, {'Área Urbana': 'true'}]}",2026-09-11 19:08:14.309940+00:00
https://www.metrocuadrado.com/inmueble/arriendo-local-comercial-bogota-santa-barbara-central-2-banos-4-garajes/MC7028137?src_url=%2Finmuebles%2Farriendo%2Fbogota%2F%3Fsearch%3Dform,"{'title': 'Local Comercial En Arriendo, SANTA BARBARA CENTRAL Santa Bárbara', 'location': 'SANTA BARBARA CENTRAL Santa Bárbara, Bogotá D.C.', 'price': '$ 15.500.000', 'area': None, 'estrato': None, 'main_specs': '2 bañ. | 4 par.', 'characteristics': [{'Alarma': 'true'}, {'Piso en porcelanato': 'true'}, {'Depósito Bodega': 'true'}, {'Número local 1': 'true'}, {'Número de piso 1': 'true'}, {'Ventilación Natural': 'true'}, {'Cerca a hospitales': 'true'}, {'Ubicado en centro comercial': 'true'}, {'Ubicado en edificio': 'true'}, {'Bahias de parqueo': 'true'}, {'Parqueadero visitantes': 'true'}, {'Vigilancia': 'true'}, {'En oficinas': 'true'}, {'Sistema contra incendio': 'true'}, {'Tipo de parqueadero servidumbre': 'true'}, {'Cerca Centros Comerciales': 'true'}, {'Cerca Colegios / Universidades': 'true'}, {'Cerca Parques': 'true'}, {'Cerca Supermercados': 'true'}, {'Cerca Transporte Público': 'true'}, {'Cerca Centros Comerciales': 'true'}, {'Cerca Colegios / Universidades': 'true'}, {'Cerca Parques': 'true'}, {'Cerca Supermercados': 'true'}, {'Cerca Transporte Público': 'true'}]}",2026-09-11 19:08:19.574395+00:00
https://www.metrocuadrado.com/inmueble/arriendo-apartamento-bogota-quinta-paredes-3-habitaciones-2-banos-1-garajes/MC7039278?src_url=%2Finmuebles%2Farriendo%2Fbogota%2F%3Fsearch%3Dform,"{'title': 'Apartamento En Arriendo, Quinta Paredes Teusaquillo Centro Nariño', 'location': 'Quinta Paredes Teusaquillo Centro Nariño, Bogotá D.C.', 'price': '$ 3.200.000', 'area': None, 'estrato': None, 'main_specs': '3 hab. | 2 bañ. | 1 par.', 'characteristics': [{'Citófonos': 'true'}, {'Cocina Tipo Americano': 'true'}, {'Cocina integral': 'true'}, {'Depósito o cuarto útil': 'true'}, {'Piso en porcelanato': 'true'}, {'Zona de lavanderia': 'true'}, {'Extractor': 'true'}, {'Horno': 'true'}, {'Lavaplatos': 'true'}, {'Luz en la mañana': 'true'}, {'Número de piso 4': 'true'}, {'Cerca a restaurantes': 'true'}, {'Ubicado en edificio': 'true'}, {'Acceso con tarjetas o dispositivos': 'true'}, {'Características del Parqueadero cubierto': 'true'}, {'Recepción Lobby': 'true'}, {'Tipo de parqueadero propio': 'true'}, {'Cerca Centros Comerciales': 'true'}, {'Cerca Parques': 'true'}, {'Cerca Supermercados': 'true'}, {'Cerca Transporte Público': 'true'}, {'Área Urbana': 'true'}, {'Cerca Centros Comerciales': 'true'}, {'Cerca Parques': 'true'}, {'Cerca Supermercados': 'true'}, {'Cerca Transporte Público': 'true'}, {'Área Urbana': 'true'}]}",2026-09-11 19:08:24.842321+00:00
https://www.metrocuadrado.com/inmueble/arriendo-apartamento-bogota-san-patricio-1-habitaciones-2-banos-2-garajes/MC7035074?src_url=%2Finmuebles%2Farriendo%2Fbogota%2F%3Fsearch%3Dform,"{'title': 'Apartamento En Arriendo, SAN PATRICIO Zona Urbana', 'location': 'SAN PATRICIO Zona Urbana, Bogotá D.C.', 'price': '$ 6.500.000', 'area': None, 'estrato': None, 'main_specs': '1 hab. | 2 bañ. | 2 par.', 'characteristics': [{'Baño Auxiliar': 'true'}, {'Con chimenea': 'true'}, {'Citófonos': 'true'}, {'Cocina Tipo Americano': 'true'}, {'Cocina integral': 'true'}, {'Depósito o cuarto útil': 'true'}, {'Equipado / Amoblado': 'true'}, {'Piso en madera': 'true'}, {'Zona de lavanderia': 'true'}, {'Horno': 'true'}, {'Lavaplatos': 'true'}, {'Luz en la mañana': 'true'}, {'Luz en la tarde': 'true'}, {'Número de piso 6': 'true'}, {'Shut de basura': 'true'}, {'Walking closet': 'true'}, {'Cerca a gimnasio': 'true'}, {'Cerca a hospitales': 'true'}, {'Cerca a Jardines y Colegios': 'true'}, {'Cerca a restaurantes': 'true'}, {'Cerca a tiendas de barrio': 'true'}, {'Zonas verdes': 'true'}, {'Ubicado en edificio': 'true'}, {'Ascensor': 'true'}, {'Características del Parqueadero cubierto': 'true'}, {'Parqueadero visitantes': 'true'}, {'Vigilancia': 'true'}, {'Recepción Lobby': 'true'}, {'Terraza Rooftop': 'true'}, {'Tipo de parqueadero servidumbre': 'true'}, {'Cerca Centros Comerciales': 'true'}, {'Cerca Colegios / Universidades': 'true'}, {'Cerca Parques': 'true'}, {'Cerca Supermercados': 'true'}, {'Cerca Transporte Público': 'true'}, {'Ubicación zona centros negocios': 'true'}, {'Área Urbana': 'true'}, {'Cerca Centros Comerciales': 'true'}, {'Cerca Colegios / Universidades': 'true'}, {'Cerca Parques': 'true'}, {'Cerca Supermercados': 'true'}, {'Cerca Transporte Público': 'true'}, {'Ubicación zona centros negocios': 'true'}, {'Área Urbana': 'true'}]}",2026-09-11 19:08:30.645349+00:00
https://www.metrocuadrado.com/inmueble/arriendo-apartamento-bogota-aeropuerto-el-dorado-1-habitaciones-1-banos/MC6854614?src_url=%2Finmuebles%2Farriendo%2Fbogota%2F%3Fsearch%3Dform,"{'title': 'Apartamento En Arriendo, AEROPUERTO EL DORADO Zona Urbana', 'location': 'AEROPUERTO EL DORADO Zona Urbana, Bogotá D.C.', 'price': '$ 1.800.000', 'area': None, 'estrato': None, 'main_specs': '1 hab. | 1 bañ.', 'characteristics': [{'Citófonos': 'true'}, {'Jacuzzi': 'true'}, {'Piso en madera': 'true'}, {'Detección de humo': 'true'}, {'Extractor': 'true'}, {'Lavaplatos': 'true'}, {'Luz en la tarde': 'true'}, {'Número de piso 3': 'true'}, {'Shut de basura': 'true'}, {'Cerca a gimnasio': 'true'}, {'Cerca a Jardines y Colegios': 'true'}, {'Cerca a parque industrial': 'true'}, {'Cerca a restaurantes': 'true'}, {'Salón comunal': 'true'}, {'Sauna y/o turco': 'true'}, {'Ubicado en edificio': 'true'}, {'Ascensor': 'true'}, {'Vigilancia': 'true'}, {'Recepción Lobby': 'true'}, {'Terraza Rooftop': 'true'}, {'Cerca Centros Comerciales': 'true'}, {'Cerca Supermercados': 'true'}, {'Cerca Transporte Público': 'true'}, {'Ubicación zona centros negocios': 'true'}, {'Cerca Centros Comerciales': 'true'}, {'Cerca Supermercados': 'true'}, {'Cerca Transporte Público': 'true'}, {'Ubicación zona centros negocios': 'true'}]}",2026-09-11 19:08:36.099371+00:00
https://www.metrocuadrado.com/inmueble/arriendo-apartamento-bogota-chapinero-central-1-habitaciones-1-banos/21601-M6834567?src_url=%2Finmuebles%2Farriendo%2Fbogota%2F%3Fsearch%3Dform,"{'title': 'Apartamento En Arriendo, CHAPINERO', 'location': 'CHAPINERO, Bogotá D.C.', 'price': '$ 1.560.000', 'area': None, 'estrato': None, 'main_specs': '1 hab. | 1 bañ.', 'characteristics': [{'Citófonos': 'true'}, {'Tipo de Cortinas ninguna': 'true'}, {'Zona de lavanderia': 'true'}, {'En interior y/o bloque': 'true'}, {'Extractor': 'true'}, {'Tipo instalación de gas ninguno': 'true'}, {'Número de Closets 1': 'true'}, {'Número de piso 8': 'true'}, {'Se Permiten Mascotas': 'true'}, {'Tipo de calentador electrico': 'true'}, {'Tipo de Cocina abierta': 'true'}, {'Depósito 0': 'true'}, {'Tipo de estufa electrica': 'true'}, {'Tipo de acabado piso laminado': 'true'}, {'Tipo de piso en alcobas laminado': 'true'}, {'Tipo de piso en sala laminado': 'true'}, {'Vista interior': 'true'}, {'Gimnasio': 'true'}, {'Ascensor': 'true'}, {'Vista panorámica': 'true'}, {'Conjunto cerrado': 'true'}, {'Número de Ascensores 3': 'true'}, {'Cerca Colegios / Universidades': 'true'}, {'Cerca Supermercados': 'true'}, {'Cerca Transporte Público': 'true'}, {'Sobre vía principal': 'true'}, {'Cerca Colegios / Universidades': 'true'}, {'Cerca Supermercados': 'true'}, {'Cerca Transporte Público': 'true'}, {'Sobre vía principal': 'true'}]}",2026-09-11 19:08:40.882139+00:00
https://www.metrocuadrado.com/sistema-alarma-seguridad?cd_origin=result_result-grid_detail-card,"{'title': None, 'location': None, 'price': None, 'area': None, 'estrato': None, 'main_specs': None, 'characteristics': [{'key_0': 'true'}]}",2026-09-11 19:09:45.538610+00:00
https://www.metrocuadrado.com/inmueble/arriendo-oficina-bogota-la-porciuncula-1-banos/MC6972804?src_url=%2Finmuebles%2Farriendo%2Fbogota%2F%3Fsearch%3Dform,"{'title': 'Oficina En Arriendo, El Nogal', 'location': 'El Nogal, Bogotá D.C.', 'price': '$ 2.050.000', 'area': None, 'estrato': None, 'main_specs': '1 bañ.', 'characteristics': [{'Baño Auxiliar': 'true'}, {'Citófonos': 'true'}, {'Cocineta': 'true'}, {'Equipado / Amoblado': 'true'}, {'Piso en madera': 'true'}, {'Escalera de Emergencia': 'true'}, {'Número de piso 3': 'true'}, {'Cerca a gimnasio': 'true'}, {'Cerca a hospitales': 'true'}, {'Ubicado en edificio': 'true'}, {'Ascensor': 'true'}, {'Vigilancia': 'true'}, {'Jardines': 'true'}, {'Recepción Lobby': 'true'}, {'Cerca Centros Comerciales': 'true'}, {'Cerca Colegios / Universidades': 'true'}, {'Cerca Parques': 'true'}, {'Cerca Supermercados': 'true'}, {'Cerca Transporte Público': 'true'}, {'Ubicación zona centros negocios': 'true'}, {'Cerca Centros Comerciales': 'true'}, {'Cerca Colegios / Universidades': 'true'}, {'Cerca Parques': 'true'}, {'Cerca Supermercados': 'true'}, {'Cerca Transporte Público': 'true'}, {'Ubicación zona centros negocios': 'true'}]}",2026-09-11 19:09:50.898480+00:00
https://www.metrocuadrado.com/inmueble/arriendo-apartamento-bogota-casa-blanca-2-habitaciones-1-banos/MC6958276?src_url=%2Finmuebles%2Farriendo%2Fbogota%2F%3Fsearch%3Dform,"{'title': 'Apartamento En Arriendo, LAGOS DE TORCA', 'location': 'LAGOS DE TORCA, Bogotá D.C.', 'price': '$ 1.500.000', 'area': None, 'estrato': None, 'main_specs': '2 hab. | 1 bañ.', 'characteristics': [{'Citófonos': 'true'}, {'Cocina Tipo Americano': 'true'}, {'Cocina integral': 'true'}, {'Piso en porcelanato': 'true'}, {'Zona de lavanderia': 'true'}, {'Extractor': 'true'}, {'Lavaplatos': 'true'}, {'Luz en la mañana': 'true'}, {'Luz en la tarde': 'true'}, {'Número de piso 14': 'true'}, {'Salón comunal': 'true'}, {'Zona para niños': 'true'}, {'Zonas verdes': 'true'}, {'Ascensor': 'true'}, {'Vigilancia': 'true'}, {'Conjunto cerrado': 'true'}, {'Recepción Lobby': 'true'}, {'Cerca Centros Comerciales': 'true'}, {'Cerca Colegios / Universidades': 'true'}, {'Cerca Supermercados': 'true'}, {'Área Urbana': 'true'}, {'Cerca Centros Comerciales': 'true'}, {'Cerca Colegios / Universidades': 'true'}, {'Cerca Supermercados': 'true'}, {'Área Urbana': 'true'}]}",2026-09-11 19:09:56.335791+00:00
https://www.metrocuadrado.com/inmueble/arriendo-apartamento-bogota-maria-cristina-1-habitaciones-1-banos-1-garajes/MC6983822?src_url=%2Finmuebles%2Farriendo%2Fbogota%2F%3Fsearch%3Dform,"{'title': 'Apartamento En Arriendo, CHAPINERO ALTO Zona Urbana', 'location': 'CHAPINERO ALTO Zona Urbana, Bogotá D.C.', 'price': '$ 1.590.000', 'area': None, 'estrato': None, 'main_specs': '1 hab. | 1 bañ. | 1 par.', 'characteristics': [{'Citófonos': 'true'}, {'Cocina Tipo Americano': 'true'}, {'Cocina integral': 'true'}, {'Piso en baldosa': 'true'}, {'Zona de lavanderia': 'true'}, {'Despensa': 'true'}, {'Extractor': 'true'}, {'Horno': 'true'}, {'Lavaplatos': 'true'}, {'Luz en la mañana': 'true'}, {'Luz en la tarde': 'true'}, {'Monoambiente': 'true'}, {'Número de piso 3': 'true'}, {'Shut de basura': 'true'}, {'Cerca a gimnasio': 'true'}, {'Cerca a hospitales': 'true'}, {'Cerca a Jardines y Colegios': 'true'}, {'Cerca a restaurantes': 'true'}, {'Cerca a tiendas de barrio': 'true'}, {'Ubicado en edificio': 'true'}, {'Ascensor': 'true'}, {'Bahias de parqueo': 'true'}, {'Características del Parqueadero descubierto': 'true'}, {'Vigilancia': 'true'}, {'Recepción Lobby': 'true'}, {'Tipo de parqueadero propio': 'true'}, {'Cerca Centros Comerciales': 'true'}, {'Cerca Colegios / Universidades': 'true'}, {'Cerca Parques': 'true'}, {'Cerca Supermercados': 'true'}, {'Cerca Transporte Público': 'true'}, {'Área Urbana': 'true'}, {'Cerca Centros Comerciales': 'true'}, {'Cerca Colegios / Universidades': 'true'}, {'Cerca Parques': 'true'}, {'Cerca Supermercados': 'true'}, {'Cerca Transporte Público': 'true'}, {'Área Urbana': 'true'}]}",2026-09-11 19:10:01.766184+00:00
https://www.metrocuadrado.com/inmueble/arriendo-local-comercial-bogota-casa-blanca/22225-M6948353?src_url=%2Finmuebles%2Farriendo%2Fbogota%2F%3Fsearch%3Dform,"{'title': 'Local Comercial En Arriendo, CASABLANCA', 'location': 'CASABLANCA, Bogotá D.C.', 'price': '$ 225.000.000', 'area': None, 'estrato': None, 'main_specs': None, 'characteristics': [{'Alarma': 'true'}, {'Depósito Bodega': 'true'}, {'Equipado': 'true'}, {'Número local 1': 'true'}, {'Número de piso 1': 'true'}, {'Tipo local en centro comercial': 'true'}, {'Tipo de acabado piso baldosa': 'true'}, {'Ventilación Natural': 'true'}, {'Vista exterior': 'true'}, {'Cerca a hospitales': 'true'}, {'Ubicado en centro comercial': 'true'}, {'Acceso para discapacitados': 'true'}, {'Circuito cerrado de TV': 'true'}, {'Vista panorámica': 'true'}, {'En plazoleta de comidas': 'true'}, {'Generador eléctrico': 'true'}, {'Vigilancia 24hrs': 'true'}, {'Cerca Colegios / Universidades': 'true'}, {'Cerca Parques': 'true'}, {'Cerca Transporte Público': 'true'}, {'Sobre vía principal': 'true'}, {'Sobre vía secundaria': 'true'}, {'Cerca Colegios / Universidades': 'true'}, {'Cerca Parques': 'true'}, {'Cerca Transporte Público': 'true'}, {'Sobre vía principal': 'true'}, {'Sobre vía secundaria': 'true'}]}",2026-09-11 19:10:06.792318+00:00
https://www.metrocuadrado.com/inmueble/arriendo-oficina-bogota-santa-ana-occidental-5-banos-2-garajes/22225-M6495832?src_url=%2Finmuebles%2Farriendo%2Fbogota%2F%3Fsearch%3Dform,"{'title': 'Oficina En Arriendo, SANTA BARBARA ORIENTAL', 'location': 'SANTA BARBARA ORIENTAL, Bogotá D.C.', 'price': '$ 7.800.000', 'area': None, 'estrato': None, 'main_specs': '5 bañ. | 2 par.', 'characteristics': [{'Aire acondicionado': 'true'}, {'Citófonos': 'true'}, {'Puertas de seguridad': 'true'}, {'Control de ruido': 'true'}, {'Control térmico': 'true'}, {'Detección de humo': 'true'}, {'Equipado': 'true'}, {'Escalera de Emergencia': 'true'}, {'Número de piso 5': 'true'}, {'Tipo de oficina edificio': 'true'}, {'Vista exterior': 'true'}, {'Cerca a gimnasio': 'true'}, {'Cerca a hospitales': 'true'}, {'Acceso con tarjetas o dispositivos': 'true'}, {'Ascensor': 'true'}, {'Acceso para discapacitados': 'true'}, {'Circuito cerrado de TV': 'true'}, {'Parqueadero cubierto': 'true'}, {'Vista panorámica': 'true'}, {'Generador eléctrico': 'true'}, {'Jardines': 'true'}, {'Número de Ascensores 4': 'true'}, {'Recepción Lobby': 'true'}, {'Salón de juegos': 'true'}, {'Sistema contra incendio': 'true'}, {'Vigilancia 24hrs': 'true'}, {'Cerca Centros Comerciales': 'true'}, {'Cerca Colegios / Universidades': 'true'}, {'Cerca Parques': 'true'}, {'Cerca Supermercados': 'true'}, {'Cerca Transporte Público': 'true'}, {'Sobre vía principal': 'true'}, {'Sobre vía secundaria': 'true'}, {'Ubicación zona centros negocios': 'true'}, {'Cerca Centros Comerciales': 'true'}, {'Cerca Colegios / Universidades': 'true'}, {'Cerca Parques': 'true'}, {'Cerca Supermercados': 'true'}, {'Cerca Transporte Público': 'true'}, {'Sobre vía principal': 'true'}, {'Sobre vía secundaria': 'true'}, {'Ubicación zona centros negocios': 'true'}]}",2026-09-11 19:10:12.097859+00:00
https://www.metrocuadrado.com/inmueble/arriendo-oficina-bogota-el-retiro-1-banos-2-garajes/22225-M6519110?src_url=%2Finmuebles%2Farriendo%2Fbogota%2F%3Fsearch%3Dform,"{'title': 'Oficina En Arriendo, LA CABRERA', 'location': 'LA CABRERA, Bogotá D.C.', 'price': '$ 8.300.000', 'area': None, 'estrato': None, 'main_specs': '1 bañ. | 2 par.', 'characteristics': [{'Citófonos': 'true'}, {'Puertas de seguridad': 'true'}, {'Detección de humo': 'true'}, {'Escalera de Emergencia': 'true'}, {'Número de piso 2': 'true'}, {'Tipo de oficina edificio': 'true'}, {'Tipo de acabado piso laminado': 'true'}, {'Vista exterior': 'true'}, {'Cerca a gimnasio': 'true'}, {'Cerca a hospitales': 'true'}, {'Acceso con tarjetas o dispositivos': 'true'}, {'Ascensor': 'true'}, {'Acceso para discapacitados': 'true'}, {'Circuito cerrado de TV': 'true'}, {'Parqueadero cubierto': 'true'}, {'Vista panorámica': 'true'}, {'Generador eléctrico': 'true'}, {'Jardines': 'true'}, {'Número de Ascensores 2': 'true'}, {'Recepción Lobby': 'true'}, {'Sistema contra incendio': 'true'}, {'Vigilancia 24hrs': 'true'}, {'Cerca Centros Comerciales': 'true'}, {'Cerca Colegios / Universidades': 'true'}, {'Cerca Parques': 'true'}, {'Cerca Supermercados': 'true'}, {'Cerca Transporte Público': 'true'}, {'Sobre vía principal': 'true'}, {'Sobre vía secundaria': 'true'}, {'Ubicación zona centros negocios': 'true'}, {'Cerca Centros Comerciales': 'true'}, {'Cerca Colegios / Universidades': 'true'}, {'Cerca Parques': 'true'}, {'Cerca Supermercados': 'true'}, {'Cerca Transporte Público': 'true'}, {'Sobre vía principal': 'true'}, {'Sobre vía secundaria': 'true'}, {'Ubicación zona centros negocios': 'true'}]}",2026-09-11 19:10:16.991063+00:00
https://www.metrocuadrado.com/inmueble/arriendo-apartamento-bogota-nueva-zelandia-1-habitaciones-1-banos-1-garajes/MC7025864?src_url=%2Finmuebles%2Farriendo%2Fbogota%2F%3Fsearch%3Dform,"{'title': 'Apartamento En Arriendo, NUEVA ZELANDIA Zona Urbana', 'location': 'NUEVA ZELANDIA Zona Urbana, Bogotá D.C.', 'price': '$ 2.100.000', 'area': None, 'estrato': None, 'main_specs': '1 hab. | 1 bañ. | 1 par.', 'characteristics': [{'Piso en baldosa': 'true'}, {'Lavaplatos': 'true'}, {'Luz en la mañana': 'true'}, {'Número de piso 17': 'true'}, {'Cerca a gimnasio': 'true'}, {'Cerca a restaurantes': 'true'}, {'Cerca a tiendas de barrio': 'true'}, {'Ascensor': 'true'}, {'Características del Parqueadero cubierto': 'true'}, {'Parqueadero visitantes': 'true'}, {'Conjunto cerrado': 'true'}, {'Recepción Lobby': 'true'}, {'Tipo de parqueadero independiente': 'true'}, {'Cerca Centros Comerciales': 'true'}, {'Cerca Supermercados': 'true'}, {'Cerca Transporte Público': 'true'}, {'Ubicación zona centros negocios': 'true'}, {'Cerca Centros Comerciales': 'true'}, {'Cerca Supermercados': 'true'}, {'Cerca Transporte Público': 'true'}, {'Ubicación zona centros negocios': 'true'}]}",2026-09-11 19:10:22.327212+00:00
https://www.metrocuadrado.com/inmueble/arriendo-apartamento-bogota-el-espartillal-3-habitaciones-2-banos-2-garajes/MC6943411?src_url=%2Finmuebles%2Farriendo%2Fbogota%2F%3Fsearch%3Dform,"{'title': 'Apartamento En Arriendo, EL ESPARTILLAL Zona Urbana', 'location': 'EL ESPARTILLAL Zona Urbana, Bogotá D.C.', 'price': '$ 5.500.000', 'area': None, 'estrato': None, 'main_specs': '3 hab. | 2 bañ. | 2 par.', 'characteristics': [{'Baño Auxiliar': 'true'}, {'Citófonos': 'true'}, {'Cocina integral': 'true'}, {'Cuarto de servicio': 'true'}, {'Depósito o cuarto útil': 'true'}, {'Estudio o biblioteca': 'true'}, {'Piso en madera': 'true'}, {'Zona de lavanderia': 'true'}, {'Horno': 'true'}, {'Luz en la mañana': 'true'}, {'Luz en la tarde': 'true'}, {'Número de piso 7': 'true'}, {'Walking closet': 'true'}, {'Cerca a gimnasio': 'true'}, {'Cerca a hospitales': 'true'}, {'Cerca a Jardines y Colegios': 'true'}, {'Cerca a restaurantes': 'true'}, {'Cerca a tiendas de barrio': 'true'}, {'Salón comunal': 'true'}, {'Ubicado en edificio': 'true'}, {'Ascensor': 'true'}, {'Características del Parqueadero cubierto': 'true'}, {'Parqueadero visitantes': 'true'}, {'Conjunto cerrado': 'true'}, {'Tipo de parqueadero propio': 'true'}, {'Cerca Centros Comerciales': 'true'}, {'Cerca Colegios / Universidades': 'true'}, {'Cerca Parques': 'true'}, {'Cerca Supermercados': 'true'}, {'Cerca Transporte Público': 'true'}, {'Ubicación zona centros negocios': 'true'}, {'Área Urbana': 'true'}, {'Cerca Centros Comerciales': 'true'}, {'Cerca Colegios / Universidades': 'true'}, {'Cerca Parques': 'true'}, {'Cerca Supermercados': 'true'}, {'Cerca Transporte Público': 'true'}, {'Ubicación zona centros negocios': 'true'}, {'Área Urbana': 'true'}]}",2026-09-11 19:10:28.349789+00:00
https://www.metrocuadrado.com/inmueble/arriendo-apartamento-bogota-reserva-de-la-sierra-3-habitaciones-4-banos-2-garajes/2671-M6557675?src_url=%2Finmuebles%2Farriendo%2Fbogota%2F%3Fsearch%3Dform,"{'title': 'Apartamento En Arriendo, Reserva De La Sierra', 'location': 'Reserva De La Sierra, Bogotá D.C.', 'price': '$ 15.000.000', 'area': None, 'estrato': None, 'main_specs': '3 hab. | 4 bañ. | 2 par.', 'characteristics': [{'Apto para niños': 'true'}, {'Alarma': 'true'}, {'Con chimenea': 'true'}, {'Hall de Alcobas': 'true'}, {'Despensa': 'true'}, {'Tipo instalación de gas natural': 'true'}, {'Lavaplatos': 'true'}, {'Luz en la mañana': 'true'}, {'Luz en la tarde': 'true'}, {'Número de piso 6': 'true'}, {'Se Permite Fumar': 'true'}, {'Se Permiten Mascotas': 'true'}, {'Tipo de Cocina abierta': 'true'}, {'Tipo comedor sala comedor': 'true'}, {'Tipo de estufa gas': 'true'}, {'Cerca a gimnasio': 'true'}, {'Cerca a Jardines y Colegios': 'true'}, {'Cerca a restaurantes': 'true'}, {'Cancha(s) de squash': 'true'}, {'Cancha(s) de Tennis': 'true'}, {'Gimnasio': 'true'}, {'Sauna y/o turco': 'true'}, {'Zona para niños': 'true'}, {'Zonas verdes': 'true'}, {'Ascensor': 'true'}, {'Parqueadero visitantes': 'true'}, {'Piscina': 'true'}, {'Vista panorámica': 'true'}, {'Terraza/Balcón ninguno': 'true'}, {'Tipo de parqueadero independiente': 'true'}, {'Vigilancia 24hrs': 'true'}, {'Cerca Centros Comerciales': 'true'}, {'Cerca Parques': 'true'}, {'Cerca Supermercados': 'true'}, {'Cerca Transporte Público': 'true'}, {'Área Urbana': 'true'}, {'Cerca Centros Comerciales': 'true'}, {'Cerca Parques': 'true'}, {'Cerca Supermercados': 'true'}, {'Cerca Transporte Público': 'true'}, {'Área Urbana': 'true'}]}",2026-09-11 19:10:33.745298+00:00
https://www.metrocuadrado.com/inmueble/arriendo-apartaestudio-bogota-asd-1-habitaciones-1-banos/20804-M6860153?src_url=%2Finmuebles%2Farriendo%2Fbogota%2F%3Fsearch%3Dform,"{'title': 'Apartaestudio En Arriendo, NORTH POINT', 'location': 'NORTH POINT, Bogotá D.C.', 'price': '$ 1.420.000', 'area': None, 'estrato': None, 'main_specs': '1 hab. | 1 bañ.', 'characteristics': [{'Tipo de Cortinas persianas': 'true'}, {'Zona de lavanderia': 'true'}, {'Horno': 'true'}, {'Tipo instalación de gas ninguno': 'true'}, {'Monoambiente': 'true'}, {'Número de Closets 1': 'true'}, {'Número de piso 12': 'true'}, {'Se Permiten Mascotas': 'true'}, {'Tipo de calentador electrico': 'true'}, {'Tipo de Cocina abierta': 'true'}, {'Tipo comedor sala comedor': 'true'}, {'Depósito 0': 'true'}, {'Tipo de estufa electrica': 'true'}, {'Tipo de acabado piso laminado': 'true'}, {'Tipo de piso en alcobas laminado': 'true'}, {'Vista exterior': 'true'}, {'Cerca a gimnasio': 'true'}, {'Cerca a hospitales': 'true'}, {'Cerca a Jardines y Colegios': 'true'}, {'Cerca a restaurantes': 'true'}, {'Cerca a tiendas de barrio': 'true'}, {'Gimnasio': 'true'}, {'Salón comunal': 'true'}, {'Zona de BBQ': 'true'}, {'Ascensor': 'true'}, {'Circuito cerrado de TV': 'true'}, {'Conjunto cerrado': 'true'}, {'Número de Ascensores 2': 'true'}, {'Terraza Rooftop': 'true'}, {'Vigilancia 24hrs': 'true'}, {'Cerca Centros Comerciales': 'true'}, {'Cerca Colegios / Universidades': 'true'}, {'Cerca Parques': 'true'}, {'Cerca Supermercados': 'true'}, {'Cerca Transporte Público': 'true'}, {'Cerca Centros Comerciales': 'true'}, {'Cerca Colegios / Universidades': 'true'}, {'Cerca Parques': 'true'}, {'Cerca Supermercados': 'true'}, {'Cerca Transporte Público': 'true'}]}",2026-09-11 19:10:38.655280+00:00
https://www.metrocuadrado.com/inmueble/arriendo-apartamento-bogota-na-3-habitaciones-5-banos-4-garajes/3220-M6950096?src_url=%2Finmuebles%2Farriendo%2Fbogota%2F%3Fsearch%3Dform,"{'title': 'Apartamento En Arriendo, Chico Reservado', 'location': 'Chico Reservado, Bogotá D.C.', 'price': '$ 23.000.000', 'area': None, 'estrato': None, 'main_specs': '3 hab. | 5 bañ. | 4 par.', 'characteristics': [{'Baño Auxiliar': 'true'}, {'Baño de Servicio': 'true'}, {'Con calefacción': 'true'}, {'Con chimenea': 'true'}, {'Citófonos': 'true'}, {'Cocina Tipo Americano': 'true'}, {'Cocina integral': 'true'}, {'Comedor auxiliar': 'true'}, {'Cuarto de servicio': 'true'}, {'Depósito o cuarto útil': 'true'}, {'Estudio o biblioteca': 'true'}, {'Hall de Alcobas': 'true'}, {'Jacuzzi': 'true'}, {'Zona de lavanderia': 'true'}, {'Despensa': 'true'}, {'Extractor': 'true'}, {'Horno': 'true'}, {'Lavaplatos': 'true'}, {'Luz en la mañana': 'true'}, {'Luz en la tarde': 'true'}, {'Monoambiente': 'true'}, {'Número de piso 4': 'true'}, {'Shut de basura': 'true'}, {'Depósito 1': 'true'}, {'Walking closet': 'true'}, {'Cerca a hospitales': 'true'}, {'Cerca a Jardines y Colegios': 'true'}, {'Cerca a restaurantes': 'true'}, {'Cerca a tiendas de barrio': 'true'}, {'Gimnasio': 'true'}, {'Salón comunal': 'true'}, {'Zona para niños': 'true'}, {'Zonas verdes': 'true'}, {'Ascensor': 'true'}, {'Circuito cerrado de TV': 'true'}, {'Parqueadero visitantes': 'true'}, {'Piscina': 'true'}, {'Con Terraza': 'true'}, {'Vigilancia': 'true'}, {'Vista panorámica': 'true'}, {'Conjunto cerrado': 'true'}, {'Recepción Lobby': 'true'}, {'Terraza/Balcón balcón': 'true'}, {'Terraza Rooftop': 'true'}, {'Cerca Colegios / Universidades': 'true'}, {'Cerca Parques': 'true'}, {'Cerca Transporte Público': 'true'}, {'Área Urbana': 'true'}, {'Cerca Colegios / Universidades': 'true'}, {'Cerca Parques': 'true'}, {'Cerca Transporte Público': 'true'}, {'Área Urbana': 'true'}]}",2026-09-11 19:10:44.186746+00:00
https://www.metrocuadrado.com/inmueble/arriendo-oficina-bogota-julio-florez-5-banos-4-garajes/5161-M6767332?src_url=%2Finmuebles%2Farriendo%2Fbogota%2F%3Fsearch%3Dform,"{'title': 'Oficina En Arriendo, LA FLORESTA', 'location': 'LA FLORESTA, Bogotá D.C.', 'price': '$ 332.000.000', 'area': None, 'estrato': None, 'main_specs': '5 bañ. | 4 par.', 'characteristics': [{'Citófonos': 'true'}, {'Control de ruido': 'true'}, {'Control térmico': 'true'}, {'Depósito Bodega': 'true'}, {'Detección de humo': 'true'}, {'Equipado': 'true'}, {'Escalera de Emergencia': 'true'}, {'Número de piso 0': 'true'}, {'Salón de conferencias': 'true'}, {'Se Permite Fumar': 'true'}, {'Tipo de oficina edificio': 'true'}, {'Vista exterior': 'true'}, {'Cerca a gimnasio': 'true'}, {'Cerca a hospitales': 'true'}, {'Cerca a parque industrial': 'true'}, {'Acceso con tarjetas o dispositivos': 'true'}, {'Ascensor': 'true'}, {'Acceso para discapacitados': 'true'}, {'Circuito cerrado de TV': 'true'}, {'Parqueadero cubierto': 'true'}, {'Vista panorámica': 'true'}, {'Generador eléctrico': 'true'}, {'Jardines': 'true'}, {'Número de Ascensores 4': 'true'}, {'Recepción Lobby': 'true'}, {'Salón de juegos': 'true'}, {'Sistema contra incendio': 'true'}, {'Vigilancia 24hrs': 'true'}, {'Cerca Centros Comerciales': 'true'}, {'Cerca Colegios / Universidades': 'true'}, {'Cerca Parques': 'true'}, {'Cerca Supermercados': 'true'}, {'Cerca Transporte Público': 'true'}, {'Sobre vía principal': 'true'}, {'Sobre vía secundaria': 'true'}, {'Ubicación zona centros negocios': 'true'}, {'Cerca Centros Comerciales': 'true'}, {'Cerca Colegios / Universidades': 'true'}, {'Cerca Parques': 'true'}, {'Cerca Supermercados': 'true'}, {'Cerca Transporte Público': 'true'}, {'Sobre vía principal': 'true'}, {'Sobre vía secundaria': 'true'}, {'Ubicación zona centros negocios': 'true'}]}",2026-09-11 19:10:48.992991+00:00
https://www.metrocuadrado.com/inmueble/arriendo-oficina-bogota-chico-norte-5-banos-4-garajes/5161-M6850264?src_url=%2Finmuebles%2Farriendo%2Fbogota%2F%3Fsearch%3Dform,"{'title': 'Oficina En Arriendo, CHICO NORTE', 'location': 'CHICO NORTE, Bogotá D.C.', 'price': '$ 86.275.000', 'area': None, 'estrato': None, 'main_specs': '5 bañ. | 4 par.', 'characteristics': [{'Citófonos': 'true'}, {'Equipado / Amoblado': 'true'}, {'Puertas de seguridad': 'true'}, {'Control térmico': 'true'}, {'Depósito Bodega': 'true'}, {'Detección de humo': 'true'}, {'Equipado': 'true'}, {'Escalera de Emergencia': 'true'}, {'Número de piso 1': 'true'}, {'Se Permite Fumar': 'true'}, {'Tipo de oficina edificio': 'true'}, {'Vista exterior': 'true'}, {'Cerca a gimnasio': 'true'}, {'Cerca a hospitales': 'true'}, {'Acceso con tarjetas o dispositivos': 'true'}, {'Ascensor': 'true'}, {'Acceso para discapacitados': 'true'}, {'Circuito cerrado de TV': 'true'}, {'Parqueadero cubierto': 'true'}, {'Vista panorámica': 'true'}, {'Generador eléctrico': 'true'}, {'Jardines': 'true'}, {'Número de Ascensores 1': 'true'}, {'Recepción Lobby': 'true'}, {'Salón de juegos': 'true'}, {'Sistema contra incendio': 'true'}, {'Vigilancia 24hrs': 'true'}, {'Cerca Centros Comerciales': 'true'}, {'Cerca Colegios / Universidades': 'true'}, {'Cerca Parques': 'true'}, {'Cerca Supermercados': 'true'}, {'Cerca Transporte Público': 'true'}, {'Sobre vía principal': 'true'}, {'Sobre vía secundaria': 'true'}, {'Ubicación zona centros negocios': 'true'}, {'Cerca Centros Comerciales': 'true'}, {'Cerca Colegios / Universidades': 'true'}, {'Cerca Parques': 'true'}, {'Cerca Supermercados': 'true'}, {'Cerca Transporte Público': 'true'}, {'Sobre vía principal': 'true'}, {'Sobre vía secundaria': 'true'}, {'Ubicación zona centros negocios': 'true'}]}",2026-09-11 19:10:53.839286+00:00
https://www.metrocuadrado.com/inmueble/arriendo-oficina-bogota-chico-norte-5-banos-4-garajes/5161-M6850295?src_url=%2Finmuebles%2Farriendo%2Fbogota%2F%3Fsearch%3Dform,"{'title': 'Oficina En Arriendo, CHICO NORTE', 'location': 'CHICO NORTE, Bogotá D.C.', 'price': '$ 63.955.000', 'area': None, 'estrato': None, 'main_specs': '5 bañ. | 4 par.', 'characteristics': [{'Citófonos': 'true'}, {'Equipado / Amoblado': 'true'}, {'Puertas de seguridad': 'true'}, {'Control térmico': 'true'}, {'Depósito Bodega': 'true'}, {'Detección de humo': 'true'}, {'Equipado': 'true'}, {'Escalera de Emergencia': 'true'}, {'Número de piso 1': 'true'}, {'Se Permite Fumar': 'true'}, {'Tipo de oficina edificio': 'true'}, {'Vista exterior': 'true'}, {'Cerca a gimnasio': 'true'}, {'Cerca a hospitales': 'true'}, {'Acceso con tarjetas o dispositivos': 'true'}, {'Ascensor': 'true'}, {'Acceso para discapacitados': 'true'}, {'Circuito cerrado de TV': 'true'}, {'Parqueadero cubierto': 'true'}, {'Vista panorámica': 'true'}, {'Generador eléctrico': 'true'}, {'Jardines': 'true'}, {'Número de Ascensores 1': 'true'}, {'Recepción Lobby': 'true'}, {'Salón de juegos': 'true'}, {'Sistema contra incendio': 'true'}, {'Vigilancia 24hrs': 'true'}, {'Cerca Centros Comerciales': 'true'}, {'Cerca Colegios / Universidades': 'true'}, {'Cerca Parques': 'true'}, {'Cerca Supermercados': 'true'}, {'Cerca Transporte Público': 'true'}, {'Sobre vía principal': 'true'}, {'Sobre vía secundaria': 'true'}, {'Ubicación zona centros negocios': 'true'}, {'Cerca Centros Comerciales': 'true'}, {'Cerca Colegios / Universidades': 'true'}, {'Cerca Parques': 'true'}, {'Cerca Supermercados': 'true'}, {'Cerca Transporte Público': 'true'}, {'Sobre vía principal': 'true'}, {'Sobre vía secundaria': 'true'}, {'Ubicación zona centros negocios': 'true'}]}",2026-09-11 19:10:58.656243+00:00
https://www.metrocuadrado.com/inmueble/arriendo-apartamento-bogota-usaquen-3-habitaciones-3-banos-2-garajes/11079-M7030777?src_url=%2Finmuebles%2Farriendo%2Fbogota%2F%3Fsearch%3Dform,"{'title': 'Apartamento En Arriendo, Usaquen', 'location': 'Usaquen, Bogotá D.C.', 'price': '$ 9.436.200', 'area': None, 'estrato': None, 'main_specs': '3 hab. | 3 bañ. | 2 par.', 'characteristics': [{'Baño Auxiliar': 'true'}, {'Baño de Servicio': 'true'}, {'Con calefacción': 'true'}, {'Citófonos': 'true'}, {'Cocina Tipo Americano': 'true'}, {'Estudio o biblioteca': 'true'}, {'Hall de Alcobas': 'true'}, {'Jacuzzi': 'true'}, {'Zona de lavanderia': 'true'}, {'Despensa': 'true'}, {'Lavaplatos': 'true'}, {'Monoambiente': 'true'}, {'Shut de basura': 'true'}, {'Depósito 1': 'true'}, {'Cerca a hospitales': 'true'}, {'Cerca a restaurantes': 'true'}, {'Cerca a tiendas de barrio': 'true'}, {'Cancha(s) de Fútbol': 'true'}, {'Cancha(s) de squash': 'true'}, {'Cancha(s) de Tennis': 'true'}, {'Gimnasio': 'true'}, {'Jaula de Golf': 'true'}, {'Salón comunal': 'true'}, {'Sauna y/o turco': 'true'}, {'Zona para niños': 'true'}, {'Zonas verdes': 'true'}, {'Ascensor': 'true'}, {'Parqueadero visitantes': 'true'}, {'Piscina': 'true'}, {'Vigilancia': 'true'}, {'Vista panorámica': 'true'}, {'Conjunto cerrado': 'true'}, {'Recepción Lobby': 'true'}, {'Terraza/Balcón balcón': 'true'}, {'Cerca Colegios / Universidades': 'true'}, {'Cerca Parques': 'true'}, {'Cerca Transporte Público': 'true'}, {'Área Urbana': 'true'}, {'Cerca Colegios / Universidades': 'true'}, {'Cerca Parques': 'true'}, {'Cerca Transporte Público': 'true'}, {'Área Urbana': 'true'}]}",2026-09-11 19:11:03.475251+00:00
https://www.metrocuadrado.com/inmueble/arriendo-apartamento-bogota-chico-norte-1-habitaciones-1-banos/21282-M6399062?src_url=%2Finmuebles%2Farriendo%2Fbogota%2F%3Fsearch%3Dform,"{'title': 'Apartamento En Arriendo, CHICO NORTE', 'location': 'CHICO NORTE, Bogotá D.C.', 'price': '$ 3.915.818', 'area': None, 'estrato': None, 'main_specs': '1 hab. | 1 bañ.', 'characteristics': [{'Tipo de Cortinas con velos': 'true'}, {'Zona de lavanderia': 'true'}, {'Despensa': 'true'}, {'Detección de humo': 'true'}, {'Extractor': 'true'}, {'Horno': 'true'}, {'Tipo instalación de gas ninguno': 'true'}, {'Lavaplatos': 'true'}, {'Monoambiente': 'true'}, {'Número de Closets 1': 'true'}, {'Número de piso 2': 'true'}, {'Se Permiten Mascotas': 'true'}, {'Shut de basura': 'true'}, {'Tipo de calentador caldera': 'true'}, {'Tipo de Cocina abierta': 'true'}, {'Tipo comedor sala comedor': 'true'}, {'Depósito 0': 'true'}, {'Tipo de estufa electrica': 'true'}, {'Vista exterior': 'true'}, {'Cerca a hospitales': 'true'}, {'Cerca a restaurantes': 'true'}, {'Cancha(s) de Tennis': 'true'}, {'Gimnasio': 'true'}, {'Salón comunal': 'true'}, {'Zona de BBQ': 'true'}, {'Zonas verdes': 'true'}, {'Acceso con tarjetas o dispositivos': 'true'}, {'Área Terraza/Balcón 2': 'true'}, {'Ascensor': 'true'}, {'Bahias de parqueo': 'true'}, {'Acceso para discapacitados': 'true'}, {'Circuito cerrado de TV': 'true'}, {'Vista panorámica': 'true'}, {'Conjunto cerrado': 'true'}, {'Número de Ascensores 4': 'true'}, {'Recepción Lobby': 'true'}, {'Terraza/Balcón balcón': 'true'}, {'Terraza Rooftop': 'true'}, {'Cerca Centros Comerciales': 'true'}, {'Cerca Colegios / Universidades': 'true'}, {'Cerca Parques': 'true'}, {'Cerca Supermercados': 'true'}, {'Cerca Transporte Público': 'true'}, {'Sobre vía principal': 'true'}, {'Cerca Centros Comerciales': 'true'}, {'Cerca Colegios / Universidades': 'true'}, {'Cerca Parques': 'true'}, {'Cerca Supermercados': 'true'}, {'Cerca Transporte Público': 'true'}, {'Sobre vía principal': 'true'}]}",2026-09-11 19:11:08.972420+00:00
https://www.metrocuadrado.com/inmueble/arriendo-apartamento-bogota-chico-reservado-4-habitaciones-5-banos-4-garajes/920-M7007119?src_url=%2Finmuebles%2Farriendo%2Fbogota%2F%3Fsearch%3Dform,"{'title': 'Apartamento En Arriendo, Chico Reservado', 'location': 'Chico Reservado, Bogotá D.C.', 'price': '$ 26.500.000', 'area': None, 'estrato': None, 'main_specs': '4 hab. | 5 bañ. | 4 par.', 'characteristics': [{'Baño Auxiliar': 'true'}, {'Baño de Servicio': 'true'}, {'Con calefacción': 'true'}, {'Con chimenea': 'true'}, {'Citófonos': 'true'}, {'Cocina integral': 'true'}, {'Comedor auxiliar': 'true'}, {'Cuarto de servicio': 'true'}, {'Estudio o biblioteca': 'true'}, {'Hall de Alcobas': 'true'}, {'Zona de lavanderia': 'true'}, {'Monoambiente': 'true'}, {'Depósito 1': 'true'}, {'Cerca a Jardines y Colegios': 'true'}, {'Cerca a restaurantes': 'true'}, {'Cancha(s) de Basket': 'true'}, {'Cancha(s) de Fútbol': 'true'}, {'Cancha(s) de squash': 'true'}, {'Gimnasio': 'true'}, {'Salón comunal': 'true'}, {'Zona de BBQ': 'true'}, {'Zona para niños': 'true'}, {'Zonas verdes': 'true'}, {'Ascensor': 'true'}, {'Circuito cerrado de TV': 'true'}, {'Parqueadero visitantes': 'true'}, {'Piscina': 'true'}, {'Vigilancia': 'true'}, {'Vista panorámica': 'true'}, {'Conjunto cerrado': 'true'}, {'Recepción Lobby': 'true'}, {'Terraza/Balcón balcón': 'true'}, {'Cerca Colegios / Universidades': 'true'}, {'Cerca Parques': 'true'}, {'Cerca Transporte Público': 'true'}, {'Área Urbana': 'true'}, {'Cerca Colegios / Universidades': 'true'}, {'Cerca Parques': 'true'}, {'Cerca Transporte Público': 'true'}, {'Área Urbana': 'true'}]}",2026-09-11 19:11:14.011695+00:00
https://www.metrocuadrado.com/inmueble/arriendo-apartamento-bogota-las-acacias-3-habitaciones-4-banos-2-garajes/5545-M5043683?src_url=%2Finmuebles%2Farriendo%2Fbogota%2F%3Fsearch%3Dform,"{'title': 'Apartamento En Arriendo, LOS ROSALES EMAUS', 'location': 'LOS ROSALES EMAUS, Bogotá D.C.', 'price': '$ 11.500.000', 'area': None, 'estrato': None, 'main_specs': '3 hab. | 4 bañ. | 2 par.', 'characteristics': [{'Apto para niños': 'true'}, {'Con chimenea': 'true'}, {'Citófonos': 'true'}, {'Comedor auxiliar': 'true'}, {'Tipo de Cortinas persianas': 'true'}, {'Cuarto de servicio': 'true'}, {'Estudio o biblioteca': 'true'}, {'Hall de Alcobas': 'true'}, {'Puertas de seguridad': 'true'}, {'Zona de lavanderia': 'true'}, {'Tipo instalación de gas natural': 'true'}, {'Número de Closets 4': 'true'}, {'Número de piso 9': 'true'}, {'Se Permiten Mascotas': 'true'}, {'Tipo de calentador caldera': 'true'}, {'Tipo de Cocina abierta': 'true'}, {'Tipo comedor sala comedor': 'true'}, {'Depósito 1': 'true'}, {'Tipo de estufa gas': 'true'}, {'Tipo de acabado piso madera': 'true'}, {'Tipo de piso en alcobas madera': 'true'}, {'Tipo de piso en comedor madera': 'true'}, {'Tipo de piso en estudio madera': 'true'}, {'Tipo de piso en sala madera': 'true'}, {'Vista exterior': 'true'}, {'Salón comunal': 'true'}, {'Zona de BBQ': 'true'}, {'Área Terraza/Balcón 40': 'true'}, {'Ascensor': 'true'}, {'Circuito cerrado de TV': 'true'}, {'Parqueadero cubierto': 'true'}, {'Número de Ascensores 1': 'true'}, {'Terraza/Balcón terraza': 'true'}, {'Tipo de parqueadero propio': 'true'}, {'Vigilancia 24hrs': 'true'}, {'Cerca Centros Comerciales': 'true'}, {'Cerca Colegios / Universidades': 'true'}, {'Cerca Parques': 'true'}, {'Cerca Supermercados': 'true'}, {'Cerca Transporte Público': 'true'}, {'Sobre vía secundaria': 'true'}, {'Cerca Centros Comerciales': 'true'}, {'Cerca Colegios / Universidades': 'true'}, {'Cerca Parques': 'true'}, {'Cerca Supermercados': 'true'}, {'Cerca Transporte Público': 'true'}, {'Sobre vía secundaria': 'true'}]}",2026-09-11 19:11:19.572891+00:00
https://www.metrocuadrado.com/inmueble/arriendo-oficina-bogota-julio-florez-5-banos-4-garajes/5161-M6765711?src_url=%2Finmuebles%2Farriendo%2Fbogota%2F%3Fsearch%3Dform,"{'title': 'Oficina En Arriendo, LA FLORESTA', 'location': 'LA FLORESTA, Bogotá D.C.', 'price': '$ 497.000.000', 'area': None, 'estrato': None, 'main_specs': '5 bañ. | 4 par.', 'characteristics': [{'Citófonos': 'true'}, {'Control de ruido': 'true'}, {'Control térmico': 'true'}, {'Depósito Bodega': 'true'}, {'Detección de humo': 'true'}, {'Equipado': 'true'}, {'Escalera de Emergencia': 'true'}, {'Número de piso 0': 'true'}, {'Salón de conferencias': 'true'}, {'Se Permite Fumar': 'true'}, {'Tipo de oficina edificio': 'true'}, {'Vista exterior': 'true'}, {'Cerca a gimnasio': 'true'}, {'Cerca a hospitales': 'true'}, {'Cerca a parque industrial': 'true'}, {'Acceso con tarjetas o dispositivos': 'true'}, {'Ascensor': 'true'}, {'Acceso para discapacitados': 'true'}, {'Circuito cerrado de TV': 'true'}, {'Parqueadero cubierto': 'true'}, {'Vista panorámica': 'true'}, {'Generador eléctrico': 'true'}, {'Jardines': 'true'}, {'Número de Ascensores 4': 'true'}, {'Recepción Lobby': 'true'}, {'Salón de juegos': 'true'}, {'Sistema contra incendio': 'true'}, {'Vigilancia 24hrs': 'true'}, {'Cerca Centros Comerciales': 'true'}, {'Cerca Colegios / Universidades': 'true'}, {'Cerca Parques': 'true'}, {'Cerca Supermercados': 'true'}, {'Cerca Transporte Público': 'true'}, {'Sobre vía principal': 'true'}, {'Sobre vía secundaria': 'true'}, {'Ubicación zona centros negocios': 'true'}, {'Cerca Centros Comerciales': 'true'}, {'Cerca Colegios / Universidades': 'true'}, {'Cerca Parques': 'true'}, {'Cerca Supermercados': 'true'}, {'Cerca Transporte Público': 'true'}, {'Sobre vía principal': 'true'}, {'Sobre vía secundaria': 'true'}, {'Ubicación zona centros negocios': 'true'}]}",2026-09-11 19:11:24.407420+00:00
https://www.metrocuadrado.com/inmueble/arriendo-apartamento-bogota-lisboa-3-habitaciones-5-banos-2-garajes/5340-M6602654?src_url=%2Finmuebles%2Farriendo%2Fbogota%2F%3Fsearch%3Dform,"{'title': 'Apartamento En Arriendo, Lisboa', 'location': 'Lisboa, Bogotá D.C.', 'price': '$ 4.700.000', 'area': None, 'estrato': None, 'main_specs': '3 hab. | 5 bañ. | 2 par.', 'characteristics': [{'Baño Auxiliar': 'true'}, {'Baño de Servicio': 'true'}, {'Con calefacción': 'true'}, {'Citófonos': 'true'}, {'Cocina integral': 'true'}, {'Estudio o biblioteca': 'true'}, {'Hall de Alcobas': 'true'}, {'Zona de lavanderia': 'true'}, {'Control térmico': 'true'}, {'Despensa': 'true'}, {'Extractor': 'true'}, {'Horno': 'true'}, {'Lavaplatos': 'true'}, {'Luz en la mañana': 'true'}, {'Luz en la tarde': 'true'}, {'Monoambiente': 'true'}, {'Número de piso 2': 'true'}, {'Shut de basura': 'true'}, {'Depósito 1': 'true'}, {'Tipo de acabado piso cerámica': 'true'}, {'Walking closet': 'true'}, {'Cerca a Jardines y Colegios': 'true'}, {'Cerca a restaurantes': 'true'}, {'Gimnasio': 'true'}, {'Salón comunal': 'true'}, {'Zona para niños': 'true'}, {'Zonas verdes': 'true'}, {'Ascensor': 'true'}, {'Circuito cerrado de TV': 'true'}, {'Parqueadero visitantes': 'true'}, {'Vigilancia': 'true'}, {'Conjunto cerrado': 'true'}, {'Recepción Lobby': 'true'}, {'Terraza/Balcón balcón': 'true'}, {'Cerca Colegios / Universidades': 'true'}, {'Cerca Parques': 'true'}, {'Cerca Transporte Público': 'true'}, {'Área Urbana': 'true'}, {'Cerca Colegios / Universidades': 'true'}, {'Cerca Parques': 'true'}, {'Cerca Transporte Público': 'true'}, {'Área Urbana': 'true'}]}",2026-09-11 19:11:29.303351+00:00
https://www.metrocuadrado.com/inmueble/arriendo-oficina-bogota-chico-norte-5-banos-4-garajes/5161-M6850358?src_url=%2Finmuebles%2Farriendo%2Fbogota%2F%3Fsearch%3Dform,"{'title': 'Oficina En Arriendo, CHICO NORTE', 'location': 'CHICO NORTE, Bogotá D.C.', 'price': '$ 28.025.000', 'area': None, 'estrato': None, 'main_specs': '5 bañ. | 4 par.', 'characteristics': [{'Citófonos': 'true'}, {'Equipado / Amoblado': 'true'}, {'Puertas de seguridad': 'true'}, {'Control térmico': 'true'}, {'Depósito Bodega': 'true'}, {'Detección de humo': 'true'}, {'Equipado': 'true'}, {'Escalera de Emergencia': 'true'}, {'Número de piso 1': 'true'}, {'Se Permite Fumar': 'true'}, {'Tipo de oficina edificio': 'true'}, {'Vista exterior': 'true'}, {'Cerca a gimnasio': 'true'}, {'Cerca a hospitales': 'true'}, {'Acceso con tarjetas o dispositivos': 'true'}, {'Ascensor': 'true'}, {'Acceso para discapacitados': 'true'}, {'Circuito cerrado de TV': 'true'}, {'Parqueadero cubierto': 'true'}, {'Vista panorámica': 'true'}, {'Generador eléctrico': 'true'}, {'Jardines': 'true'}, {'Número de Ascensores 1': 'true'}, {'Recepción Lobby': 'true'}, {'Salón de juegos': 'true'}, {'Sistema contra incendio': 'true'}, {'Vigilancia 24hrs': 'true'}, {'Cerca Centros Comerciales': 'true'}, {'Cerca Colegios / Universidades': 'true'}, {'Cerca Parques': 'true'}, {'Cerca Supermercados': 'true'}, {'Cerca Transporte Público': 'true'}, {'Sobre vía principal': 'true'}, {'Sobre vía secundaria': 'true'}, {'Ubicación zona centros negocios': 'true'}, {'Cerca Centros Comerciales': 'true'}, {'Cerca Colegios / Universidades': 'true'}, {'Cerca Parques': 'true'}, {'Cerca Supermercados': 'true'}, {'Cerca Transporte Público': 'true'}, {'Sobre vía principal': 'true'}, {'Sobre vía secundaria': 'true'}, {'Ubicación zona centros negocios': 'true'}]}",2026-09-11 19:11:34.212838+00:00
https://www.metrocuadrado.com/inmueble/arriendo-oficina-bogota-chico-norte-5-banos-4-garajes/5161-M6850391?src_url=%2Finmuebles%2Farriendo%2Fbogota%2F%3Fsearch%3Dform,"{'title': 'Oficina En Arriendo, CHICO NORTE', 'location': 'CHICO NORTE, Bogotá D.C.', 'price': '$ 12.000.000', 'area': None, 'estrato': None, 'main_specs': '5 bañ. | 4 par.', 'characteristics': [{'Citófonos': 'true'}, {'Equipado / Amoblado': 'true'}, {'Puertas de seguridad': 'true'}, {'Control térmico': 'true'}, {'Depósito Bodega': 'true'}, {'Detección de humo': 'true'}, {'Equipado': 'true'}, {'Escalera de Emergencia': 'true'}, {'Número de piso 1': 'true'}, {'Se Permite Fumar': 'true'}, {'Tipo de oficina edificio': 'true'}, {'Vista exterior': 'true'}, {'Cerca a gimnasio': 'true'}, {'Cerca a hospitales': 'true'}, {'Acceso con tarjetas o dispositivos': 'true'}, {'Ascensor': 'true'}, {'Acceso para discapacitados': 'true'}, {'Circuito cerrado de TV': 'true'}, {'Parqueadero cubierto': 'true'}, {'Vista panorámica': 'true'}, {'Generador eléctrico': 'true'}, {'Jardines': 'true'}, {'Número de Ascensores 1': 'true'}, {'Recepción Lobby': 'true'}, {'Salón de juegos': 'true'}, {'Sistema contra incendio': 'true'}, {'Vigilancia 24hrs': 'true'}, {'Cerca Centros Comerciales': 'true'}, {'Cerca Colegios / Universidades': 'true'}, {'Cerca Parques': 'true'}, {'Cerca Supermercados': 'true'}, {'Cerca Transporte Público': 'true'}, {'Sobre vía principal': 'true'}, {'Sobre vía secundaria': 'true'}, {'Ubicación zona centros negocios': 'true'}, {'Cerca Centros Comerciales': 'true'}, {'Cerca Colegios / Universidades': 'true'}, {'Cerca Parques': 'true'}, {'Cerca Supermercados': 'true'}, {'Cerca Transporte Público': 'true'}, {'Sobre vía principal': 'true'}, {'Sobre vía secundaria': 'true'}, {'Ubicación zona centros negocios': 'true'}]}",2026-09-11 19:11:39.045624+00:00
https://www.metrocuadrado.com/inmueble/arriendo-apartamento-bogota-chico-reservado-3-habitaciones-4-banos-4-garajes/5545-M6939285?src_url=%2Finmuebles%2Farriendo%2Fbogota%2F%3Fsearch%3Dform,"{'title': 'Apartamento En Arriendo, Chico Reservado', 'location': 'Chico Reservado, Bogotá D.C.', 'price': '$ 23.600.000', 'area': None, 'estrato': None, 'main_specs': '3 hab. | 4 bañ. | 4 par.', 'characteristics': [{'Baño Auxiliar': 'true'}, {'Baño de Servicio': 'true'}, {'Con calefacción': 'true'}, {'Con chimenea': 'true'}, {'Citófonos': 'true'}, {'Comedor auxiliar': 'true'}, {'Cuarto de servicio': 'true'}, {'Estudio o biblioteca': 'true'}, {'Hall de Alcobas': 'true'}, {'Jacuzzi': 'true'}, {'Zona de lavanderia': 'true'}, {'Control de ruido': 'true'}, {'Despensa': 'true'}, {'Horno': 'true'}, {'Lavaplatos': 'true'}, {'Monoambiente': 'true'}, {'Número de piso 9': 'true'}, {'Shut de basura': 'true'}, {'Walking closet': 'true'}, {'Cerca a Jardines y Colegios': 'true'}, {'Cerca a restaurantes': 'true'}, {'Gimnasio': 'true'}, {'Salón comunal': 'true'}, {'Acceso con tarjetas o dispositivos': 'true'}, {'Ascensor': 'true'}, {'Bahias de parqueo': 'true'}, {'Circuito cerrado de TV': 'true'}, {'Parqueadero visitantes': 'true'}, {'Vigilancia': 'true'}, {'Vista panorámica': 'true'}, {'Conjunto cerrado': 'true'}, {'Recepción Lobby': 'true'}, {'Cerca Colegios / Universidades': 'true'}, {'Cerca Parques': 'true'}, {'Cerca Transporte Público': 'true'}, {'Área Urbana': 'true'}, {'Cerca Colegios / Universidades': 'true'}, {'Cerca Parques': 'true'}, {'Cerca Transporte Público': 'true'}, {'Área Urbana': 'true'}]}",2026-09-11 19:11:43.812797+00:00
https://www.metrocuadrado.com/inmueble/arriendo-apartamento-bogota-el-refugio-2-habitaciones-3-banos-2-garajes/21619-M6308582?src_url=%2Finmuebles%2Farriendo%2Fbogota%2F%3Fsearch%3Dform,"{'title': 'Apartamento En Arriendo, El Refugio', 'location': 'El Refugio, Bogotá D.C.', 'price': '$ 9.500.000', 'area': None, 'estrato': None, 'main_specs': '2 hab. | 3 bañ. | 2 par.', 'characteristics': [{'Baño Auxiliar': 'true'}, {'Baño de Servicio': 'true'}, {'Con calefacción': 'true'}, {'Con chimenea': 'true'}, {'Citófonos': 'true'}, {'Cocina Tipo Americano': 'true'}, {'Cocina integral': 'true'}, {'Comedor auxiliar': 'true'}, {'Cuarto de servicio': 'true'}, {'Estudio o biblioteca': 'true'}, {'Hall de Alcobas': 'true'}, {'Equipado / Amoblado': 'true'}, {'Zona de lavanderia': 'true'}, {'Extractor': 'true'}, {'Horno': 'true'}, {'Monoambiente': 'true'}, {'Número de piso 6': 'true'}, {'Walking closet': 'true'}, {'Cerca a Jardines y Colegios': 'true'}, {'Cerca a restaurantes': 'true'}, {'Cancha(s) de squash': 'true'}, {'Gimnasio': 'true'}, {'Sauna y/o turco': 'true'}, {'Zona para niños': 'true'}, {'Ascensor': 'true'}, {'Circuito cerrado de TV': 'true'}, {'Parqueadero visitantes': 'true'}, {'Vigilancia': 'true'}, {'Vista panorámica': 'true'}, {'Recepción Lobby': 'true'}, {'Terraza/Balcón balcón': 'true'}, {'Cerca Colegios / Universidades': 'true'}, {'Cerca Parques': 'true'}, {'Cerca Transporte Público': 'true'}, {'Área Urbana': 'true'}, {'Cerca Colegios / Universidades': 'true'}, {'Cerca Parques': 'true'}, {'Cerca Transporte Público': 'true'}, {'Área Urbana': 'true'}]}",2026-09-11 19:11:48.619621+00:00
https://www.metrocuadrado.com/inmueble/arriendo-oficina-bogota-chico-norte-5-banos-4-garajes/5161-M6850327?src_url=%2Finmuebles%2Farriendo%2Fbogota%2F%3Fsearch%3Dform,"{'title': 'Oficina En Arriendo, CHICO NORTE', 'location': 'CHICO NORTE, Bogotá D.C.', 'price': '$ 40.025.000', 'area': None, 'estrato': None, 'main_specs': '5 bañ. | 4 par.', 'characteristics': [{'Citófonos': 'true'}, {'Equipado / Amoblado': 'true'}, {'Puertas de seguridad': 'true'}, {'Control térmico': 'true'}, {'Depósito Bodega': 'true'}, {'Detección de humo': 'true'}, {'Equipado': 'true'}, {'Escalera de Emergencia': 'true'}, {'Número de piso 1': 'true'}, {'Se Permite Fumar': 'true'}, {'Tipo de oficina edificio': 'true'}, {'Vista exterior': 'true'}, {'Cerca a gimnasio': 'true'}, {'Cerca a hospitales': 'true'}, {'Acceso con tarjetas o dispositivos': 'true'}, {'Ascensor': 'true'}, {'Acceso para discapacitados': 'true'}, {'Circuito cerrado de TV': 'true'}, {'Parqueadero cubierto': 'true'}, {'Vista panorámica': 'true'}, {'Generador eléctrico': 'true'}, {'Jardines': 'true'}, {'Número de Ascensores 1': 'true'}, {'Recepción Lobby': 'true'}, {'Salón de juegos': 'true'}, {'Sistema contra incendio': 'true'}, {'Vigilancia 24hrs': 'true'}, {'Cerca Centros Comerciales': 'true'}, {'Cerca Colegios / Universidades': 'true'}, {'Cerca Parques': 'true'}, {'Cerca Supermercados': 'true'}, {'Cerca Transporte Público': 'true'}, {'Sobre vía principal': 'true'}, {'Sobre vía secundaria': 'true'}, {'Ubicación zona centros negocios': 'true'}, {'Cerca Centros Comerciales': 'true'}, {'Cerca Colegios / Universidades': 'true'}, {'Cerca Parques': 'true'}, {'Cerca Supermercados': 'true'}, {'Cerca Transporte Público': 'true'}, {'Sobre vía principal': 'true'}, {'Sobre vía secundaria': 'true'}, {'Ubicación zona centros negocios': 'true'}]}",2026-09-11 19:11:53.486347+00:00
https://www.metrocuadrado.com/inmueble/arriendo-apartamento-bogota-el-refugio-2-habitaciones-3-banos-2-garajes/3553-M6995486?src_url=%2Finmuebles%2Farriendo%2Fbogota%2F%3Fsearch%3Dform,"{'title': 'Apartamento En Arriendo, CHICO EL REFUGIO', 'location': 'CHICO EL REFUGIO, Bogotá D.C.', 'price': '$ 8.000.000', 'area': None, 'estrato': None, 'main_specs': '2 hab. | 3 bañ. | 2 par.', 'characteristics': [{'Con chimenea': 'true'}, {'Citófonos': 'true'}, {'Comedor auxiliar': 'true'}, {'Equipado / Amoblado': 'true'}, {'Zona de lavanderia': 'true'}, {'Horno': 'true'}, {'Tipo instalación de gas natural': 'true'}, {'Luz en la mañana': 'true'}, {'Luz en la tarde': 'true'}, {'Número de piso 2': 'true'}, {'Tipo de calentador electrico': 'true'}, {'Tipo de Cocina en l': 'true'}, {'Tipo comedor comedor independiente': 'true'}, {'Depósito 1': 'true'}, {'Tipo de estufa gas': 'true'}, {'Tipo de acabado piso alfombra': 'true'}, {'Tipo de piso en alcobas alfombra': 'true'}, {'Tipo de piso en comedor baldosa': 'true'}, {'Tipo de piso en estudio alfombra': 'true'}, {'Tipo de piso en sala alfombra': 'true'}, {'Vista exterior': 'true'}, {'Cerca a hospitales': 'true'}, {'Cerca a Jardines y Colegios': 'true'}, {'Cerca a restaurantes': 'true'}, {'Salón comunal': 'true'}, {'Zona para niños': 'true'}, {'Circuito cerrado de TV': 'true'}, {'Parqueadero cubierto': 'true'}, {'Conjunto cerrado': 'true'}, {'Recepción Lobby': 'true'}, {'Tipo de parqueadero independiente': 'true'}, {'Cerca Centros Comerciales': 'true'}, {'Cerca Colegios / Universidades': 'true'}, {'Cerca Parques': 'true'}, {'Cerca Transporte Público': 'true'}, {'Sobre vía secundaria': 'true'}, {'Cerca Centros Comerciales': 'true'}, {'Cerca Colegios / Universidades': 'true'}, {'Cerca Parques': 'true'}, {'Cerca Transporte Público': 'true'}, {'Sobre vía secundaria': 'true'}]}",2026-09-11 19:11:58.852876+00:00
https://www.metrocuadrado.com/inmueble/arriendo-apartamento-bogota-el-refugio-2-habitaciones-3-banos-2-garajes/21619-M6607257?src_url=%2Finmuebles%2Farriendo%2Fbogota%2F%3Fsearch%3Dform,"{'title': 'Apartamento En Arriendo, El Refugio', 'location': 'El Refugio, Bogotá D.C.', 'price': '$ 12.000.000', 'area': None, 'estrato': None, 'main_specs': '2 hab. | 3 bañ. | 2 par.', 'characteristics': [{'Baño Auxiliar': 'true'}, {'Baño de Servicio': 'true'}, {'Con calefacción': 'true'}, {'Con chimenea': 'true'}, {'Citófonos': 'true'}, {'Cocina integral': 'true'}, {'Comedor auxiliar': 'true'}, {'Cuarto de servicio': 'true'}, {'Estudio o biblioteca': 'true'}, {'Hall de Alcobas': 'true'}, {'Equipado / Amoblado': 'true'}, {'Zona de lavanderia': 'true'}, {'Extractor': 'true'}, {'Horno': 'true'}, {'Monoambiente': 'true'}, {'Número de piso 6': 'true'}, {'Shut de basura': 'true'}, {'Depósito 1': 'true'}, {'Tipo de acabado piso cerámica': 'true'}, {'Walking closet': 'true'}, {'Cerca a Jardines y Colegios': 'true'}, {'Cerca a restaurantes': 'true'}, {'Cancha(s) de squash': 'true'}, {'Gimnasio': 'true'}, {'Salón comunal': 'true'}, {'Sauna y/o turco': 'true'}, {'Zona para niños': 'true'}, {'Ascensor': 'true'}, {'Circuito cerrado de TV': 'true'}, {'Parqueadero visitantes': 'true'}, {'Piscina': 'true'}, {'Vigilancia': 'true'}, {'Vista panorámica': 'true'}, {'Recepción Lobby': 'true'}, {'Cerca Colegios / Universidades': 'true'}, {'Cerca Parques': 'true'}, {'Cerca Transporte Público': 'true'}, {'Área Urbana': 'true'}, {'Cerca Colegios / Universidades': 'true'}, {'Cerca Parques': 'true'}, {'Cerca Transporte Público': 'true'}, {'Área Urbana': 'true'}]}",2026-09-11 19:12:03.803595+00:00
https://www.metrocuadrado.com/inmueble/arriendo-apartamento-bogota-na-4-habitaciones-5-banos-4-garajes/21619-M6741117?src_url=%2Finmuebles%2Farriendo%2Fbogota%2F%3Fsearch%3Dform,"{'title': 'Apartamento En Arriendo, Nogal', 'location': 'Nogal, Bogotá D.C.', 'price': '$ 25.000.000', 'area': None, 'estrato': None, 'main_specs': '4 hab. | 5 bañ. | 4 par.', 'characteristics': [{'Baño Auxiliar': 'true'}, {'Alarma': 'true'}, {'Baño de Servicio': 'true'}, {'Con calefacción': 'true'}, {'Con chimenea': 'true'}, {'Citófonos': 'true'}, {'Cocina integral': 'true'}, {'Comedor auxiliar': 'true'}, {'Cuarto de servicio': 'true'}, {'Estudio o biblioteca': 'true'}, {'Hall de Alcobas': 'true'}, {'Jacuzzi': 'true'}, {'Zona de lavanderia': 'true'}, {'Despensa': 'true'}, {'Extractor': 'true'}, {'Horno': 'true'}, {'Monoambiente': 'true'}, {'Número de piso 11': 'true'}, {'Shut de basura': 'true'}, {'Depósito 1': 'true'}, {'Tipo de acabado piso cerámica': 'true'}, {'Walking closet': 'true'}, {'Cerca a Jardines y Colegios': 'true'}, {'Cerca a restaurantes': 'true'}, {'Gimnasio': 'true'}, {'Sauna y/o turco': 'true'}, {'Zona para niños': 'true'}, {'Ascensor': 'true'}, {'Circuito cerrado de TV': 'true'}, {'Parqueadero visitantes': 'true'}, {'Vigilancia': 'true'}, {'Vista panorámica': 'true'}, {'Recepción Lobby': 'true'}, {'Terraza/Balcón balcón': 'true'}, {'Cerca Colegios / Universidades': 'true'}, {'Cerca Parques': 'true'}, {'Cerca Transporte Público': 'true'}, {'Área Urbana': 'true'}, {'Cerca Colegios / Universidades': 'true'}, {'Cerca Parques': 'true'}, {'Cerca Transporte Público': 'true'}, {'Área Urbana': 'true'}]}",2026-09-11 19:12:08.587636+00:00
https://www.metrocuadrado.com/inmueble/arriendo-oficina-bogota-chico-norte-5-banos-4-garajes/5161-M6850388?src_url=%2Finmuebles%2Farriendo%2Fbogota%2F%3Fsearch%3Dform,"{'title': 'Oficina En Arriendo, CHICO NORTE', 'location': 'CHICO NORTE, Bogotá D.C.', 'price': '$ 23.930.000', 'area': None, 'estrato': None, 'main_specs': '5 bañ. | 4 par.', 'characteristics': [{'Citófonos': 'true'}, {'Equipado / Amoblado': 'true'}, {'Puertas de seguridad': 'true'}, {'Control térmico': 'true'}, {'Depósito Bodega': 'true'}, {'Detección de humo': 'true'}, {'Equipado': 'true'}, {'Escalera de Emergencia': 'true'}, {'Número de piso 1': 'true'}, {'Se Permite Fumar': 'true'}, {'Tipo de oficina edificio': 'true'}, {'Vista exterior': 'true'}, {'Cerca a gimnasio': 'true'}, {'Cerca a hospitales': 'true'}, {'Acceso con tarjetas o dispositivos': 'true'}, {'Ascensor': 'true'}, {'Acceso para discapacitados': 'true'}, {'Circuito cerrado de TV': 'true'}, {'Parqueadero cubierto': 'true'}, {'Vista panorámica': 'true'}, {'Generador eléctrico': 'true'}, {'Jardines': 'true'}, {'Número de Ascensores 1': 'true'}, {'Recepción Lobby': 'true'}, {'Salón de juegos': 'true'}, {'Sistema contra incendio': 'true'}, {'Vigilancia 24hrs': 'true'}, {'Cerca Centros Comerciales': 'true'}, {'Cerca Colegios / Universidades': 'true'}, {'Cerca Parques': 'true'}, {'Cerca Supermercados': 'true'}, {'Cerca Transporte Público': 'true'}, {'Sobre vía principal': 'true'}, {'Sobre vía secundaria': 'true'}, {'Ubicación zona centros negocios': 'true'}, {'Cerca Centros Comerciales': 'true'}, {'Cerca Colegios / Universidades': 'true'}, {'Cerca Parques': 'true'}, {'Cerca Supermercados': 'true'}, {'Cerca Transporte Público': 'true'}, {'Sobre vía principal': 'true'}, {'Sobre vía secundaria': 'true'}, {'Ubicación zona centros negocios': 'true'}]}",2026-09-11 19:12:13.438655+00:00
https://www.metrocuadrado.com/inmueble/arriendo-apartamento-bogota-cerros-de-los-alpes-4-habitaciones-4-banos-4-garajes/21542-M6189716?src_url=%2Finmuebles%2Farriendo%2Fbogota%2F%3Fsearch%3Dform,"{'title': 'Apartamento En Arriendo, Cerros De Los Alpes', 'location': 'Cerros De Los Alpes, Bogotá D.C.', 'price': '$ 37.900.000', 'area': None, 'estrato': None, 'main_specs': '4 hab. | 4 bañ. | 4 par.', 'characteristics': [{'Baño Auxiliar': 'true'}, {'Baño de Servicio': 'true'}, {'Con chimenea': 'true'}, {'Citófonos': 'true'}, {'Cocina integral': 'true'}, {'Comedor auxiliar': 'true'}, {'Cuarto de servicio': 'true'}, {'Depósito o cuarto útil': 'true'}, {'Estudio o biblioteca': 'true'}, {'Hall de Alcobas': 'true'}, {'Zona de lavanderia': 'true'}, {'Despensa': 'true'}, {'Monoambiente': 'true'}, {'Número de piso 9': 'true'}, {'Depósito 1': 'true'}, {'Cancha(s) de Basket': 'true'}, {'Cancha(s) de squash': 'true'}, {'Cancha(s) de Tennis': 'true'}, {'Gimnasio': 'true'}, {'Jaula de Golf': 'true'}, {'Salón comunal': 'true'}, {'Zona para niños': 'true'}, {'Zonas verdes': 'true'}, {'Ascensor': 'true'}, {'Circuito cerrado de TV': 'true'}, {'Parqueadero visitantes': 'true'}, {'Piscina': 'true'}, {'Con Terraza': 'true'}, {'Vigilancia': 'true'}, {'Vista panorámica': 'true'}, {'Conjunto cerrado': 'true'}, {'Recepción Lobby': 'true'}, {'Terraza/Balcón balcón': 'true'}, {'Terraza Rooftop': 'true'}, {'Cerca Parques': 'true'}, {'Cerca Parques': 'true'}]}",2026-09-11 19:12:18.252619+00:00
https://www.metrocuadrado.com/inmueble/arriendo-apartamento-bogota-la-carolina-3-habitaciones-3-banos-2-garajes/2671-M7019924?src_url=%2Finmuebles%2Farriendo%2Fbogota%2F%3Fsearch%3Dform,"{'title': 'Apartamento En Arriendo, La Carolina', 'location': 'La Carolina, Bogotá D.C.', 'price': '$ 14.681.000', 'area': None, 'estrato': None, 'main_specs': '3 hab. | 3 bañ. | 2 par.', 'characteristics': [{'Apto para niños': 'true'}, {'Alarma': 'true'}, {'Con chimenea': 'true'}, {'Cuarto de servicio': 'true'}, {'Estudio o biblioteca': 'true'}, {'Hall de Alcobas': 'true'}, {'Equipado / Amoblado': 'true'}, {'Despensa': 'true'}, {'Tipo instalación de gas natural': 'true'}, {'Lavaplatos': 'true'}, {'Luz en la mañana': 'true'}, {'Luz en la tarde': 'true'}, {'Número de piso 10': 'true'}, {'Se Permite Fumar': 'true'}, {'Se Permiten Mascotas': 'true'}, {'Tipo comedor sala comedor': 'true'}, {'Tipo de estufa gas': 'true'}, {'Cerca a gimnasio': 'true'}, {'Cerca a Jardines y Colegios': 'true'}, {'Cerca a restaurantes': 'true'}, {'Cancha(s) de Tennis': 'true'}, {'Gimnasio': 'true'}, {'Zona para niños': 'true'}, {'Zonas verdes': 'true'}, {'Ascensor': 'true'}, {'Parqueadero visitantes': 'true'}, {'Vista panorámica': 'true'}, {'Terraza/Balcón ninguno': 'true'}, {'Tipo de parqueadero independiente': 'true'}, {'Vigilancia 24hrs': 'true'}, {'Cerca Centros Comerciales': 'true'}, {'Cerca Parques': 'true'}, {'Cerca Supermercados': 'true'}, {'Cerca Transporte Público': 'true'}, {'Área Urbana': 'true'}, {'Cerca Centros Comerciales': 'true'}, {'Cerca Parques': 'true'}, {'Cerca Supermercados': 'true'}, {'Cerca Transporte Público': 'true'}, {'Área Urbana': 'true'}]}",2026-09-11 19:12:23.049486+00:00
https://www.metrocuadrado.com/inmueble/arriendo-oficina-bogota-antiguo-country-1-banos-1-garajes/14193-M6772880?src_url=%2Finmuebles%2Farriendo%2Fbogota%2F%3Fsearch%3Dform,"{'title': 'Oficina En Arriendo, ANTIGUO COUNTRY', 'location': 'ANTIGUO COUNTRY, Bogotá D.C.', 'price': '$ 4.000.000', 'area': None, 'estrato': None, 'main_specs': '1 bañ. | 1 par.', 'characteristics': [{'Citófonos': 'true'}, {'Número de piso 5': 'true'}, {'Tipo de oficina edificio': 'true'}, {'Tipo de acabado piso laminado': 'true'}, {'Vista exterior': 'true'}, {'Ascensor': 'true'}, {'Circuito cerrado de TV': 'true'}, {'Parqueadero cubierto': 'true'}, {'Número de Ascensores 1': 'true'}, {'Vigilancia 24hrs': 'true'}, {'Cerca Colegios / Universidades': 'true'}, {'Cerca Parques': 'true'}, {'Cerca Supermercados': 'true'}, {'Cerca Transporte Público': 'true'}, {'Sobre vía secundaria': 'true'}, {'Ubicación zona centros negocios': 'true'}, {'Cerca Colegios / Universidades': 'true'}, {'Cerca Parques': 'true'}, {'Cerca Supermercados': 'true'}, {'Cerca Transporte Público': 'true'}, {'Sobre vía secundaria': 'true'}, {'Ubicación zona centros negocios': 'true'}]}",2026-09-11 19:12:28.015397+00:00
https://www.metrocuadrado.com/inmueble/arriendo-apartamento-bogota-cabrera-3-habitaciones-4-banos-3-garajes/16577-M6942499?src_url=%2Finmuebles%2Farriendo%2Fbogota%2F%3Fsearch%3Dform,"{'title': 'Apartamento En Arriendo, Cabrera', 'location': 'Cabrera, Bogotá D.C.', 'price': '$ 18.500.000', 'area': None, 'estrato': None, 'main_specs': '3 hab. | 4 bañ. | 3 par.', 'characteristics': [{'Baño Auxiliar': 'true'}, {'Baño de Servicio': 'true'}, {'Con chimenea': 'true'}, {'Cocina Tipo Americano': 'true'}, {'Cuarto de servicio': 'true'}, {'Hall de Alcobas': 'true'}, {'Zona de lavanderia': 'true'}, {'Horno': 'true'}, {'Número de piso 4': 'true'}, {'Depósito 1': 'true'}, {'Walking closet': 'true'}, {'Gimnasio': 'true'}, {'Zona para niños': 'true'}, {'Ascensor': 'true'}, {'Circuito cerrado de TV': 'true'}, {'Parqueadero visitantes': 'true'}, {'Piscina': 'true'}, {'Vigilancia': 'true'}, {'Vista panorámica': 'true'}, {'Recepción Lobby': 'true'}, {'Terraza/Balcón balcón': 'true'}, {'Cerca Parques': 'true'}, {'Cerca Transporte Público': 'true'}, {'Área Urbana': 'true'}, {'Cerca Parques': 'true'}, {'Cerca Transporte Público': 'true'}, {'Área Urbana': 'true'}]}",2026-09-11 19:12:32.715919+00:00
https://www.metrocuadrado.com/inmueble/arriendo-apartamento-bogota-chico-norte-1-habitaciones-2-banos-1-garajes/11569-M6676373?src_url=%2Finmuebles%2Farriendo%2Fbogota%2F%3Fsearch%3Dform,"{'title': 'Apartamento En Arriendo, CHICO MUSEO', 'location': 'CHICO MUSEO, Bogotá D.C.', 'price': '$ 6.800.000', 'area': None, 'estrato': None, 'main_specs': '1 hab. | 2 bañ. | 1 par.', 'characteristics': [{'Citófonos': 'true'}, {'Equipado / Amoblado': 'true'}, {'Puertas de seguridad': 'true'}, {'Zona de lavanderia': 'true'}, {'Número de piso 5': 'true'}, {'Shut de basura': 'true'}, {'Tipo de calentador caldera': 'true'}, {'Tipo de Cocina abierta': 'true'}, {'Depósito 1': 'true'}, {'Tipo de estufa electrica': 'true'}, {'Cerca a gimnasio': 'true'}, {'Cerca a hospitales': 'true'}, {'Cerca a restaurantes': 'true'}, {'Gimnasio': 'true'}, {'Sauna y/o turco': 'true'}, {'Zona de BBQ': 'true'}, {'Ascensor': 'true'}, {'Circuito cerrado de TV': 'true'}, {'Parqueadero cubierto': 'true'}, {'Piscina': 'true'}, {'Conjunto cerrado': 'true'}, {'Número de Ascensores 1': 'true'}, {'Recepción Lobby': 'true'}, {'Terraza Rooftop': 'true'}, {'Tipo de parqueadero propio': 'true'}, {'Vigilancia 24hrs': 'true'}, {'Cerca Parques': 'true'}, {'Cerca Supermercados': 'true'}, {'Cerca Transporte Público': 'true'}, {'Sobre vía secundaria': 'true'}, {'Cerca Parques': 'true'}, {'Cerca Supermercados': 'true'}, {'Cerca Transporte Público': 'true'}, {'Sobre vía secundaria': 'true'}]}",2026-09-11 19:12:37.562716+00:00
https://www.metrocuadrado.com/inmueble/arriendo-oficina-bogota-quinta-camacho-2-banos-3-garajes/848-M5190524?src_url=%2Finmuebles%2Farriendo%2Fbogota%2F%3Fsearch%3Dform,"{'title': 'Oficina En Arriendo, QUINTA CAMACHO', 'location': 'QUINTA CAMACHO, Bogotá D.C.', 'price': '$ 16.980.000', 'area': None, 'estrato': None, 'main_specs': '2 bañ. | 3 par.', 'characteristics': [{'Citófonos': 'true'}, {'Equipado / Amoblado': 'true'}, {'Puertas de seguridad': 'true'}, {'Número de piso 16': 'true'}, {'Se Permite Fumar': 'true'}, {'Tipo de oficina edificio': 'true'}, {'Vista exterior': 'true'}, {'Ascensor': 'true'}, {'Acceso para discapacitados': 'true'}, {'Circuito cerrado de TV': 'true'}, {'Parqueadero cubierto': 'true'}, {'Vista panorámica': 'true'}, {'Número de Ascensores 4': 'true'}, {'Vigilancia 24hrs': 'true'}, {'Cerca Centros Comerciales': 'true'}, {'Cerca Colegios / Universidades': 'true'}, {'Cerca Parques': 'true'}, {'Cerca Supermercados': 'true'}, {'Cerca Transporte Público': 'true'}, {'Sobre vía principal': 'true'}, {'Sobre vía secundaria': 'true'}, {'Cerca Centros Comerciales': 'true'}, {'Cerca Colegios / Universidades': 'true'}, {'Cerca Parques': 'true'}, {'Cerca Supermercados': 'true'}, {'Cerca Transporte Público': 'true'}, {'Sobre vía principal': 'true'}, {'Sobre vía secundaria': 'true'}]}",2026-09-11 19:12:42.483986+00:00
https://www.metrocuadrado.com/inmueble/arriendo-oficina-bogota-chapinero-alto/532-M6671649?src_url=%2Finmuebles%2Farriendo%2Fbogota%2F%3Fsearch%3Dform,"{'title': 'Oficina En Arriendo, Chapinero Alto', 'location': 'Chapinero Alto, Bogotá D.C.', 'price': '$ 6.579.000', 'area': None, 'estrato': None, 'main_specs': None, 'characteristics': [{'Aire acondicionado': 'true'}, {'Alarma': 'true'}, {'Con calefacción': 'true'}, {'Citófonos': 'true'}, {'Equipado / Amoblado': 'true'}, {'Puertas de seguridad': 'true'}, {'Control de ruido': 'true'}, {'Equipado': 'true'}, {'Escalera de Emergencia': 'true'}, {'Salón de conferencias': 'true'}, {'Tipo de oficina edificio': 'true'}, {'Vista exterior': 'true'}, {'Ascensor': 'true'}, {'Sala de juntas o reuniones': 'true'}, {'Vigilancia 24hrs': 'true'}, {'Cerca Transporte Público': 'true'}, {'Cerca Transporte Público': 'true'}]}",2026-09-11 19:12:47.228872+00:00
https://www.metrocuadrado.com/inmueble/venta-casa-bogota-sucre-5-habitaciones-5-banos-4-garajes/4830-M2829165?src_url=%2Finmuebles%2Farriendo%2Fbogota%2F%3Fsearch%3Dform,"{'title': 'Casa En Venta Y Arriendo, JAVERIANA SUCRE', 'location': 'JAVERIANA SUCRE, Bogotá D.C.', 'price': '$ 4.500.000.000.000', 'area': None, 'estrato': None, 'main_specs': '5 hab. | 5 bañ. | 4 par.', 'characteristics': [{'Apto para niños': 'true'}, {'Citófonos': 'true'}, {'Tipo de Cortinas persianas': 'true'}, {'Hall de Alcobas': 'true'}, {'Puertas de seguridad': 'true'}, {'Tipo instalación de gas natural': 'true'}, {'Número de Closets 4': 'true'}, {'Número de líneas teléfonicas 0': 'true'}, {'Tipo de calentador gas': 'true'}, {'Tipo de Casa tradicional': 'true'}, {'Tipo comedor comedor independiente': 'true'}, {'Depósito 0': 'true'}, {'Tipo de estufa gas': 'true'}, {'Tipo de piso en alcobas madera': 'true'}, {'Tipo de piso en comedor madera': 'true'}, {'Tipo de piso en estudio madera': 'true'}, {'Tipo de piso en sala madera': 'true'}, {'Vista exterior': 'true'}, {'Jardín interior': 'true'}, {'Zona de BBQ': 'true'}, {'&Aacute;rea del lote 550': 'true'}, {'Área Terraza/Balcón 3': 'true'}, {'Circuito cerrado de TV': 'true'}, {'Número de Ascensores 0': 'true'}, {'Número de niveles 2': 'true'}, {'Terraza/Balcón balcón': 'true'}, {'Tipo de parqueadero propio': 'true'}, {'Cerca Centros Comerciales': 'true'}, {'Cerca Colegios / Universidades': 'true'}, {'Cerca Parques': 'true'}, {'Cerca Supermercados': 'true'}, {'Cerca Transporte Público': 'true'}, {'Sobre vía secundaria': 'true'}, {'Cerca Centros Comerciales': 'true'}, {'Cerca Colegios / Universidades': 'true'}, {'Cerca Parques': 'true'}, {'Cerca Supermercados': 'true'}, {'Cerca Transporte Público': 'true'}, {'Sobre vía secundaria': 'true'}]}",2026-09-11 19:12:53.714383+00:00
https://www.metrocuadrado.com/inmueble/arriendo-bodega-bogota-doce-de-octubre/16556-M6857953?src_url=%2Finmuebles%2Farriendo%2Fbogota%2F%3Fsearch%3Dform,"{'title': 'Bodega En Arriendo, DOCE DE OCTUBRE', 'location': 'DOCE DE OCTUBRE, Bogotá D.C.', 'price': '$ 18.950.000', 'area': None, 'estrato': None, 'main_specs': None, 'characteristics': [{'Alarma Contra Incendio': 'true'}, {'Almacen': 'true'}, {'Con oficinas': 'true'}, {'Detección de humo': 'true'}, {'Equipado': 'true'}, {'Número bodega 1': 'true'}, {'Piso de alta resistencia': 'true'}, {'Plataformas para trailers': 'true'}, {'Puerta eléctrica': 'true'}, {'Tipo bodega industrial': 'true'}, {'Tipo de acabado piso cerámica': 'true'}, {'Cerca a gimnasio': 'true'}, {'Cerca a hospitales': 'true'}, {'Cerca a parque industrial': 'true'}, {'Acceso para discapacitados': 'true'}, {'Puerta acceso para tractomulas camiones': 'true'}, {'Cerca Centros Comerciales': 'true'}, {'Cerca Parques': 'true'}, {'Cerca Supermercados': 'true'}, {'Cerca Transporte Público': 'true'}, {'Ubicación zona centros negocios': 'true'}, {'Cerca Centros Comerciales': 'true'}, {'Cerca Parques': 'true'}, {'Cerca Supermercados': 'true'}, {'Cerca Transporte Público': 'true'}, {'Ubicación zona centros negocios': 'true'}]}",2026-09-11 19:12:58.649081+00:00
https://www.metrocuadrado.com/inmueble/arriendo-oficina-bogota-la-esperanza-norte-5-banos-4-garajes/848-M6406625?src_url=%2Finmuebles%2Farriendo%2Fbogota%2F%3Fsearch%3Dform,"{'title': 'Oficina En Arriendo, CIUDAD SALITRE', 'location': 'CIUDAD SALITRE, Bogotá D.C.', 'price': '$ 13.678.000', 'area': None, 'estrato': None, 'main_specs': '5 bañ. | 4 par.', 'characteristics': [{'Citófonos': 'true'}, {'Puertas de seguridad': 'true'}, {'Control de ruido': 'true'}, {'Control térmico': 'true'}, {'Detección de humo': 'true'}, {'Escalera de Emergencia': 'true'}, {'Número de piso 8': 'true'}, {'Se Permite Fumar': 'true'}, {'Tipo de oficina edificio': 'true'}, {'Tipo de acabado piso porcelanato': 'true'}, {'Vista exterior': 'true'}, {'Cerca a gimnasio': 'true'}, {'Cerca a hospitales': 'true'}, {'Acceso con tarjetas o dispositivos': 'true'}, {'Ascensor': 'true'}, {'Acceso para discapacitados': 'true'}, {'Circuito cerrado de TV': 'true'}, {'Parqueadero cubierto': 'true'}, {'Vista panorámica': 'true'}, {'Número de Ascensores 4': 'true'}, {'Recepción Lobby': 'true'}, {'Sistema contra incendio': 'true'}, {'Vigilancia 24hrs': 'true'}, {'Cerca Colegios / Universidades': 'true'}, {'Cerca Parques': 'true'}, {'Cerca Supermercados': 'true'}, {'Cerca Transporte Público': 'true'}, {'Sobre vía principal': 'true'}, {'Sobre vía secundaria': 'true'}, {'Cerca Colegios / Universidades': 'true'}, {'Cerca Parques': 'true'}, {'Cerca Supermercados': 'true'}, {'Cerca Transporte Público': 'true'}, {'Sobre vía principal': 'true'}, {'Sobre vía secundaria': 'true'}]}",2026-09-11 19:13:03.416938+00:00
https://www.metrocuadrado.com/inmueble/arriendo-oficina-bogota-la-esperanza-norte-5-banos-4-garajes/848-M6860244?src_url=%2Finmuebles%2Farriendo%2Fbogota%2F%3Fsearch%3Dform,"{'title': 'Oficina En Arriendo, CIUDAD SALITRE', 'location': 'CIUDAD SALITRE, Bogotá D.C.', 'price': '$ 111.642.400', 'area': None, 'estrato': None, 'main_specs': '5 bañ. | 4 par.', 'characteristics': [{'Citófonos': 'true'}, {'Puertas de seguridad': 'true'}, {'Control de ruido': 'true'}, {'Control térmico': 'true'}, {'Detección de humo': 'true'}, {'Escalera de Emergencia': 'true'}, {'Número de piso 16': 'true'}, {'Se Permite Fumar': 'true'}, {'Tipo de oficina edificio': 'true'}, {'Vista exterior': 'true'}, {'Cerca a gimnasio': 'true'}, {'Cerca a hospitales': 'true'}, {'Acceso con tarjetas o dispositivos': 'true'}, {'Ascensor': 'true'}, {'Acceso para discapacitados': 'true'}, {'Circuito cerrado de TV': 'true'}, {'Parqueadero cubierto': 'true'}, {'Vista panorámica': 'true'}, {'Número de Ascensores 4': 'true'}, {'Recepción Lobby': 'true'}, {'Sistema contra incendio': 'true'}, {'Vigilancia 24hrs': 'true'}, {'Cerca Colegios / Universidades': 'true'}, {'Cerca Parques': 'true'}, {'Cerca Supermercados': 'true'}, {'Cerca Transporte Público': 'true'}, {'Sobre vía principal': 'true'}, {'Sobre vía secundaria': 'true'}, {'Cerca Colegios / Universidades': 'true'}, {'Cerca Parques': 'true'}, {'Cerca Supermercados': 'true'}, {'Cerca Transporte Público': 'true'}, {'Sobre vía principal': 'true'}, {'Sobre vía secundaria': 'true'}]}",2026-09-11 19:13:08.200304+00:00
https://www.metrocuadrado.com/inmueble/arriendo-bodega-bogota-toberin/848-M6949598?src_url=%2Finmuebles%2Farriendo%2Fbogota%2F%3Fsearch%3Dform,"{'title': 'Bodega En Arriendo, TOBERIN', 'location': 'TOBERIN, Bogotá D.C.', 'price': '$ 50.000.000', 'area': None, 'estrato': None, 'main_specs': None, 'characteristics': [{'Almacen': 'true'}, {'Con oficinas': 'true'}, {'Equipado': 'true'}, {'Número bodega 0': 'true'}, {'Piso de alta resistencia': 'true'}, {'Tipo bodega almacenamiento': 'true'}, {'Tipo de acabado piso baldosa': 'true'}, {'Cerca a gimnasio': 'true'}, {'Cerca a parque industrial': 'true'}, {'Bahias de parqueo': 'true'}, {'Acceso para discapacitados': 'true'}, {'Puerta acceso para tractomulas camiones': 'true'}, {'Cerca Supermercados': 'true'}, {'Cerca Transporte Público': 'true'}, {'Cerca Supermercados': 'true'}, {'Cerca Transporte Público': 'true'}]}",2026-09-11 19:13:13.008456+00:00
https://www.metrocuadrado.com/inmueble/arriendo-oficina-bogota-la-esperanza-norte-5-banos-4-garajes/848-M6860258?src_url=%2Finmuebles%2Farriendo%2Fbogota%2F%3Fsearch%3Dform,"{'title': 'Oficina En Arriendo, CIUDAD SALITRE', 'location': 'CIUDAD SALITRE, Bogotá D.C.', 'price': '$ 54.354.950', 'area': None, 'estrato': None, 'main_specs': '5 bañ. | 4 par.', 'characteristics': [{'Citófonos': 'true'}, {'Puertas de seguridad': 'true'}, {'Control de ruido': 'true'}, {'Control térmico': 'true'}, {'Detección de humo': 'true'}, {'Escalera de Emergencia': 'true'}, {'Número de piso 16': 'true'}, {'Se Permite Fumar': 'true'}, {'Tipo de oficina edificio': 'true'}, {'Vista exterior': 'true'}, {'Cerca a gimnasio': 'true'}, {'Cerca a parque industrial': 'true'}, {'Acceso con tarjetas o dispositivos': 'true'}, {'Ascensor': 'true'}, {'Acceso para discapacitados': 'true'}, {'Circuito cerrado de TV': 'true'}, {'Parqueadero cubierto': 'true'}, {'Vista panorámica': 'true'}, {'Generador eléctrico': 'true'}, {'Número de Ascensores 4': 'true'}, {'Recepción Lobby': 'true'}, {'Sistema contra incendio': 'true'}, {'Cerca Colegios / Universidades': 'true'}, {'Cerca Parques': 'true'}, {'Cerca Supermercados': 'true'}, {'Cerca Transporte Público': 'true'}, {'Sobre vía principal': 'true'}, {'Sobre vía secundaria': 'true'}, {'Cerca Colegios / Universidades': 'true'}, {'Cerca Parques': 'true'}, {'Cerca Supermercados': 'true'}, {'Cerca Transporte Público': 'true'}, {'Sobre vía principal': 'true'}, {'Sobre vía secundaria': 'true'}]}",2026-09-11 19:13:17.729781+00:00
https://www.metrocuadrado.com/inmueble/arriendo-apartamento-bogota-cedritos-3-habitaciones-3-banos-1-garajes/4957-M6959847?src_url=%2Finmuebles%2Farriendo%2Fbogota%2F%3Fsearch%3Dform,"{'title': 'Apartamento En Arriendo, CEDRITOS', 'location': 'CEDRITOS, Bogotá D.C.', 'price': '$ 4.040.000', 'area': None, 'estrato': None, 'main_specs': '3 hab. | 3 bañ. | 1 par.', 'characteristics': [{'Apto para niños': 'true'}, {'Citófonos': 'true'}, {'Tipo de Cortinas ninguna': 'true'}, {'Hall de Alcobas': 'true'}, {'Zona de lavanderia': 'true'}, {'En interior y/o bloque': 'true'}, {'Extractor': 'true'}, {'Horno': 'true'}, {'Tipo instalación de gas natural': 'true'}, {'Luz en la mañana': 'true'}, {'Luz en la tarde': 'true'}, {'Número de Closets 3': 'true'}, {'Número de piso 11': 'true'}, {'Shut de basura': 'true'}, {'Tipo de calentador gas': 'true'}, {'Tipo de Cocina abierta': 'true'}, {'Tipo comedor sala comedor': 'true'}, {'Depósito 0': 'true'}, {'Tipo de estufa gas': 'true'}, {'Tipo de acabado piso cerámica': 'true'}, {'Vista exterior': 'true'}, {'Walking closet': 'true'}, {'Cerca a gimnasio': 'true'}, {'Cerca a hospitales': 'true'}, {'Cerca a Jardines y Colegios': 'true'}, {'Cerca a restaurantes': 'true'}, {'Cerca a tiendas de barrio': 'true'}, {'Gimnasio': 'true'}, {'Salón comunal': 'true'}, {'Área Terraza/Balcón 8': 'true'}, {'Ascensor': 'true'}, {'Bahias de parqueo': 'true'}, {'Acceso para discapacitados': 'true'}, {'Circuito cerrado de TV': 'true'}, {'Parqueadero cubierto': 'true'}, {'Vista panorámica': 'true'}, {'Conjunto cerrado': 'true'}, {'Número de Ascensores 2': 'true'}, {'Recepción Lobby': 'true'}, {'Terraza/Balcón balcón': 'true'}, {'Tipo de parqueadero propio': 'true'}, {'Vigilancia 24hrs': 'true'}, {'Cerca Centros Comerciales': 'true'}, {'Cerca Colegios / Universidades': 'true'}, {'Cerca Parques': 'true'}, {'Cerca Supermercados': 'true'}, {'Cerca Transporte Público': 'true'}, {'Sobre vía principal': 'true'}, {'Cerca Centros Comerciales': 'true'}, {'Cerca Colegios / Universidades': 'true'}, {'Cerca Parques': 'true'}, {'Cerca Supermercados': 'true'}, {'Cerca Transporte Público': 'true'}, {'Sobre vía principal': 'true'}]}",2026-09-11 19:13:23.208347+00:00
https://www.metrocuadrado.com/inmueble/arriendo-apartamento-bogota-bellavista-4-habitaciones-4-banos-3-garajes/800-M5738090?src_url=%2Finmuebles%2Farriendo%2Fbogota%2F%3Fsearch%3Dform,"{'title': 'Apartamento En Arriendo, LOS ROSALES', 'location': 'LOS ROSALES, Bogotá D.C.', 'price': '$ 18.500.000', 'area': None, 'estrato': None, 'main_specs': '4 hab. | 4 bañ. | 3 par.', 'characteristics': [{'Apto para niños': 'true'}, {'Con chimenea': 'true'}, {'Citófonos': 'true'}, {'Comedor auxiliar': 'true'}, {'Cuarto de servicio': 'true'}, {'Estudio o biblioteca': 'true'}, {'Hall de Alcobas': 'true'}, {'Jacuzzi': 'true'}, {'Puertas de seguridad': 'true'}, {'Zona de lavanderia': 'true'}, {'Control de ruido': 'true'}, {'Despensa': 'true'}, {'Extractor': 'true'}, {'Horno': 'true'}, {'Tipo instalación de gas natural': 'true'}, {'Lavaplatos': 'true'}, {'Luz en la tarde': 'true'}, {'Número de Closets 4': 'true'}, {'Número de piso 7': 'true'}, {'PentHouse': 'true'}, {'Se Permite Fumar': 'true'}, {'Se Permiten Mascotas': 'true'}, {'Shut de basura': 'true'}, {'Tipo de calentador caldera': 'true'}, {'Tipo de Cocina abierta': 'true'}, {'Tipo comedor comedor independiente': 'true'}, {'Depósito 1': 'true'}, {'Tipo de estufa gas': 'true'}, {'Vista exterior': 'true'}, {'Walking closet': 'true'}, {'Cerca a gimnasio': 'true'}, {'Cerca a restaurantes': 'true'}, {'Gimnasio': 'true'}, {'Salón comunal': 'true'}, {'Sauna y/o turco': 'true'}, {'Zona de BBQ': 'true'}, {'Zona para niños': 'true'}, {'Zonas verdes': 'true'}, {'Área Terraza/Balcón 15': 'true'}, {'Ascensor': 'true'}, {'Acceso para discapacitados': 'true'}, {'Circuito cerrado de TV': 'true'}, {'Parqueadero cubierto': 'true'}, {'Piscina': 'true'}, {'Conjunto cerrado': 'true'}, {'Número de Ascensores 2': 'true'}, {'Recepción Lobby': 'true'}, {'Terraza/Balcón terraza': 'true'}, {'Tipo de parqueadero propio': 'true'}, {'Vigilancia 24hrs': 'true'}, {'Cerca Centros Comerciales': 'true'}, {'Cerca Colegios / Universidades': 'true'}, {'Cerca Parques': 'true'}, {'Cerca Supermercados': 'true'}, {'Cerca Transporte Público': 'true'}, {'Sobre vía secundaria': 'true'}, {'Cerca Centros Comerciales': 'true'}, {'Cerca Colegios / Universidades': 'true'}, {'Cerca Parques': 'true'}, {'Cerca Supermercados': 'true'}, {'Cerca Transporte Público': 'true'}, {'Sobre vía secundaria': 'true'}]}",2026-09-11 19:13:28.593854+00:00
https://www.metrocuadrado.com/inmueble/arriendo-apartamento-bogota-asd-3-habitaciones-5-banos-4-garajes/990-M6113877?src_url=%2Finmuebles%2Farriendo%2Fbogota%2F%3Fsearch%3Dform,"{'title': 'Apartamento En Arriendo, BOSQUE MEDINA', 'location': 'BOSQUE MEDINA, Bogotá D.C.', 'price': '$ 15.000.000', 'area': None, 'estrato': None, 'main_specs': '3 hab. | 5 bañ. | 4 par.', 'characteristics': [{'Apto para niños': 'true'}, {'Con chimenea': 'true'}, {'Citófonos': 'true'}, {'Comedor auxiliar': 'true'}, {'Tipo de Cortinas persianas': 'true'}, {'Cuarto de servicio': 'true'}, {'Estudio o biblioteca': 'true'}, {'Hall de Alcobas': 'true'}, {'Equipado / Amoblado': 'true'}, {'Zona de lavanderia': 'true'}, {'Despensa': 'true'}, {'Extractor': 'true'}, {'Horno': 'true'}, {'Tipo instalación de gas natural': 'true'}, {'Lavaplatos': 'true'}, {'Luz en la mañana': 'true'}, {'Luz en la tarde': 'true'}, {'Número de Closets 4': 'true'}, {'Número de piso 7': 'true'}, {'PentHouse': 'true'}, {'Se Permite Fumar': 'true'}, {'Se Permiten Mascotas': 'true'}, {'Shut de basura': 'true'}, {'Tipo de calentador gas': 'true'}, {'Tipo de Cocina abierta': 'true'}, {'Tipo comedor sala comedor': 'true'}, {'Depósito 1': 'true'}, {'Tipo de estufa gas': 'true'}, {'Tipo de acabado piso madera': 'true'}, {'Tipo de piso en alcobas madera': 'true'}, {'Tipo de piso en comedor madera': 'true'}, {'Tipo de piso en estudio madera': 'true'}, {'Tipo de piso en sala madera': 'true'}, {'Vista exterior': 'true'}, {'Cerca a gimnasio': 'true'}, {'Cerca a hospitales': 'true'}, {'Cerca a Jardines y Colegios': 'true'}, {'Cerca a parque industrial': 'true'}, {'Cerca a restaurantes': 'true'}, {'Cerca a tiendas de barrio': 'true'}, {'Gimnasio': 'true'}, {'Salón comunal': 'true'}, {'Zona de BBQ': 'true'}, {'Zona para niños': 'true'}, {'Zonas verdes': 'true'}, {'Área Terraza/Balcón 8': 'true'}, {'Ascensor': 'true'}, {'Bahias de parqueo': 'true'}, {'Acceso para discapacitados': 'true'}, {'Circuito cerrado de TV': 'true'}, {'Parqueadero cubierto': 'true'}, {'Vista panorámica': 'true'}, {'Conjunto cerrado': 'true'}, {'Número de Ascensores 1': 'true'}, {'Recepción Lobby': 'true'}, {'Terraza/Balcón terraza': 'true'}, {'Tipo de parqueadero propio': 'true'}, {'Vigilancia 24hrs': 'true'}, {'Cerca Centros Comerciales': 'true'}, {'Cerca Colegios / Universidades': 'true'}, {'Cerca Parques': 'true'}, {'Cerca Supermercados': 'true'}, {'Cerca Transporte Público': 'true'}, {'Sobre vía secundaria': 'true'}, {'Cerca Centros Comerciales': 'true'}, {'Cerca Colegios / Universidades': 'true'}, {'Cerca Parques': 'true'}, {'Cerca Supermercados': 'true'}, {'Cerca Transporte Público': 'true'}, {'Sobre vía secundaria': 'true'}]}",2026-09-11 19:13:34.052857+00:00
https://www.metrocuadrado.com/inmueble/arriendo-apartamento-bogota-la-esperanza-norte-4-habitaciones-4-banos-4-garajes/3038-M6856429?src_url=%2Finmuebles%2Farriendo%2Fbogota%2F%3Fsearch%3Dform,"{'title': 'Apartamento En Arriendo, CIUDAD SALITRE RESERVADO', 'location': 'CIUDAD SALITRE RESERVADO, Bogotá D.C.', 'price': '$ 13.500.000', 'area': None, 'estrato': None, 'main_specs': '4 hab. | 4 bañ. | 4 par.', 'characteristics': [{'Apto para niños': 'true'}, {'Con chimenea': 'true'}, {'Citófonos': 'true'}, {'Tipo de Cortinas persianas': 'true'}, {'Cuarto de servicio': 'true'}, {'Estudio o biblioteca': 'true'}, {'Puertas de seguridad': 'true'}, {'Zona de lavanderia': 'true'}, {'Control de ruido': 'true'}, {'Despensa': 'true'}, {'Dúplex': 'true'}, {'En interior y/o bloque': 'true'}, {'Extractor': 'true'}, {'Horno': 'true'}, {'Tipo instalación de gas natural': 'true'}, {'Lavaplatos': 'true'}, {'Luz en la mañana': 'true'}, {'Luz en la tarde': 'true'}, {'Número de Closets 4': 'true'}, {'Número de piso 10': 'true'}, {'PentHouse': 'true'}, {'Shut de basura': 'true'}, {'Tipo de calentador gas': 'true'}, {'Tipo de Cocina en l': 'true'}, {'Tipo comedor comedor independiente': 'true'}, {'Depósito 0': 'true'}, {'Tipo de estufa gas': 'true'}, {'Tipo de acabado piso laminado': 'true'}, {'Tipo de piso en alcobas laminado': 'true'}, {'Tipo de piso en comedor laminado': 'true'}, {'Tipo de piso en estudio laminado': 'true'}, {'Tipo de piso en sala laminado': 'true'}, {'Vista exterior': 'true'}, {'Walking closet': 'true'}, {'Cerca a gimnasio': 'true'}, {'Cerca a hospitales': 'true'}, {'Cerca a Jardines y Colegios': 'true'}, {'Cerca a parque industrial': 'true'}, {'Cerca a restaurantes': 'true'}, {'Cerca a tiendas de barrio': 'true'}, {'Cancha(s) de Fútbol': 'true'}, {'Cancha(s) de squash': 'true'}, {'Gimnasio': 'true'}, {'Salón comunal': 'true'}, {'Zona para niños': 'true'}, {'Zonas verdes': 'true'}, {'Área Terraza/Balcón 90': 'true'}, {'Ascensor': 'true'}, {'Acceso para discapacitados': 'true'}, {'Circuito cerrado de TV': 'true'}, {'Parqueadero cubierto': 'true'}, {'Vista panorámica': 'true'}, {'Conjunto cerrado': 'true'}, {'Número de Ascensores 3': 'true'}, {'Recepción Lobby': 'true'}, {'Terraza/Balcón terraza': 'true'}, {'Tipo de parqueadero propio': 'true'}, {'Vigilancia 24hrs': 'true'}, {'Cerca Centros Comerciales': 'true'}, {'Cerca Colegios / Universidades': 'true'}, {'Cerca Parques': 'true'}, {'Cerca Supermercados': 'true'}, {'Cerca Transporte Público': 'true'}, {'Sobre vía secundaria': 'true'}, {'Cerca Centros Comerciales': 'true'}, {'Cerca Colegios / Universidades': 'true'}, {'Cerca Parques': 'true'}, {'Cerca Supermercados': 'true'}, {'Cerca Transporte Público': 'true'}, {'Sobre vía secundaria': 'true'}]}",2026-09-11 19:13:39.528577+00:00
https://www.metrocuadrado.com/inmueble/arriendo-apartamento-bogota-multicentro-3-habitaciones-4-banos-2-garajes/753-M7021985?src_url=%2Finmuebles%2Farriendo%2Fbogota%2F%3Fsearch%3Dform,"{'title': 'Apartamento En Arriendo, Multicentro', 'location': 'Multicentro, Bogotá D.C.', 'price': '$ 6.000.000', 'area': None, 'estrato': None, 'main_specs': '3 hab. | 4 bañ. | 2 par.', 'characteristics': [{'Baño de Servicio': 'true'}, {'Con chimenea': 'true'}, {'Citófonos': 'true'}, {'Cuarto de servicio': 'true'}, {'Estudio o biblioteca': 'true'}, {'Hall de Alcobas': 'true'}, {'Equipado / Amoblado': 'true'}, {'Zona de lavanderia': 'true'}, {'Despensa': 'true'}, {'Tipo instalación de gas natural': 'true'}, {'Luz en la tarde': 'true'}, {'Número de Closets 3': 'true'}, {'Número de piso 5': 'true'}, {'Shut de basura': 'true'}, {'Tipo de calentador gas': 'true'}, {'Tipo de Cocina lineal': 'true'}, {'Tipo comedor sala comedor': 'true'}, {'Depósito 1': 'true'}, {'Tipo de estufa gas': 'true'}, {'Tipo de acabado piso laminado': 'true'}, {'Tipo de piso en alcobas laminado': 'true'}, {'Tipo de piso en comedor laminado': 'true'}, {'Tipo de piso en estudio laminado': 'true'}, {'Tipo de piso en sala laminado': 'true'}, {'Vista interior': 'true'}, {'Cerca a restaurantes': 'true'}, {'Cancha(s) de squash': 'true'}, {'Gimnasio': 'true'}, {'Salón comunal': 'true'}, {'Zonas verdes': 'true'}, {'Área Terraza/Balcón 3': 'true'}, {'Ascensor': 'true'}, {'Parqueadero cubierto': 'true'}, {'Vigilancia': 'true'}, {'Conjunto cerrado': 'true'}, {'Número de Ascensores 2': 'true'}, {'Recepción Lobby': 'true'}, {'Terraza/Balcón balcón': 'true'}, {'Tipo de parqueadero propio': 'true'}, {'Vigilancia 24hrs': 'true'}, {'Cerca Centros Comerciales': 'true'}, {'Cerca Colegios / Universidades': 'true'}, {'Cerca Parques': 'true'}, {'Cerca Supermercados': 'true'}, {'Cerca Transporte Público': 'true'}, {'Sobre vía secundaria': 'true'}, {'Cerca Centros Comerciales': 'true'}, {'Cerca Colegios / Universidades': 'true'}, {'Cerca Parques': 'true'}, {'Cerca Supermercados': 'true'}, {'Cerca Transporte Público': 'true'}, {'Sobre vía secundaria': 'true'}]}",2026-09-11 19:13:44.914581+00:00
https://www.metrocuadrado.com/inmueble/arriendo-apartamento-bogota-santa-teresa-2-habitaciones-2-banos-1-garajes/2564-M6955200?src_url=%2Finmuebles%2Farriendo%2Fbogota%2F%3Fsearch%3Dform,"{'title': 'Apartamento En Arriendo, Santa Teresa', 'location': 'Santa Teresa, Bogotá D.C.', 'price': '$ 2.500.000', 'area': None, 'estrato': None, 'main_specs': '2 hab. | 2 bañ. | 1 par.', 'characteristics': [{'Apto para niños': 'true'}, {'Citófonos': 'true'}, {'Cocina Tipo Americano': 'true'}, {'Cocina integral': 'true'}, {'Puertas de seguridad': 'true'}, {'Zona de lavanderia': 'true'}, {'Extractor': 'true'}, {'Horno': 'true'}, {'Tipo instalación de gas natural': 'true'}, {'Número de Closets 2': 'true'}, {'Número de piso 7': 'true'}, {'Se Permiten Mascotas': 'true'}, {'Tipo de calentador gas': 'true'}, {'Tipo de Cocina abierta': 'true'}, {'Tipo comedor sala comedor': 'true'}, {'Tipo de estufa gas': 'true'}, {'Tipo de acabado piso laminado': 'true'}, {'Tipo de piso en alcobas laminado': 'true'}, {'Tipo de piso en comedor laminado': 'true'}, {'Tipo de piso en sala laminado': 'true'}, {'Vista exterior': 'true'}, {'Cerca a hospitales': 'true'}, {'Cerca a Jardines y Colegios': 'true'}, {'Cerca a tiendas de barrio': 'true'}, {'Gimnasio': 'true'}, {'Salón comunal': 'true'}, {'Área Terraza/Balcón 2': 'true'}, {'Ascensor': 'true'}, {'Bahias de parqueo': 'true'}, {'Circuito cerrado de TV': 'true'}, {'Conjunto cerrado': 'true'}, {'Número de Ascensores 2': 'true'}, {'Recepción Lobby': 'true'}, {'Terraza/Balcón balcón': 'true'}, {'Tipo de parqueadero propio': 'true'}, {'Vigilancia 24hrs': 'true'}, {'Cerca Colegios / Universidades': 'true'}, {'Cerca Parques': 'true'}, {'Cerca Supermercados': 'true'}, {'Cerca Transporte Público': 'true'}, {'Sobre vía secundaria': 'true'}, {'Área Urbana': 'true'}, {'Cerca Colegios / Universidades': 'true'}, {'Cerca Parques': 'true'}, {'Cerca Supermercados': 'true'}, {'Cerca Transporte Público': 'true'}, {'Sobre vía secundaria': 'true'}, {'Área Urbana': 'true'}]}",2026-09-11 19:13:50.319543+00:00
https://www.metrocuadrado.com/inmueble/arriendo-oficina-bogota-estoril-4-banos/2368-M5703787?src_url=%2Finmuebles%2Farriendo%2Fbogota%2F%3Fsearch%3Dform,"{'title': 'Oficina En Arriendo, Estoril', 'location': 'Estoril, Bogotá D.C.', 'price': '$ 6.000.000', 'area': None, 'estrato': None, 'main_specs': '4 bañ.', 'characteristics': [{'Número de piso 2': 'true'}, {'Se Permite Fumar': 'true'}, {'Tipo de oficina casa': 'true'}, {'Tipo de acabado piso cemento': 'true'}, {'Vista exterior': 'true'}, {'Cerca a gimnasio': 'true'}, {'Cerca a hospitales': 'true'}, {'Vista panorámica': 'true'}, {'Número de Ascensores 0': 'true'}, {'Vigilancia 0': 'true'}, {'Cerca Colegios / Universidades': 'true'}, {'Cerca Parques': 'true'}, {'Cerca Supermercados': 'true'}, {'Cerca Transporte Público': 'true'}, {'Sobre vía principal': 'true'}, {'Ubicación zona centros negocios': 'true'}, {'Área Urbana': 'true'}, {'Cerca Colegios / Universidades': 'true'}, {'Cerca Parques': 'true'}, {'Cerca Supermercados': 'true'}, {'Cerca Transporte Público': 'true'}, {'Sobre vía principal': 'true'}, {'Ubicación zona centros negocios': 'true'}, {'Área Urbana': 'true'}]}",2026-09-11 19:13:55.214733+00:00
https://www.metrocuadrado.com/inmueble/arriendo-apartamento-bogota-chico-norte-et-iii-1-habitaciones-1-banos-1-garajes/533-M7035946?src_url=%2Finmuebles%2Farriendo%2Fbogota%2F%3Fsearch%3Dform,"{'title': 'Apartamento En Arriendo, CHICO NORTE III', 'location': 'CHICO NORTE III, Bogotá D.C.', 'price': '$ 5.000.000', 'area': None, 'estrato': None, 'main_specs': '1 hab. | 1 bañ. | 1 par.', 'characteristics': [{'Apto para niños': 'true'}, {'Con chimenea': 'true'}, {'Citófonos': 'true'}, {'Comedor auxiliar': 'true'}, {'Tipo de Cortinas persianas': 'true'}, {'Estudio o biblioteca': 'true'}, {'Equipado / Amoblado': 'true'}, {'Puertas de seguridad': 'true'}, {'Zona de lavanderia': 'true'}, {'Control de ruido': 'true'}, {'Control térmico': 'true'}, {'Extractor': 'true'}, {'Horno': 'true'}, {'Tipo instalación de gas natural': 'true'}, {'Lavaplatos': 'true'}, {'Luz en la mañana': 'true'}, {'Luz en la tarde': 'true'}, {'Monoambiente': 'true'}, {'Número de Closets 1': 'true'}, {'Número de piso 4': 'true'}, {'Shut de basura': 'true'}, {'Tipo de calentador caldera': 'true'}, {'Tipo de Cocina abierta': 'true'}, {'Tipo comedor comedor independiente': 'true'}, {'Depósito 1': 'true'}, {'Tipo de estufa gas': 'true'}, {'Tipo de acabado piso laminado': 'true'}, {'Tipo de piso en alcobas laminado': 'true'}, {'Tipo de piso en comedor laminado': 'true'}, {'Tipo de piso en estudio laminado': 'true'}, {'Tipo de piso en sala laminado': 'true'}, {'Vista exterior': 'true'}, {'Walking closet': 'true'}, {'Cerca a gimnasio': 'true'}, {'Cerca a hospitales': 'true'}, {'Cerca a Jardines y Colegios': 'true'}, {'Cerca a restaurantes': 'true'}, {'Cerca a tiendas de barrio': 'true'}, {'Gimnasio': 'true'}, {'Ascensor': 'true'}, {'Bahias de parqueo': 'true'}, {'Acceso para discapacitados': 'true'}, {'Circuito cerrado de TV': 'true'}, {'Parqueadero cubierto': 'true'}, {'Vista panorámica': 'true'}, {'Número de Ascensores 2': 'true'}, {'Recepción Lobby': 'true'}, {'Terraza/Balcón ninguno': 'true'}, {'Tipo de parqueadero propio': 'true'}, {'Vigilancia 24hrs': 'true'}, {'Cerca Colegios / Universidades': 'true'}, {'Cerca Parques': 'true'}, {'Cerca Supermercados': 'true'}, {'Cerca Transporte Público': 'true'}, {'Sobre vía secundaria': 'true'}, {'Cerca Colegios / Universidades': 'true'}, {'Cerca Parques': 'true'}, {'Cerca Supermercados': 'true'}, {'Cerca Transporte Público': 'true'}, {'Sobre vía secundaria': 'true'}]}",2026-09-11 19:14:00.712096+00:00
https://www.metrocuadrado.com/inmueble/arriendo-apartamento-bogota-santa-barbara-central-2-habitaciones-2-banos-1-garajes/19118-M7043123?src_url=%2Finmuebles%2Farriendo%2Fbogota%2F%3Fsearch%3Dform,"{'title': 'Apartamento En Arriendo, SANTA BARBARA CENTRAL', 'location': 'SANTA BARBARA CENTRAL, Bogotá D.C.', 'price': '$ 3.600.000', 'area': None, 'estrato': None, 'main_specs': '2 hab. | 2 bañ. | 1 par.', 'characteristics': [{'Apto para niños': 'true'}, {'Hall de Alcobas': 'true'}, {'Equipado / Amoblado': 'true'}, {'Zona de lavanderia': 'true'}, {'Tipo instalación de gas natural': 'true'}, {'Número de Closets 2': 'true'}, {'Número de piso 3': 'true'}, {'Tipo de calentador gas': 'true'}, {'Tipo de Cocina abierta': 'true'}, {'Depósito 0': 'true'}, {'Tipo de estufa gas': 'true'}, {'Vista interior': 'true'}, {'Cerca a hospitales': 'true'}, {'Cerca a Jardines y Colegios': 'true'}, {'Cerca a tiendas de barrio': 'true'}, {'Circuito cerrado de TV': 'true'}, {'Parqueadero cubierto': 'true'}, {'Recepción Lobby': 'true'}, {'Tipo de parqueadero propio': 'true'}, {'Vigilancia 12hrs': 'true'}, {'Cerca Centros Comerciales': 'true'}, {'Cerca Colegios / Universidades': 'true'}, {'Cerca Supermercados': 'true'}, {'Cerca Transporte Público': 'true'}, {'Sobre vía secundaria': 'true'}, {'Cerca Centros Comerciales': 'true'}, {'Cerca Colegios / Universidades': 'true'}, {'Cerca Supermercados': 'true'}, {'Cerca Transporte Público': 'true'}, {'Sobre vía secundaria': 'true'}]}",2026-09-11 19:14:05.553150+00:00
https://www.metrocuadrado.com/inmueble/arriendo-apartamento-bogota-chico-3-habitaciones-3-banos-2-garajes/11676-M6746733?src_url=%2Finmuebles%2Farriendo%2Fbogota%2F%3Fsearch%3Dform,"{'title': 'Apartamento En Arriendo, Chico', 'location': 'Chico, Bogotá D.C.', 'price': '$ 7.500.000', 'area': None, 'estrato': None, 'main_specs': '3 hab. | 3 bañ. | 2 par.', 'characteristics': [{'Cocina integral': 'true'}, {'Estudio o biblioteca': 'true'}, {'Hall de Alcobas': 'true'}, {'Zona de lavanderia': 'true'}, {'Despensa': 'true'}, {'Extractor': 'true'}, {'Lavaplatos': 'true'}, {'Monoambiente': 'true'}, {'Número de piso 1': 'true'}, {'Shut de basura': 'true'}, {'Depósito 1': 'true'}, {'Cerca a restaurantes': 'true'}, {'Cerca a tiendas de barrio': 'true'}, {'Salón comunal': 'true'}, {'Zona para niños': 'true'}, {'Zonas verdes': 'true'}, {'Ascensor': 'true'}, {'Bahias de parqueo': 'true'}, {'Circuito cerrado de TV': 'true'}, {'Parqueadero visitantes': 'true'}, {'Vigilancia': 'true'}, {'Recepción Lobby': 'true'}, {'Cerca Colegios / Universidades': 'true'}, {'Cerca Parques': 'true'}, {'Cerca Transporte Público': 'true'}, {'Área Urbana': 'true'}, {'Cerca Colegios / Universidades': 'true'}, {'Cerca Parques': 'true'}, {'Cerca Transporte Público': 'true'}, {'Área Urbana': 'true'}]}",2026-09-11 19:14:10.477038+00:00
https://www.metrocuadrado.com/inmueble/arriendo-casa-bogota-santa-ana-oriental-3-habitaciones-4-banos-2-garajes/13439-M5942165?src_url=%2Finmuebles%2Farriendo%2Fbogota%2F%3Fsearch%3Dform,"{'title': 'Casa En Arriendo, Santa Ana', 'location': 'Santa Ana, Bogotá D.C.', 'price': '$ 38.000.000', 'area': None, 'estrato': None, 'main_specs': '3 hab. | 4 bañ. | 2 par.', 'characteristics': [{'Baño Auxiliar': 'true'}, {'Baño de Servicio': 'true'}, {'Con calefacción': 'true'}, {'Con chimenea': 'true'}, {'Cocina Tipo Americano': 'true'}, {'Cocina integral': 'true'}, {'Comedor auxiliar': 'true'}, {'Cuarto de servicio': 'true'}, {'Estudio o biblioteca': 'true'}, {'Hall de Alcobas': 'true'}, {'Zona de lavanderia': 'true'}, {'Despensa': 'true'}, {'Depósito 1': 'true'}, {'Jardín interior': 'true'}, {'Zona de BBQ': 'true'}, {'Zonas verdes': 'true'}, {'&Aacute;rea del lote 700': 'true'}, {'Ascensor': 'true'}, {'Jardín': 'true'}, {'Parqueadero visitantes': 'true'}, {'Vigilancia': 'true'}, {'Vista panorámica': 'true'}, {'Terraza/Balcón balcón': 'true'}, {'Cerca Parques': 'true'}, {'Cerca Transporte Público': 'true'}, {'Cerca Parques': 'true'}, {'Cerca Transporte Público': 'true'}]}",2026-09-11 19:14:15.270747+00:00
https://www.metrocuadrado.com/inmueble/arriendo-apartaestudio-bogota-la-esperanza-norte-1-habitaciones-1-banos-1-garajes/710-M7041171?src_url=%2Finmuebles%2Farriendo%2Fbogota%2F%3Fsearch%3Dform,"{'title': 'Apartaestudio En Arriendo, La Esperanza Norte', 'location': 'La Esperanza Norte, Bogotá D.C.', 'price': '$ 4.000.000', 'area': None, 'estrato': None, 'main_specs': '1 hab. | 1 bañ. | 1 par.', 'characteristics': [{'Con calefacción': 'true'}, {'Citófonos': 'true'}, {'Cocina Tipo Americano': 'true'}, {'Cocina integral': 'true'}, {'Equipado / Amoblado': 'true'}, {'Zona de lavanderia': 'true'}, {'Despensa': 'true'}, {'Extractor': 'true'}, {'Horno': 'true'}, {'Lavaplatos': 'true'}, {'Luz en la mañana': 'true'}, {'Monoambiente': 'true'}, {'Número de piso 9': 'true'}, {'Gimnasio': 'true'}, {'Salón comunal': 'true'}, {'Zona de BBQ': 'true'}, {'Zonas verdes': 'true'}, {'Acceso con tarjetas o dispositivos': 'true'}, {'Ascensor': 'true'}, {'Circuito cerrado de TV': 'true'}, {'Parqueadero visitantes': 'true'}, {'Vigilancia': 'true'}, {'Vista panorámica': 'true'}, {'Recepción Lobby': 'true'}, {'Cerca Colegios / Universidades': 'true'}, {'Cerca Parques': 'true'}, {'Cerca Transporte Público': 'true'}, {'Sobre vía principal': 'true'}, {'Área Urbana': 'true'}, {'Cerca Colegios / Universidades': 'true'}, {'Cerca Parques': 'true'}, {'Cerca Transporte Público': 'true'}, {'Sobre vía principal': 'true'}, {'Área Urbana': 'true'}]}",2026-09-11 19:14:20.164427+00:00
https://www.metrocuadrado.com/inmueble/arriendo-apartaestudio-bogota-chico-norte-et.-iii-1-habitaciones-1-banos-1-garajes/MC6705495?src_url=%2Finmuebles%2Farriendo%2Fbogota%2F%3Fsearch%3Dform,"{'title': 'Apartaestudio En Arriendo, Para Estrenar RESERVA CHICO Zona Urbana', 'location': 'Para Estrenar RESERVA CHICO Zona Urbana, Bogotá D.C.', 'price': '$ 3.500.000', 'area': None, 'estrato': None, 'main_specs': '1 hab. | 1 bañ. | 1 par.', 'characteristics': [{'Depósito o cuarto útil': 'true'}, {'Equipado / Amoblado': 'true'}, {'Piso en madera': 'true'}, {'Zona de lavanderia': 'true'}, {'Detección de humo': 'true'}, {'Extractor': 'true'}, {'Horno': 'true'}, {'Luz en la mañana': 'true'}, {'Luz en la tarde': 'true'}, {'Número de piso 7': 'true'}, {'Puerta eléctrica': 'true'}, {'Shut de basura': 'true'}, {'Cerca a gimnasio': 'true'}, {'Cerca a hospitales': 'true'}, {'Cerca a Jardines y Colegios': 'true'}, {'Cerca a restaurantes': 'true'}, {'Cerca a tiendas de barrio': 'true'}, {'Salón comunal': 'true'}, {'Zona para niños': 'true'}, {'Zonas verdes': 'true'}, {'Acceso con tarjetas o dispositivos': 'true'}, {'Ascensor': 'true'}, {'Características del Parqueadero cubierto': 'true'}, {'Parqueadero visitantes': 'true'}, {'Con Terraza': 'true'}, {'Vigilancia': 'true'}, {'Recepción Lobby': 'true'}, {'Roof garden': 'true'}, {'Terraza Rooftop': 'true'}, {'Tipo de parqueadero propio': 'true'}, {'Cerca Centros Comerciales': 'true'}, {'Cerca Parques': 'true'}, {'Cerca Supermercados': 'true'}, {'Cerca Transporte Público': 'true'}, {'Ubicación zona centros negocios': 'true'}, {'Área Urbana': 'true'}, {'Cerca Centros Comerciales': 'true'}, {'Cerca Parques': 'true'}, {'Cerca Supermercados': 'true'}, {'Cerca Transporte Público': 'true'}, {'Ubicación zona centros negocios': 'true'}, {'Área Urbana': 'true'}]}",2026-09-11 19:14:26.176787+00:00
https://www.metrocuadrado.com/inmueble/arriendo-apartamento-bogota-chico-norte-et.-iii-3-habitaciones-4-banos-4-garajes/MC6843485?src_url=%2Finmuebles%2Farriendo%2Fbogota%2F%3Fsearch%3Dform,"{'title': 'Apartamento En Arriendo, CHICO Zona Urbana', 'location': 'CHICO Zona Urbana, Bogotá D.C.', 'price': '$ 10.000.000', 'area': None, 'estrato': None, 'main_specs': '3 hab. | 4 bañ. | 4 par.', 'characteristics': [{'Baño Auxiliar': 'true'}, {'Con chimenea': 'true'}, {'Citófonos': 'true'}, {'Cocina Tipo Americano': 'true'}, {'Cocina integral': 'true'}, {'Cuarto de servicio': 'true'}, {'Depósito o cuarto útil': 'true'}, {'Jacuzzi': 'true'}, {'Piso en madera': 'true'}, {'Zona de lavanderia': 'true'}, {'Control de ruido': 'true'}, {'Despensa': 'true'}, {'Detección de humo': 'true'}, {'Extractor': 'true'}, {'Horno': 'true'}, {'Luz en la mañana': 'true'}, {'Luz en la tarde': 'true'}, {'Número de piso 8': 'true'}, {'Shut de basura': 'true'}, {'Walking closet': 'true'}, {'Cerca a gimnasio': 'true'}, {'Cerca a restaurantes': 'true'}, {'Salón comunal': 'true'}, {'Sauna y/o turco': 'true'}, {'Zona para niños': 'true'}, {'Zonas verdes': 'true'}, {'Ascensor': 'true'}, {'Características del Parqueadero cubierto': 'true'}, {'Parqueadero visitantes': 'true'}, {'Con Terraza': 'true'}, {'Vigilancia': 'true'}, {'Conjunto cerrado': 'true'}, {'Recepción Lobby': 'true'}, {'Terraza Rooftop': 'true'}, {'Tipo de parqueadero propio': 'true'}, {'Cerca Parques': 'true'}, {'Cerca Transporte Público': 'true'}, {'Área Urbana': 'true'}, {'Cerca Parques': 'true'}, {'Cerca Transporte Público': 'true'}, {'Área Urbana': 'true'}]}",2026-09-11 19:14:31.569317+00:00
https://www.metrocuadrado.com/inmueble/arriendo-apartamento-bogota-conejera-4-habitaciones-5-banos-2-garajes/MC6782559?src_url=%2Finmuebles%2Farriendo%2Fbogota%2F%3Fsearch%3Dform,"{'title': 'Apartamento En Arriendo, CONEJERA Guaymaral', 'location': 'CONEJERA Guaymaral, Bogotá D.C.', 'price': '$ 6.000.000', 'area': None, 'estrato': None, 'main_specs': '4 hab. | 5 bañ. | 2 par.', 'characteristics': [{'Baño Auxiliar': 'true'}, {'Baño de Servicio': 'true'}, {'Con chimenea': 'true'}, {'Cocina integral': 'true'}, {'Cuarto de servicio': 'true'}, {'Depósito o cuarto útil': 'true'}, {'Estudio o biblioteca': 'true'}, {'Zona de lavanderia': 'true'}, {'Extractor': 'true'}, {'Horno': 'true'}, {'Lavaplatos': 'true'}, {'Luz en la mañana': 'true'}, {'Luz en la tarde': 'true'}, {'Número de piso 1': 'true'}, {'Shut de basura': 'true'}, {'Cerca a gimnasio': 'true'}, {'Cerca a Jardines y Colegios': 'true'}, {'Cancha(s) de Fútbol': 'true'}, {'Cancha(s) de Tennis': 'true'}, {'Jaula de Golf': 'true'}, {'Salón comunal': 'true'}, {'Sauna y/o turco': 'true'}, {'Zona para niños': 'true'}, {'Zonas verdes': 'true'}, {'Acceso con tarjetas o dispositivos': 'true'}, {'Ascensor': 'true'}, {'Bahias de parqueo': 'true'}, {'Características del Parqueadero cubierto': 'true'}, {'Parqueadero visitantes': 'true'}, {'Piscina': 'true'}, {'Con Terraza': 'true'}, {'Vigilancia': 'true'}, {'Conjunto cerrado': 'true'}, {'Terraza Rooftop': 'true'}, {'Tipo de parqueadero propio': 'true'}, {'Cerca Colegios / Universidades': 'true'}, {'Cerca Parques': 'true'}, {'Área Rural': 'true'}, {'Cerca Colegios / Universidades': 'true'}, {'Cerca Parques': 'true'}, {'Área Rural': 'true'}]}",2026-09-11 19:14:37.437974+00:00
https://www.metrocuadrado.com/inmueble/arriendo-apartamento-bogota-samper-1-habitaciones-2-banos-1-garajes/MC5318396?src_url=%2Finmuebles%2Farriendo%2Fbogota%2F%3Fsearch%3Dform,"{'title': 'Apartamento En Arriendo, CENTRO INTERNACIONAL BAVARIA Centro Y Zona Colonial', 'location': 'CENTRO INTERNACIONAL BAVARIA Centro Y Zona Colonial, Bogotá D.C.', 'price': '$ 3.800.000', 'area': None, 'estrato': None, 'main_specs': '1 hab. | 2 bañ. | 1 par.', 'characteristics': [{'Baño Auxiliar': 'true'}, {'Citófonos': 'true'}, {'Cocina integral': 'true'}, {'Piso en madera': 'true'}, {'Zona de lavanderia': 'true'}, {'Luz en la mañana': 'true'}, {'Luz en la tarde': 'true'}, {'Número de piso 23': 'true'}, {'Walking closet': 'true'}, {'Cerca a gimnasio': 'true'}, {'Cerca a Jardines y Colegios': 'true'}, {'Cerca a restaurantes': 'true'}, {'Cerca a tiendas de barrio': 'true'}, {'Salón comunal': 'true'}, {'Sauna y/o turco': 'true'}, {'Ascensor': 'true'}, {'Características del Parqueadero cubierto': 'true'}, {'Piscina': 'true'}, {'Con Terraza': 'true'}, {'Vigilancia': 'true'}, {'Recepción Lobby': 'true'}, {'Terraza Rooftop': 'true'}, {'Tipo de parqueadero propio': 'true'}, {'Cerca Centros Comerciales': 'true'}, {'Cerca Colegios / Universidades': 'true'}, {'Cerca Parques': 'true'}, {'Cerca Supermercados': 'true'}, {'Cerca Transporte Público': 'true'}, {'Área Urbana': 'true'}, {'Cerca Centros Comerciales': 'true'}, {'Cerca Colegios / Universidades': 'true'}, {'Cerca Parques': 'true'}, {'Cerca Supermercados': 'true'}, {'Cerca Transporte Público': 'true'}, {'Área Urbana': 'true'}]}",2026-09-11 19:14:43.377297+00:00
